,subscription_id,account_id,start_date,end_date,plan_tier,seats,mrr_amount,arr_amount,is_trial,upgrade_flag,downgrade_flag,churn_flag,billing_frequency,auto_renew_flag
0,S-8cec59,A-3c1a3f,23-12-2023,12-04-2024,Enterprise,14,2786.0,33432.0,False,False,False,True,monthly,True
1,S-0f6f44,A-9b9fe9,11-06-2024,Ongoing,Pro,17,833.0,9996.0,False,False,False,False,monthly,True
2,S-51c0d1,A-659280,25-11-2024,Ongoing,Enterprise,62,0.0,0.0,True,True,False,False,annual,False
3,S-f81687,A-e7a1e2,23-11-2024,13-12-2024,Enterprise,5,995.0,11940.0,False,False,False,True,monthly,True
4,S-cff5a2,A-ba6516,10-01-2024,Ongoing,Enterprise,27,5373.0,64476.0,False,False,False,False,monthly,True
5,S-4b9b13,A-fa2041,13-08-2024,Ongoing,Pro,15,735.0,8820.0,False,False,False,False,monthly,True
6,S-dceac6,A-417d2f,30-12-2023,Ongoing,Enterprise,4,796.0,9552.0,False,False,False,False,annual,True
7,S-8cad7b,A-5f2961,23-12-2024,Ongoing,Basic,16,304.0,3648.0,False,False,False,False,annual,True
8,S-24796e,A-cc8c8f,27-11-2024,Ongoing,Enterprise,23,4577.0,54924.0,False,False,False,False,annual,False
9,S-d0c344,A-80eeb6,27-10-2024,Ongoing,Pro,22,1078.0,12936.0,False,False,False,False,annual,False
10,S-477506,A-f03140,06-02-2024,Ongoing,Pro,27,1323.0,15876.0,False,False,False,False,annual,True
11,S-79a9e1,A-3a5ad8,25-12-2024,Ongoing,Enterprise,22,0.0,0.0,True,False,False,False,annual,True
12,S-59dc4b,A-f17767,17-09-2023,Ongoing,Pro,26,1274.0,15288.0,False,True,True,False,monthly,True
13,S-7acd8b,A-7920cc,17-07-2024,Ongoing,Basic,39,741.0,8892.0,False,False,False,False,annual,True
14,S-428e9a,A-8ae3fc,12-10-2024,Ongoing,Enterprise,88,0.0,0.0,True,False,False,False,monthly,True
15,S-486088,A-0cc442,18-09-2024,Ongoing,Pro,45,2205.0,26460.0,False,False,False,False,monthly,True
16,S-13939b,A-86902e,21-07-2023,03-08-2024,Pro,34,0.0,0.0,True,False,False,True,monthly,True
17,S-9333c5,A-ef84cf,06-06-2024,13-08-2024,Basic,8,152.0,1824.0,False,False,False,True,annual,False
18,S-37e3ad,A-b30291,25-04-2024,Ongoing,Basic,5,95.0,1140.0,False,False,False,False,monthly,True
19,S-b17d04,A-e19ff6,06-03-2024,Ongoing,Pro,8,392.0,4704.0,False,False,False,False,monthly,True
20,S-c27134,A-dec005,31-03-2024,Ongoing,Pro,21,0.0,0.0,True,False,False,False,monthly,True
21,S-3bd427,A-2e3bad,04-12-2024,27-12-2024,Basic,61,1159.0,13908.0,False,False,False,True,monthly,True
22,S-82989b,A-f5641b,30-11-2024,Ongoing,Basic,31,589.0,7068.0,False,False,False,False,monthly,True
23,S-082b15,A-aa9511,09-02-2024,Ongoing,Enterprise,97,19303.0,231636.0,False,False,False,False,annual,True
24,S-434140,A-075038,25-02-2024,Ongoing,Pro,17,833.0,9996.0,False,False,False,False,annual,True
25,S-c07ede,A-cea1f0,07-10-2024,Ongoing,Pro,8,392.0,4704.0,False,False,False,False,annual,False
26,S-287914,A-a1b80b,15-08-2024,Ongoing,Pro,16,784.0,9408.0,False,False,False,False,annual,True
27,S-b3bd43,A-b2225d,03-11-2024,Ongoing,Pro,50,2450.0,29400.0,False,False,False,False,monthly,False
28,S-4c82da,A-b9eed8,01-08-2024,Ongoing,Pro,11,539.0,6468.0,False,False,False,False,monthly,False
29,S-c75159,A-bcf87c,22-08-2024,28-09-2024,Enterprise,31,6169.0,74028.0,False,False,False,True,monthly,True
30,S-b5643b,A-9f9299,11-06-2024,Ongoing,Enterprise,28,5572.0,66864.0,False,False,False,False,annual,False
31,S-49a9aa,A-10b8f2,16-06-2023,Ongoing,Basic,51,969.0,11628.0,False,False,False,False,annual,True
32,S-2877e6,A-95b24a,28-06-2024,Ongoing,Enterprise,38,0.0,0.0,True,True,True,False,monthly,True
33,S-8c10c1,A-0651a4,25-12-2024,Ongoing,Enterprise,65,12935.0,155220.0,False,False,False,False,annual,True
34,S-d7d398,A-fb186e,28-12-2024,Ongoing,Enterprise,29,0.0,0.0,True,False,False,False,annual,True
35,S-ddad91,A-40906c,21-06-2024,Ongoing,Enterprise,92,0.0,0.0,True,False,False,False,annual,False
36,S-6762fa,A-40a557,12-02-2024,Ongoing,Enterprise,16,3184.0,38208.0,False,False,False,False,annual,True
37,S-bb1cf1,A-3a5ad8,07-09-2024,Ongoing,Enterprise,9,0.0,0.0,True,True,False,False,monthly,False
38,S-a805a5,A-2789e3,18-09-2024,Ongoing,Basic,33,627.0,7524.0,False,False,False,False,monthly,True
39,S-da0a69,A-49b828,11-05-2023,Ongoing,Pro,6,294.0,3528.0,False,False,False,False,monthly,True
40,S-59c5d7,A-c16b88,19-10-2024,Ongoing,Basic,35,665.0,7980.0,False,True,False,False,monthly,True
41,S-d3faae,A-5c9849,12-11-2024,Ongoing,Basic,19,361.0,4332.0,False,False,False,False,monthly,True
42,S-73a4e4,A-993085,09-09-2024,Ongoing,Pro,31,1519.0,18228.0,False,False,False,False,monthly,True
43,S-35c8a3,A-e4144b,22-12-2024,Ongoing,Enterprise,41,8159.0,97908.0,False,False,False,False,annual,True
44,S-99fbf7,A-7dacce,10-09-2024,Ongoing,Enterprise,12,2388.0,28656.0,False,False,False,False,annual,True
45,S-e97b9f,A-a0ca4e,16-03-2024,Ongoing,Enterprise,12,2388.0,28656.0,False,False,False,False,annual,True
46,S-763d33,A-ef84cf,25-07-2024,Ongoing,Basic,23,437.0,5244.0,False,False,True,False,annual,False
47,S-323782,A-7920cc,22-02-2024,Ongoing,Basic,39,741.0,8892.0,False,False,False,False,monthly,True
48,S-1cff18,A-2789e3,03-10-2024,Ongoing,Basic,11,209.0,2508.0,False,False,False,False,monthly,True
49,S-ad39ef,A-e40f45,25-08-2024,Ongoing,Pro,21,0.0,0.0,True,True,False,False,annual,True
50,S-bf806d,A-7c5768,21-09-2024,Ongoing,Basic,62,1178.0,14136.0,False,False,False,False,annual,True
51,S-36f6ec,A-ccb686,16-08-2024,Ongoing,Pro,21,1029.0,12348.0,False,True,False,False,monthly,True
52,S-aff55c,A-bb2f49,14-01-2024,29-12-2024,Pro,8,0.0,0.0,True,False,False,True,monthly,True
53,S-b9fc6c,A-2ebb4b,16-06-2023,Ongoing,Basic,41,779.0,9348.0,False,False,False,False,annual,True
54,S-7f8cd8,A-53f4e3,18-09-2024,17-11-2024,Enterprise,20,3980.0,47760.0,False,False,False,True,monthly,True
55,S-e912e6,A-a8d89d,12-12-2023,Ongoing,Enterprise,78,15522.0,186264.0,False,False,False,False,monthly,True
56,S-fef85a,A-7f8241,06-08-2024,Ongoing,Pro,34,1666.0,19992.0,False,False,False,False,annual,True
57,S-36d5c9,A-54ecc2,16-09-2023,Ongoing,Enterprise,11,2189.0,26268.0,False,False,False,False,monthly,True
58,S-b9ff15,A-95b24a,08-01-2024,Ongoing,Enterprise,43,8557.0,102684.0,False,False,False,False,annual,False
59,S-10bd09,A-bbc346,03-09-2024,Ongoing,Basic,50,950.0,11400.0,False,False,False,False,annual,True
60,S-12bfc8,A-31ab9a,06-12-2024,Ongoing,Enterprise,29,5771.0,69252.0,False,False,False,False,monthly,False
61,S-f5c472,A-faa28c,09-07-2024,Ongoing,Basic,48,912.0,10944.0,False,False,False,False,monthly,True
62,S-dbc1ca,A-8adedc,24-04-2024,Ongoing,Enterprise,14,2786.0,33432.0,False,False,False,False,annual,True
63,S-dc6dfd,A-e08cd3,30-09-2024,Ongoing,Pro,67,3283.0,39396.0,False,False,False,False,monthly,True
64,S-b2d472,A-bcf87c,27-08-2024,11-12-2024,Enterprise,10,1990.0,23880.0,False,False,False,True,annual,False
65,S-9dfce0,A-e6afc1,30-08-2024,Ongoing,Pro,2,98.0,1176.0,False,False,False,False,annual,True
66,S-9cb6a7,A-7f29a7,21-12-2024,Ongoing,Basic,41,779.0,9348.0,False,False,False,False,monthly,True
67,S-dabcd2,A-3ce5b8,22-09-2024,Ongoing,Pro,28,0.0,0.0,True,False,False,False,monthly,True
68,S-8c3cc8,A-b2225d,17-10-2024,Ongoing,Basic,47,0.0,0.0,True,False,False,False,monthly,True
69,S-2923fc,A-fa3095,08-07-2024,Ongoing,Enterprise,70,13930.0,167160.0,False,False,False,False,annual,True
70,S-f0a2e5,A-55f257,05-06-2024,Ongoing,Basic,23,0.0,0.0,True,False,False,False,annual,True
71,S-025bea,A-9affe6,25-06-2024,Ongoing,Pro,17,833.0,9996.0,False,True,False,False,monthly,True
72,S-0e499f,A-296d7c,17-08-2024,Ongoing,Pro,16,784.0,9408.0,False,False,False,False,annual,False
73,S-0267b7,A-65a46c,17-10-2024,04-12-2024,Enterprise,13,0.0,0.0,True,False,False,True,monthly,True
74,S-b5b9a5,A-812c5b,25-07-2024,Ongoing,Basic,55,1045.0,12540.0,False,False,False,False,monthly,True
75,S-8e45ba,A-7f8241,13-12-2023,Ongoing,Basic,34,646.0,7752.0,False,False,False,False,annual,False
76,S-37ed34,A-d4ac0e,07-07-2024,Ongoing,Enterprise,20,3980.0,47760.0,False,False,False,False,annual,True
77,S-65dbf3,A-17939a,28-12-2024,Ongoing,Basic,36,684.0,8208.0,False,False,False,False,monthly,True
78,S-ce5450,A-0a282f,25-12-2024,28-12-2024,Pro,8,0.0,0.0,True,False,False,True,annual,True
79,S-6c969d,A-855a48,08-05-2024,Ongoing,Basic,14,266.0,3192.0,False,False,False,False,monthly,False
80,S-522aef,A-f3ff05,22-08-2024,Ongoing,Pro,4,196.0,2352.0,False,False,False,False,annual,True
81,S-82db05,A-417d2f,09-12-2024,Ongoing,Pro,26,1274.0,15288.0,False,False,False,False,monthly,True
82,S-162596,A-462d45,29-02-2024,Ongoing,Pro,18,0.0,0.0,True,False,False,False,monthly,True
83,S-f703bd,A-202b67,04-09-2024,Ongoing,Pro,11,539.0,6468.0,False,False,False,False,monthly,True
84,S-a1d6ad,A-eafc6e,01-09-2024,Ongoing,Pro,27,1323.0,15876.0,False,False,False,False,monthly,True
85,S-8b1fc1,A-309e54,26-12-2024,Ongoing,Basic,15,0.0,0.0,True,False,False,False,monthly,True
86,S-09cdac,A-82861f,31-07-2024,04-09-2024,Basic,41,779.0,9348.0,False,False,False,True,annual,True
87,S-fa5301,A-ba6516,14-03-2024,Ongoing,Pro,55,0.0,0.0,True,False,False,False,monthly,False
88,S-69937b,A-08e34e,08-08-2024,Ongoing,Pro,14,686.0,8232.0,False,False,False,False,annual,False
89,S-f2537d,A-e43bf7,24-01-2024,Ongoing,Pro,44,2156.0,25872.0,False,False,False,False,monthly,True
90,S-27f7b2,A-a1b80b,03-04-2024,Ongoing,Basic,38,722.0,8664.0,False,False,False,False,annual,True
91,S-9c2b8e,A-443f6f,26-12-2024,Ongoing,Basic,19,361.0,4332.0,False,True,False,False,annual,True
92,S-a4f26d,A-32728c,21-05-2023,Ongoing,Pro,20,980.0,11760.0,False,False,False,False,monthly,True
93,S-0cb6ed,A-ac85cd,09-11-2024,18-12-2024,Pro,53,2597.0,31164.0,False,False,False,True,annual,True
94,S-367dee,A-e19ff6,29-06-2024,Ongoing,Pro,1,49.0,588.0,False,False,False,False,annual,True
95,S-3b9ad8,A-6e08f3,24-12-2024,Ongoing,Enterprise,28,5572.0,66864.0,False,False,False,False,monthly,False
96,S-c9f8c1,A-544d0a,23-07-2024,Ongoing,Enterprise,5,995.0,11940.0,False,False,True,False,monthly,True
97,S-57cd05,A-8b0451,26-10-2024,Ongoing,Basic,41,779.0,9348.0,False,False,False,False,annual,True
98,S-e505c1,A-8ae3fc,17-09-2024,Ongoing,Pro,34,1666.0,19992.0,False,False,False,False,annual,True
99,S-121b4d,A-8ae3fc,22-11-2024,Ongoing,Basic,9,171.0,2052.0,False,False,False,False,annual,True
100,S-72b4f2,A-4437e4,06-02-2024,Ongoing,Pro,49,2401.0,28812.0,False,False,False,False,annual,True
101,S-c9b0cc,A-4d1e75,11-10-2024,Ongoing,Enterprise,38,7562.0,90744.0,False,False,False,False,monthly,True
102,S-27c993,A-098560,17-11-2024,Ongoing,Enterprise,4,796.0,9552.0,False,False,False,False,monthly,True
103,S-8b9889,A-ac9111,18-08-2024,Ongoing,Pro,21,1029.0,12348.0,False,False,False,False,monthly,True
104,S-2214c6,A-3c1a3f,07-10-2024,Ongoing,Pro,82,4018.0,48216.0,False,False,False,False,monthly,True
105,S-ce695e,A-cb6cc6,25-05-2024,Ongoing,Enterprise,13,0.0,0.0,True,False,False,False,annual,False
106,S-066d80,A-9b9fe9,17-08-2024,Ongoing,Pro,5,245.0,2940.0,False,False,False,False,monthly,True
107,S-228457,A-029f69,24-05-2024,Ongoing,Enterprise,24,4776.0,57312.0,False,False,False,False,annual,True
108,S-e50612,A-c7e58b,15-07-2024,Ongoing,Basic,13,247.0,2964.0,False,False,False,False,annual,False
109,S-64fba3,A-00bed1,16-07-2024,Ongoing,Enterprise,28,5572.0,66864.0,False,False,False,False,annual,True
110,S-2372d2,A-cea1f0,22-12-2024,Ongoing,Enterprise,21,4179.0,50148.0,False,False,False,False,annual,False
111,S-2661dc,A-c37cab,07-08-2024,Ongoing,Pro,20,0.0,0.0,True,False,False,False,monthly,True
112,S-427275,A-4c38bc,14-07-2024,Ongoing,Enterprise,36,7164.0,85968.0,False,False,False,False,annual,True
113,S-628729,A-157070,05-10-2024,Ongoing,Enterprise,23,4577.0,54924.0,False,False,True,False,monthly,True
114,S-e260ff,A-bcf87c,09-12-2024,Ongoing,Enterprise,21,4179.0,50148.0,False,False,False,False,annual,True
115,S-89c03a,A-8ae3fc,20-09-2024,Ongoing,Pro,9,441.0,5292.0,False,False,False,False,monthly,True
116,S-86455a,A-1b9609,01-12-2023,Ongoing,Pro,12,588.0,7056.0,False,False,False,False,monthly,True
117,S-3660bb,A-474ad4,14-12-2024,Ongoing,Enterprise,10,0.0,0.0,True,False,False,False,monthly,False
118,S-6bf7d7,A-9bfc9f,23-03-2024,Ongoing,Pro,53,2597.0,31164.0,False,False,True,False,annual,False
119,S-feccd8,A-812c5b,22-12-2024,Ongoing,Enterprise,55,10945.0,131340.0,False,False,False,False,monthly,True
120,S-0e4b0c,A-39b19f,28-02-2023,15-06-2023,Pro,24,1176.0,14112.0,False,False,True,True,annual,True
121,S-0e0578,A-de58ca,09-07-2023,Ongoing,Basic,15,285.0,3420.0,False,False,False,False,monthly,True
122,S-74538d,A-e60f9d,13-11-2024,Ongoing,Pro,46,2254.0,27048.0,False,False,False,False,annual,True
123,S-c2a6cb,A-9affe6,19-10-2023,Ongoing,Enterprise,7,1393.0,16716.0,False,True,False,False,annual,False
124,S-1bd2ec,A-e60f9d,25-12-2024,28-12-2024,Basic,38,722.0,8664.0,False,False,False,True,annual,True
125,S-3cc352,A-d27f50,06-08-2024,Ongoing,Pro,44,2156.0,25872.0,False,False,False,False,monthly,True
126,S-124207,A-fdfc91,31-08-2023,Ongoing,Basic,29,551.0,6612.0,False,False,False,False,annual,True
127,S-76e7d9,A-712f1c,09-02-2024,Ongoing,Enterprise,44,8756.0,105072.0,False,False,False,False,monthly,True
128,S-44f453,A-19b2c8,10-02-2024,Ongoing,Enterprise,20,3980.0,47760.0,False,False,False,False,monthly,True
129,S-03a97f,A-f51f16,15-03-2024,Ongoing,Pro,60,2940.0,35280.0,False,False,False,False,annual,True
130,S-80c01c,A-d3c88e,16-12-2024,Ongoing,Basic,16,304.0,3648.0,False,True,False,False,annual,True
131,S-666181,A-eb1312,09-10-2024,Ongoing,Basic,71,1349.0,16188.0,False,False,False,False,annual,True
132,S-401496,A-68f37c,13-08-2023,22-06-2024,Enterprise,4,796.0,9552.0,False,True,False,True,monthly,True
133,S-ca0c98,A-fda07f,28-11-2024,Ongoing,Pro,7,343.0,4116.0,False,False,False,False,monthly,True
134,S-017e33,A-f9cc74,08-11-2024,25-11-2024,Basic,53,1007.0,12084.0,False,False,False,True,monthly,True
135,S-183073,A-e7a1e2,19-07-2024,Ongoing,Enterprise,14,2786.0,33432.0,False,False,False,False,monthly,True
136,S-22f503,A-7a0d69,06-09-2024,Ongoing,Basic,6,114.0,1368.0,False,False,False,False,annual,True
137,S-7de1b7,A-4d1e75,27-10-2024,Ongoing,Enterprise,20,3980.0,47760.0,False,False,False,False,annual,True
138,S-c7f564,A-902ef7,23-11-2024,Ongoing,Pro,83,0.0,0.0,True,True,False,False,annual,True
139,S-ceffe9,A-89ee83,23-11-2024,Ongoing,Enterprise,2,398.0,4776.0,False,False,False,False,monthly,True
140,S-9b2c95,A-e60f9d,24-11-2024,05-12-2024,Pro,29,0.0,0.0,True,False,False,True,annual,True
141,S-cf6ec1,A-d77f4c,04-08-2024,Ongoing,Enterprise,22,4378.0,52536.0,False,True,False,False,monthly,False
142,S-a44d72,A-b30291,12-06-2024,Ongoing,Pro,18,882.0,10584.0,False,False,False,False,monthly,True
143,S-0b0ffa,A-180abf,17-01-2024,19-04-2024,Basic,64,0.0,0.0,True,False,False,True,annual,True
144,S-02af5d,A-d82ef9,07-08-2024,Ongoing,Enterprise,26,0.0,0.0,True,False,False,False,annual,True
145,S-d07c53,A-249769,24-09-2024,Ongoing,Basic,21,399.0,4788.0,False,False,False,False,annual,True
146,S-c67b80,A-eb2fdc,24-02-2024,Ongoing,Pro,31,1519.0,18228.0,False,False,False,False,monthly,False
147,S-5d68fb,A-5f2961,02-12-2024,Ongoing,Pro,49,2401.0,28812.0,False,False,False,False,annual,True
148,S-fc9cc3,A-9b9fe9,01-01-2024,Ongoing,Pro,24,1176.0,14112.0,False,False,False,False,annual,True
149,S-17f71d,A-e40f45,15-05-2024,Ongoing,Pro,44,2156.0,25872.0,False,True,False,False,monthly,True
150,S-5895f0,A-bcf664,05-10-2023,Ongoing,Basic,8,0.0,0.0,True,False,False,False,annual,True
151,S-b042d9,A-0e966d,15-11-2024,Ongoing,Enterprise,11,2189.0,26268.0,False,False,False,False,annual,True
152,S-ffd1ee,A-f03140,06-11-2024,Ongoing,Pro,27,0.0,0.0,True,False,False,False,annual,True
153,S-9c4bcd,A-a7bd4b,14-05-2024,Ongoing,Pro,5,245.0,2940.0,False,True,False,False,monthly,True
154,S-4f91d0,A-7f8241,12-10-2024,Ongoing,Basic,34,646.0,7752.0,False,False,False,False,monthly,False
155,S-672f1b,A-eafc6e,08-08-2023,Ongoing,Pro,27,1323.0,15876.0,False,False,False,False,monthly,True
156,S-101201,A-d49cc5,13-02-2024,Ongoing,Basic,50,950.0,11400.0,False,False,False,False,annual,True
157,S-eea643,A-54ecc2,30-10-2024,Ongoing,Enterprise,28,5572.0,66864.0,False,False,False,False,monthly,True
158,S-5f9a67,A-6da850,04-12-2023,Ongoing,Pro,5,245.0,2940.0,False,False,False,False,annual,True
159,S-327e7c,A-4e960a,07-02-2024,Ongoing,Enterprise,17,0.0,0.0,True,False,False,False,annual,True
160,S-d97c5f,A-533452,25-11-2024,Ongoing,Pro,101,4949.0,59388.0,False,False,False,False,monthly,True
161,S-029c20,A-f44180,13-12-2024,Ongoing,Basic,10,0.0,0.0,True,False,False,False,annual,False
162,S-a74462,A-7c83a1,14-05-2024,Ongoing,Pro,48,2352.0,28224.0,False,False,False,False,annual,True
163,S-02ec76,A-e60f9d,17-09-2024,Ongoing,Pro,29,1421.0,17052.0,False,False,False,False,monthly,True
164,S-d1c9e3,A-075038,09-01-2024,Ongoing,Basic,17,323.0,3876.0,False,False,False,False,annual,True
165,S-51d8db,A-cc1d8d,30-12-2024,Ongoing,Enterprise,6,1194.0,14328.0,False,False,False,False,annual,True
166,S-c3c85e,A-271f46,31-10-2024,Ongoing,Basic,38,722.0,8664.0,False,False,False,False,monthly,True
167,S-44a646,A-1e1b80,26-12-2023,Ongoing,Basic,50,950.0,11400.0,False,False,False,False,annual,True
168,S-431c03,A-e4bf56,02-12-2024,19-12-2024,Enterprise,37,7363.0,88356.0,False,False,False,True,monthly,True
169,S-4f0027,A-ff79f2,31-12-2024,31-12-2024,Enterprise,19,3781.0,45372.0,False,False,False,True,annual,True
170,S-6c9ee1,A-6da850,20-02-2024,Ongoing,Enterprise,23,0.0,0.0,True,False,False,False,monthly,True
171,S-396a84,A-5b4ebb,23-10-2024,27-11-2024,Basic,21,399.0,4788.0,False,False,False,True,monthly,False
172,S-6bea24,A-3f9cc0,06-07-2024,Ongoing,Basic,22,0.0,0.0,True,False,False,False,monthly,True
173,S-259804,A-d4ac0e,01-10-2024,Ongoing,Basic,28,532.0,6384.0,False,False,False,False,annual,True
174,S-33e40e,A-86cdb4,10-10-2024,29-12-2024,Enterprise,2,398.0,4776.0,False,False,False,True,annual,True
175,S-fbd522,A-310452,28-12-2024,Ongoing,Pro,9,0.0,0.0,True,False,False,False,annual,False
176,S-bbafad,A-854864,27-12-2024,30-12-2024,Basic,20,380.0,4560.0,False,False,False,True,annual,True
177,S-3edc14,A-d82ef9,04-10-2024,Ongoing,Pro,26,0.0,0.0,True,False,False,False,annual,True
178,S-11e29d,A-71615e,13-10-2024,Ongoing,Basic,32,608.0,7296.0,False,False,False,False,monthly,True
179,S-1feff8,A-5fe118,06-12-2024,Ongoing,Enterprise,39,7761.0,93132.0,False,False,False,False,annual,True
180,S-61e86c,A-39ddf4,07-12-2024,Ongoing,Enterprise,40,7960.0,95520.0,False,False,False,False,annual,True
181,S-af41f0,A-e83938,27-06-2024,Ongoing,Basic,2,38.0,456.0,False,False,False,False,annual,False
182,S-65ae02,A-671f31,14-12-2024,Ongoing,Pro,59,2891.0,34692.0,False,False,False,False,annual,True
183,S-f7fccd,A-443b7c,18-11-2024,Ongoing,Basic,6,0.0,0.0,True,True,False,False,annual,True
184,S-7904d3,A-d4e0d4,30-11-2024,03-12-2024,Enterprise,117,23283.0,279396.0,False,False,False,True,monthly,True
185,S-48a54e,A-b2225d,29-10-2024,Ongoing,Basic,47,0.0,0.0,True,False,False,False,monthly,True
186,S-4a08bd,A-e08cd3,11-10-2024,Ongoing,Pro,67,3283.0,39396.0,False,False,False,False,annual,False
187,S-faa8ec,A-2e4581,09-12-2024,Ongoing,Basic,11,209.0,2508.0,False,False,False,False,monthly,True
188,S-8db104,A-4a267b,18-10-2024,Ongoing,Pro,25,1225.0,14700.0,False,False,True,False,monthly,True
189,S-3c0121,A-7c83a1,30-12-2024,Ongoing,Pro,24,1176.0,14112.0,False,False,False,False,monthly,True
190,S-13ca37,A-6843f2,21-12-2024,Ongoing,Pro,21,0.0,0.0,True,False,True,False,monthly,True
191,S-163e64,A-dfbd31,08-11-2024,Ongoing,Enterprise,62,12338.0,148056.0,False,False,False,False,monthly,True
192,S-4d1ba6,A-00cac8,04-04-2024,Ongoing,Enterprise,9,0.0,0.0,True,False,False,False,annual,False
193,S-e98d6b,A-309e54,31-12-2024,Ongoing,Basic,15,285.0,3420.0,False,False,False,False,annual,True
194,S-041624,A-6843f2,12-12-2024,Ongoing,Enterprise,21,4179.0,50148.0,False,False,False,False,monthly,True
195,S-b78829,A-2e4581,12-11-2024,Ongoing,Pro,20,980.0,11760.0,False,False,False,False,monthly,True
196,S-ca1c21,A-f92792,02-12-2024,Ongoing,Basic,9,0.0,0.0,True,False,False,False,annual,False
197,S-e1de58,A-ce550d,28-10-2024,Ongoing,Enterprise,35,6965.0,83580.0,False,True,False,False,annual,True
198,S-721fea,A-f6b2fb,23-05-2024,Ongoing,Pro,23,1127.0,13524.0,False,False,True,False,monthly,True
199,S-eaac58,A-ff3c73,08-04-2023,Ongoing,Basic,66,1254.0,15048.0,False,False,False,False,annual,True
200,S-1218fd,A-2d4502,02-11-2024,Ongoing,Basic,14,266.0,3192.0,False,True,False,False,monthly,False
201,S-936732,A-2f6a32,28-11-2024,06-12-2024,Pro,19,931.0,11172.0,False,False,False,True,annual,True
202,S-c2f293,A-69b156,10-12-2024,30-12-2024,Basic,8,152.0,1824.0,False,False,False,True,monthly,False
203,S-fe3b71,A-44dc83,24-09-2024,Ongoing,Enterprise,37,0.0,0.0,True,False,False,False,monthly,True
204,S-f5f5b3,A-89ee83,26-12-2024,29-12-2024,Basic,10,190.0,2280.0,False,False,False,True,annual,True
205,S-4afb53,A-40de06,12-12-2023,29-12-2024,Enterprise,28,5572.0,66864.0,False,False,False,True,monthly,True
206,S-851bbe,A-d77f4c,22-04-2024,Ongoing,Enterprise,94,18706.0,224472.0,False,True,False,False,annual,True
207,S-dab0d5,A-cc1d8d,14-12-2024,Ongoing,Basic,5,0.0,0.0,True,False,False,False,monthly,True
208,S-9aa190,A-9b9fe9,17-10-2024,Ongoing,Basic,33,627.0,7524.0,False,False,False,False,annual,True
209,S-f89d8c,A-88c6ca,18-12-2024,Ongoing,Pro,49,2401.0,28812.0,False,False,False,False,monthly,True
210,S-766a62,A-1ac5e0,24-11-2024,Ongoing,Enterprise,33,0.0,0.0,True,False,False,False,monthly,False
211,S-10134d,A-52dd88,09-09-2024,Ongoing,Enterprise,23,4577.0,54924.0,False,False,False,False,annual,True
212,S-85de7a,A-940b8b,01-04-2024,Ongoing,Enterprise,32,6368.0,76416.0,False,False,True,False,annual,True
213,S-85796b,A-f19409,27-08-2024,31-10-2024,Enterprise,23,4577.0,54924.0,False,False,False,True,monthly,True
214,S-c97464,A-f5641b,16-10-2024,Ongoing,Pro,38,1862.0,22344.0,False,False,False,False,monthly,False
215,S-6732ff,A-9affe6,22-11-2023,Ongoing,Pro,24,1176.0,14112.0,False,False,False,False,annual,True
216,S-aa20eb,A-6f8ad2,08-09-2024,Ongoing,Pro,1,49.0,588.0,False,False,False,False,monthly,False
217,S-b6aabe,A-902ef7,25-12-2024,Ongoing,Basic,83,1577.0,18924.0,False,False,False,False,annual,True
218,S-0ff339,A-6dee43,21-01-2024,Ongoing,Basic,12,228.0,2736.0,False,False,False,False,annual,True
219,S-4d664d,A-cc1d8d,26-12-2024,Ongoing,Pro,16,784.0,9408.0,False,True,True,False,annual,True
220,S-8deb5f,A-533452,25-12-2024,Ongoing,Basic,52,988.0,11856.0,False,False,False,False,annual,False
221,S-e2d4e9,A-18793f,30-12-2024,Ongoing,Basic,148,0.0,0.0,True,True,False,False,monthly,True
222,S-d8441d,A-8adedc,16-03-2024,Ongoing,Basic,4,76.0,912.0,False,False,False,False,annual,True
223,S-6d356a,A-425e76,26-06-2023,Ongoing,Basic,28,532.0,6384.0,False,False,False,False,annual,False
224,S-c005ac,A-92a3af,18-09-2024,Ongoing,Enterprise,25,4975.0,59700.0,False,False,False,False,annual,True
225,S-d0913e,A-eb2fdc,14-11-2024,Ongoing,Pro,31,1519.0,18228.0,False,False,False,False,monthly,True
226,S-4bef15,A-600734,14-08-2024,22-09-2024,Enterprise,29,0.0,0.0,True,False,False,True,annual,True
227,S-2573e4,A-7f8241,25-01-2024,Ongoing,Basic,60,1140.0,13680.0,False,False,False,False,monthly,True
228,S-80c291,A-712533,06-01-2024,Ongoing,Enterprise,18,3582.0,42984.0,False,False,False,False,annual,True
229,S-64acb8,A-3be56b,21-08-2024,Ongoing,Enterprise,30,5970.0,71640.0,False,False,False,False,monthly,True
230,S-13a948,A-d5a319,24-07-2024,Ongoing,Enterprise,15,2985.0,35820.0,False,True,False,False,monthly,False
231,S-081b81,A-b20d99,30-01-2024,Ongoing,Basic,20,380.0,4560.0,False,False,False,False,annual,True
232,S-68c537,A-9ee962,06-06-2024,Ongoing,Enterprise,29,5771.0,69252.0,False,False,False,False,monthly,True
233,S-3f82bc,A-d5a319,30-10-2023,Ongoing,Basic,15,0.0,0.0,True,False,True,False,monthly,True
234,S-fe6311,A-5c9849,11-11-2024,Ongoing,Enterprise,19,0.0,0.0,True,False,False,False,monthly,True
235,S-b3c4b8,A-c43359,17-12-2024,Ongoing,Pro,38,0.0,0.0,True,False,False,False,annual,True
236,S-8923b3,A-157070,17-05-2024,Ongoing,Basic,27,513.0,6156.0,False,False,False,False,annual,True
237,S-2410c6,A-5247b3,11-05-2024,Ongoing,Basic,33,627.0,7524.0,False,False,False,False,annual,False
238,S-7a06fe,A-5a92e7,28-09-2024,Ongoing,Pro,28,1372.0,16464.0,False,False,False,False,monthly,True
239,S-ceaca8,A-96e141,10-08-2024,Ongoing,Enterprise,24,4776.0,57312.0,False,False,False,False,monthly,True
240,S-02c3e7,A-7c4956,14-08-2024,Ongoing,Enterprise,6,1194.0,14328.0,False,False,False,False,annual,True
241,S-3a1a06,A-eb7fac,09-07-2024,Ongoing,Enterprise,14,2786.0,33432.0,False,False,False,False,monthly,True
242,S-7f5d03,A-22d9d2,10-06-2024,Ongoing,Pro,25,1225.0,14700.0,False,False,False,False,monthly,False
243,S-c10f0c,A-0f7d77,11-11-2024,Ongoing,Basic,6,114.0,1368.0,False,False,False,False,monthly,False
244,S-cdd00a,A-4e44e8,23-08-2024,Ongoing,Basic,38,722.0,8664.0,False,False,False,False,monthly,True
245,S-d57a67,A-2446e3,14-07-2024,Ongoing,Pro,27,1323.0,15876.0,False,False,False,False,monthly,True
246,S-f75ac4,A-faa28c,17-02-2024,Ongoing,Enterprise,48,0.0,0.0,True,False,False,False,annual,True
247,S-76c59f,A-0aaf6e,01-08-2024,Ongoing,Basic,24,456.0,5472.0,False,False,False,False,annual,True
248,S-0a15fa,A-bb1eaa,12-12-2024,Ongoing,Pro,25,1225.0,14700.0,False,False,False,False,annual,True
249,S-d0f5fb,A-39868b,25-04-2024,Ongoing,Enterprise,9,1791.0,21492.0,False,False,False,False,annual,False
250,S-ffb6cc,A-94d3da,28-09-2024,Ongoing,Enterprise,41,8159.0,97908.0,False,False,False,False,monthly,False
251,S-1b8300,A-faa28c,23-05-2024,Ongoing,Enterprise,48,0.0,0.0,True,True,False,False,monthly,True
252,S-88de1c,A-18793f,24-12-2024,Ongoing,Basic,148,2812.0,33744.0,False,False,False,False,annual,True
253,S-a88ffd,A-cc102e,06-09-2024,Ongoing,Pro,13,637.0,7644.0,False,False,False,False,annual,True
254,S-f12a54,A-f3ff05,24-11-2024,Ongoing,Pro,2,98.0,1176.0,False,False,False,False,monthly,True
255,S-f9b284,A-22d9d2,02-07-2024,Ongoing,Pro,8,392.0,4704.0,False,False,False,False,annual,True
256,S-61e53d,A-d42431,15-11-2024,14-12-2024,Basic,22,418.0,5016.0,False,False,False,True,annual,False
257,S-4c5456,A-149a69,19-12-2024,Ongoing,Basic,34,646.0,7752.0,False,False,False,False,monthly,True
258,S-b15cde,A-ee42db,01-05-2023,Ongoing,Pro,13,637.0,7644.0,False,False,False,False,monthly,True
259,S-9e6a18,A-7d514c,06-11-2024,Ongoing,Pro,21,1029.0,12348.0,False,True,False,False,monthly,False
260,S-0b2ac3,A-d792a6,01-01-2024,Ongoing,Basic,7,0.0,0.0,True,False,False,False,annual,True
261,S-cb8a5c,A-1e6fc3,17-12-2024,Ongoing,Enterprise,1,199.0,2388.0,False,False,False,False,annual,True
262,S-8b52b5,A-c1dfe1,04-03-2024,Ongoing,Enterprise,26,5174.0,62088.0,False,False,False,False,monthly,True
263,S-79b2bc,A-249769,28-08-2024,Ongoing,Basic,4,76.0,912.0,False,False,False,False,monthly,True
264,S-4fd9ba,A-d4ac0e,10-09-2024,Ongoing,Basic,24,456.0,5472.0,False,True,False,False,monthly,True
265,S-163e9d,A-ccabf0,03-03-2024,Ongoing,Enterprise,11,2189.0,26268.0,False,False,False,False,annual,True
266,S-8324d4,A-5a215a,13-07-2024,03-08-2024,Pro,87,0.0,0.0,True,False,False,True,monthly,True
267,S-22f848,A-993085,15-10-2023,Ongoing,Enterprise,49,9751.0,117012.0,False,False,False,False,annual,True
268,S-b32512,A-854864,25-12-2024,Ongoing,Enterprise,20,3980.0,47760.0,False,False,False,False,monthly,True
269,S-98ac99,A-8ed5dd,09-11-2023,Ongoing,Basic,5,95.0,1140.0,False,True,False,False,annual,True
270,S-93fab3,A-9f9299,10-11-2024,31-12-2024,Pro,28,1372.0,16464.0,False,False,False,True,annual,True
271,S-838330,A-5a215a,20-06-2024,Ongoing,Pro,87,0.0,0.0,True,False,False,False,annual,False
272,S-720d62,A-c16101,05-10-2024,Ongoing,Basic,53,1007.0,12084.0,False,False,False,False,monthly,True
273,S-e2500e,A-5b4ebb,06-12-2024,Ongoing,Basic,21,0.0,0.0,True,False,False,False,monthly,True
274,S-2c091a,A-32728c,20-06-2023,Ongoing,Pro,20,980.0,11760.0,False,False,False,False,annual,True
275,S-55d53c,A-2f6a32,08-12-2024,Ongoing,Basic,19,361.0,4332.0,False,False,False,False,annual,True
276,S-df2fb8,A-0e966d,17-08-2024,Ongoing,Pro,55,0.0,0.0,True,False,False,False,annual,True
277,S-24ae40,A-328bd0,11-02-2024,28-03-2024,Basic,18,342.0,4104.0,False,False,False,True,monthly,True
278,S-bdd4c5,A-5a92e7,03-12-2024,Ongoing,Pro,28,1372.0,16464.0,False,False,False,False,monthly,True
279,S-2196c4,A-425e76,16-04-2024,Ongoing,Basic,8,152.0,1824.0,False,False,False,False,monthly,True
280,S-9626f8,A-d4ac0e,25-08-2024,Ongoing,Pro,18,882.0,10584.0,False,False,False,False,annual,True
281,S-03340d,A-4ef964,01-04-2024,Ongoing,Enterprise,17,3383.0,40596.0,False,False,False,False,annual,False
282,S-ae1882,A-9f9299,25-10-2024,Ongoing,Basic,61,1159.0,13908.0,False,False,False,False,monthly,False
283,S-1cdd2c,A-ac9111,06-03-2024,Ongoing,Pro,21,1029.0,12348.0,False,False,False,False,monthly,False
284,S-6b7aa4,A-c37601,29-11-2024,Ongoing,Basic,22,418.0,5016.0,False,False,False,False,monthly,True
285,S-dfe952,A-e351e1,27-09-2024,Ongoing,Basic,33,627.0,7524.0,False,False,False,False,monthly,True
286,S-763384,A-526d93,24-07-2024,Ongoing,Pro,43,0.0,0.0,True,False,False,False,annual,True
287,S-3e6a40,A-94c3cd,07-08-2024,Ongoing,Enterprise,32,0.0,0.0,True,False,False,False,monthly,True
288,S-5fffe8,A-4e631b,26-07-2024,Ongoing,Basic,22,418.0,5016.0,False,False,False,False,monthly,True
289,S-e51242,A-8145a0,13-11-2023,Ongoing,Enterprise,9,1791.0,21492.0,False,False,False,False,annual,True
290,S-ae3270,A-fdfc91,14-09-2023,Ongoing,Basic,29,551.0,6612.0,False,False,False,False,annual,True
291,S-808668,A-e351e1,01-10-2024,Ongoing,Pro,33,1617.0,19404.0,False,False,False,False,monthly,True
292,S-388f70,A-40a557,21-09-2024,Ongoing,Pro,18,0.0,0.0,True,False,False,False,annual,True
293,S-b84a07,A-7c4956,05-06-2023,Ongoing,Pro,9,441.0,5292.0,False,False,False,False,annual,True
294,S-a24476,A-91e948,26-01-2024,Ongoing,Basic,41,0.0,0.0,True,False,False,False,monthly,True
295,S-ff78bf,A-50f3f7,13-05-2024,Ongoing,Pro,31,0.0,0.0,True,False,False,False,monthly,False
296,S-695c1e,A-ce66f8,02-07-2024,Ongoing,Enterprise,37,7363.0,88356.0,False,False,False,False,monthly,True
297,S-f97609,A-712f1c,15-05-2024,Ongoing,Pro,38,1862.0,22344.0,False,True,False,False,annual,False
298,S-fee60b,A-4a267b,22-09-2024,29-09-2024,Pro,46,2254.0,27048.0,False,False,False,True,monthly,True
299,S-3cc163,A-df10db,02-07-2024,Ongoing,Basic,68,0.0,0.0,True,True,False,False,annual,False
300,S-534c28,A-e888d1,16-09-2024,Ongoing,Basic,14,266.0,3192.0,False,False,False,False,monthly,True
301,S-e1d553,A-692f18,27-09-2024,Ongoing,Pro,9,0.0,0.0,True,False,False,False,annual,True
302,S-358daa,A-39b19f,04-09-2024,Ongoing,Enterprise,24,0.0,0.0,True,False,False,False,annual,True
303,S-ff2761,A-0cc442,25-09-2024,Ongoing,Basic,45,855.0,10260.0,False,True,False,False,monthly,True
304,S-b6d200,A-d27f50,19-12-2024,Ongoing,Basic,44,836.0,10032.0,False,False,False,False,monthly,True
305,S-518472,A-e7beab,08-12-2024,Ongoing,Pro,19,931.0,11172.0,False,False,False,False,monthly,True
306,S-682d28,A-fdfc91,31-08-2024,Ongoing,Enterprise,47,9353.0,112236.0,False,False,False,False,annual,True
307,S-0a2238,A-c7ffc2,16-09-2024,Ongoing,Basic,30,570.0,6840.0,False,False,False,False,monthly,True
308,S-6e4c1a,A-94f8c9,02-08-2024,Ongoing,Enterprise,13,2587.0,31044.0,False,False,False,False,monthly,True
309,S-7564e1,A-313be3,14-08-2024,Ongoing,Enterprise,47,0.0,0.0,True,False,False,False,monthly,True
310,S-41023c,A-49b828,15-12-2023,Ongoing,Enterprise,31,6169.0,74028.0,False,False,False,False,annual,True
311,S-6e0006,A-5b051a,18-09-2024,Ongoing,Basic,22,418.0,5016.0,False,False,False,False,monthly,True
312,S-7e1791,A-a6d261,09-05-2024,Ongoing,Enterprise,9,1791.0,21492.0,False,False,False,False,annual,True
313,S-1109d6,A-a2485e,11-08-2024,Ongoing,Enterprise,3,597.0,7164.0,False,False,True,False,annual,True
314,S-b35203,A-ac85cd,23-12-2024,Ongoing,Enterprise,53,10547.0,126564.0,False,False,True,False,monthly,True
315,S-ef4ad8,A-bcf87c,14-08-2024,Ongoing,Pro,10,490.0,5880.0,False,False,False,False,annual,False
316,S-2dad6b,A-104f1a,20-12-2024,Ongoing,Basic,34,646.0,7752.0,False,False,False,False,monthly,True
317,S-4c100f,A-eb7fac,24-02-2024,Ongoing,Enterprise,136,27064.0,324768.0,False,False,False,False,monthly,False
318,S-17cfc4,A-592832,01-12-2024,Ongoing,Pro,18,0.0,0.0,True,False,True,False,monthly,True
319,S-c317f9,A-86902e,24-11-2023,Ongoing,Basic,34,646.0,7752.0,False,False,False,False,annual,True
320,S-3311b1,A-7cfe77,24-08-2024,Ongoing,Pro,69,3381.0,40572.0,False,True,False,False,monthly,True
321,S-26e8f0,A-d40bf7,17-11-2024,Ongoing,Enterprise,59,11741.0,140892.0,False,False,False,False,monthly,False
322,S-807d87,A-69b156,16-01-2024,Ongoing,Enterprise,28,5572.0,66864.0,False,False,False,False,annual,True
323,S-c4aa5f,A-ccb686,28-02-2024,Ongoing,Pro,52,2548.0,30576.0,False,False,False,False,annual,False
324,S-86c28f,A-8adedc,02-04-2024,Ongoing,Pro,79,3871.0,46452.0,False,False,False,False,annual,True
325,S-d635a2,A-ff79f2,29-05-2024,Ongoing,Basic,12,228.0,2736.0,False,False,False,False,annual,True
326,S-463525,A-016043,02-12-2024,Ongoing,Enterprise,13,2587.0,31044.0,False,False,False,False,annual,True
327,S-b2238e,A-104f1a,16-11-2024,Ongoing,Basic,24,456.0,5472.0,False,False,False,False,monthly,True
328,S-d01053,A-779e4e,12-11-2023,29-10-2024,Enterprise,36,7164.0,85968.0,False,False,False,True,annual,True
329,S-b9bbfd,A-118d55,13-11-2024,Ongoing,Enterprise,36,7164.0,85968.0,False,False,False,False,monthly,True
330,S-790762,A-ac85cd,24-12-2024,Ongoing,Pro,53,2597.0,31164.0,False,False,False,False,monthly,True
331,S-321498,A-3a7284,25-12-2024,31-12-2024,Pro,31,0.0,0.0,True,False,False,True,monthly,True
332,S-8cf2ef,A-600734,29-08-2024,Ongoing,Basic,42,798.0,9576.0,False,False,False,False,annual,False
333,S-48aa95,A-a8b49c,23-03-2024,Ongoing,Enterprise,7,1393.0,16716.0,False,False,False,False,monthly,True
334,S-42218c,A-e2cd1b,30-07-2024,Ongoing,Pro,45,2205.0,26460.0,False,False,False,False,monthly,True
335,S-e6e96f,A-cbd1a3,30-11-2024,Ongoing,Enterprise,8,0.0,0.0,True,False,False,False,annual,False
336,S-627cfa,A-9bfc9f,19-09-2023,04-01-2024,Pro,53,2597.0,31164.0,False,False,False,True,monthly,True
337,S-47a04b,A-b54c01,07-10-2024,Ongoing,Pro,29,0.0,0.0,True,False,False,False,annual,True
338,S-2a6eb3,A-80eeb6,27-08-2023,Ongoing,Enterprise,68,13532.0,162384.0,False,False,False,False,monthly,True
339,S-c5f3d4,A-9f2731,22-11-2024,Ongoing,Pro,5,0.0,0.0,True,False,False,False,annual,True
340,S-c3bf1d,A-55f257,15-03-2024,Ongoing,Pro,9,441.0,5292.0,False,False,False,False,annual,True
341,S-a82441,A-4a267b,09-08-2024,Ongoing,Pro,25,1225.0,14700.0,False,False,False,False,annual,True
342,S-ccdf41,A-94f8c9,29-11-2024,Ongoing,Enterprise,17,3383.0,40596.0,False,False,False,False,monthly,True
343,S-3503cb,A-c43359,14-12-2024,Ongoing,Basic,38,722.0,8664.0,False,False,False,False,monthly,True
344,S-ed32c7,A-37f969,24-10-2023,Ongoing,Pro,30,1470.0,17640.0,False,False,False,False,annual,False
345,S-64bd69,A-ac9111,04-10-2023,Ongoing,Basic,21,399.0,4788.0,False,False,False,False,annual,True
346,S-abd244,A-66224b,05-12-2024,Ongoing,Basic,92,1748.0,20976.0,False,False,False,False,monthly,False
347,S-1e83a6,A-443b7c,29-12-2024,Ongoing,Basic,8,152.0,1824.0,False,False,False,False,annual,True
348,S-e86a94,A-443f6f,26-12-2024,Ongoing,Pro,19,931.0,11172.0,False,False,False,False,monthly,True
349,S-2480b0,A-6e08f3,27-12-2024,Ongoing,Basic,13,247.0,2964.0,False,False,False,False,annual,True
350,S-095083,A-98a59a,27-09-2023,Ongoing,Basic,56,1064.0,12768.0,False,False,False,False,annual,True
351,S-07abdd,A-f19409,26-09-2023,Ongoing,Pro,34,1666.0,19992.0,False,False,False,False,annual,True
352,S-c29f3a,A-b7b7b7,10-09-2024,Ongoing,Pro,24,1176.0,14112.0,False,True,False,False,monthly,False
353,S-b4ac47,A-3b5cd1,07-10-2023,Ongoing,Pro,31,1519.0,18228.0,False,False,False,False,annual,False
354,S-2e017b,A-432483,02-04-2023,05-04-2023,Pro,5,245.0,2940.0,False,False,False,True,annual,True
355,S-c64e87,A-f3ff05,19-09-2024,Ongoing,Enterprise,27,5373.0,64476.0,False,False,False,False,annual,True
356,S-c24467,A-e888d1,05-07-2023,Ongoing,Basic,50,0.0,0.0,True,False,False,False,monthly,False
357,S-f7b0e0,A-66224b,24-11-2024,Ongoing,Basic,92,1748.0,20976.0,False,False,False,False,annual,True
358,S-edeacd,A-59f724,01-01-2024,Ongoing,Pro,18,882.0,10584.0,False,False,False,False,annual,True
359,S-3d6b69,A-2446e3,16-09-2024,Ongoing,Enterprise,27,5373.0,64476.0,False,False,False,False,annual,False
360,S-63e282,A-6a4e2d,15-10-2024,07-11-2024,Pro,14,686.0,8232.0,False,True,False,True,annual,True
361,S-ef2a21,A-427b69,28-11-2024,09-12-2024,Pro,36,1764.0,21168.0,False,False,False,True,annual,True
362,S-e052d8,A-4e44e8,26-10-2024,Ongoing,Pro,25,0.0,0.0,True,False,False,False,annual,True
363,S-2d51ca,A-96e141,05-12-2023,Ongoing,Pro,32,1568.0,18816.0,False,False,False,False,monthly,True
364,S-0921a1,A-ee42db,02-08-2023,Ongoing,Basic,22,418.0,5016.0,False,False,False,False,annual,True
365,S-62c98f,A-5a92e7,27-10-2024,Ongoing,Pro,35,1715.0,20580.0,False,False,False,False,monthly,True
366,S-1cff77,A-5a3eb9,20-09-2023,Ongoing,Pro,65,3185.0,38220.0,False,False,False,False,annual,True
367,S-3a28a1,A-b9f5b1,25-07-2024,Ongoing,Enterprise,15,2985.0,35820.0,False,False,False,False,annual,True
368,S-42aaf0,A-6da850,31-12-2024,31-12-2024,Basic,6,114.0,1368.0,False,False,False,True,annual,True
369,S-d02277,A-05f0e5,11-06-2024,Ongoing,Enterprise,92,18308.0,219696.0,False,True,False,False,monthly,True
370,S-72b92f,A-bd4708,14-12-2024,Ongoing,Enterprise,37,7363.0,88356.0,False,False,False,False,monthly,False
371,S-15609d,A-94d3da,04-08-2024,Ongoing,Basic,41,0.0,0.0,True,False,False,False,monthly,False
372,S-6d12c1,A-d26ab4,20-11-2024,Ongoing,Basic,11,209.0,2508.0,False,False,False,False,monthly,True
373,S-1bf267,A-c42f1f,13-11-2024,Ongoing,Basic,28,532.0,6384.0,False,False,False,False,annual,True
374,S-2d4edf,A-69fad4,04-09-2023,Ongoing,Enterprise,6,1194.0,14328.0,False,False,False,False,annual,False
375,S-050a91,A-d27f50,06-08-2024,Ongoing,Basic,45,855.0,10260.0,False,False,False,False,annual,True
376,S-e41457,A-5f2961,17-12-2024,Ongoing,Enterprise,4,796.0,9552.0,False,False,False,False,annual,True
377,S-9f2386,A-558c72,09-03-2024,Ongoing,Enterprise,15,2985.0,35820.0,False,False,False,False,annual,True
378,S-e23fd8,A-cc98bc,05-06-2023,Ongoing,Enterprise,32,0.0,0.0,True,False,False,False,annual,True
379,S-c1056f,A-6f8ad2,23-10-2024,Ongoing,Basic,21,399.0,4788.0,False,False,False,False,monthly,False
380,S-c4c9ce,A-625d0b,16-11-2024,22-11-2024,Enterprise,10,1990.0,23880.0,False,False,False,True,monthly,True
381,S-dc90ef,A-bcf87c,22-07-2024,Ongoing,Pro,17,833.0,9996.0,False,False,False,False,annual,True
382,S-fc1114,A-4c56c9,17-07-2024,23-10-2024,Pro,18,882.0,10584.0,False,False,False,True,annual,True
383,S-b95110,A-b07b56,16-12-2024,Ongoing,Pro,25,1225.0,14700.0,False,False,False,False,monthly,False
384,S-e2e052,A-91e948,07-11-2023,Ongoing,Pro,41,2009.0,24108.0,False,False,False,False,monthly,True
385,S-0de78a,A-e4144b,12-12-2024,Ongoing,Basic,41,779.0,9348.0,False,False,False,False,annual,True
386,S-8a37c8,A-054577,09-12-2024,Ongoing,Pro,8,392.0,4704.0,False,False,False,False,monthly,True
387,S-8d6cec,A-32fb14,05-07-2024,Ongoing,Pro,32,1568.0,18816.0,False,True,False,False,annual,True
388,S-65dd83,A-592832,07-11-2024,Ongoing,Pro,36,1764.0,21168.0,False,False,False,False,annual,True
389,S-fa7c1a,A-df10db,21-10-2024,Ongoing,Enterprise,12,2388.0,28656.0,False,False,False,False,monthly,True
390,S-cc964d,A-d26ab4,21-11-2024,Ongoing,Basic,15,0.0,0.0,True,False,False,False,annual,True
391,S-e72beb,A-712533,26-10-2024,Ongoing,Pro,70,3430.0,41160.0,False,True,False,False,annual,True
392,S-80199e,A-50bb9f,26-10-2024,Ongoing,Enterprise,18,3582.0,42984.0,False,True,False,False,monthly,True
393,S-b6f87e,A-8b25f2,30-09-2024,Ongoing,Basic,10,190.0,2280.0,False,False,False,False,annual,True
394,S-6129d4,A-6965e1,26-12-2024,Ongoing,Enterprise,13,2587.0,31044.0,False,False,False,False,annual,True
395,S-7b647e,A-d62e02,03-09-2024,Ongoing,Enterprise,10,1990.0,23880.0,False,False,True,False,monthly,True
396,S-426f2f,A-8145a0,08-03-2024,Ongoing,Enterprise,3,597.0,7164.0,False,False,False,False,annual,True
397,S-02cde8,A-5b4ebb,21-11-2024,Ongoing,Enterprise,63,12537.0,150444.0,False,False,False,False,monthly,True
398,S-61a87e,A-91e948,14-08-2023,Ongoing,Basic,41,779.0,9348.0,False,False,False,False,monthly,True
399,S-5698bd,A-52dd88,26-03-2023,Ongoing,Pro,26,1274.0,15288.0,False,False,False,False,monthly,False
400,S-702fe2,A-d77f4c,27-03-2024,Ongoing,Enterprise,11,2189.0,26268.0,False,False,False,False,monthly,True
401,S-3e510d,A-50f3f7,27-06-2024,Ongoing,Pro,31,1519.0,18228.0,False,False,True,False,annual,True
402,S-ec7c12,A-cbd1a3,02-12-2024,Ongoing,Enterprise,6,1194.0,14328.0,False,False,False,False,monthly,True
403,S-d725da,A-f17767,15-02-2024,Ongoing,Pro,22,1078.0,12936.0,False,False,False,False,annual,True
404,S-c84c8d,A-7988d1,18-08-2024,Ongoing,Enterprise,92,0.0,0.0,True,False,False,False,annual,True
405,S-049328,A-39b19f,20-07-2023,Ongoing,Pro,55,2695.0,32340.0,False,False,False,False,monthly,True
406,S-d9ad28,A-4f18f0,28-04-2024,Ongoing,Pro,24,1176.0,14112.0,False,False,False,False,monthly,False
407,S-eec041,A-c43359,22-12-2024,Ongoing,Basic,38,722.0,8664.0,False,True,False,False,monthly,True
408,S-a554da,A-712f1c,09-04-2024,23-07-2024,Enterprise,17,3383.0,40596.0,False,False,False,True,annual,True
409,S-2ccc04,A-9a532a,18-10-2024,Ongoing,Enterprise,11,2189.0,26268.0,False,False,False,False,monthly,True
410,S-984f8b,A-db5e9e,28-12-2024,28-12-2024,Enterprise,17,3383.0,40596.0,False,False,True,True,annual,True
411,S-d3613b,A-6f50ae,27-11-2023,Ongoing,Enterprise,19,0.0,0.0,True,False,False,False,monthly,True
412,S-e27a20,A-ffc04f,28-12-2024,Ongoing,Basic,13,247.0,2964.0,False,False,False,False,monthly,True
413,S-41871d,A-029f69,10-08-2024,Ongoing,Enterprise,3,597.0,7164.0,False,False,False,False,annual,True
414,S-9686c6,A-eb2fdc,31-05-2024,25-09-2024,Pro,33,1617.0,19404.0,False,False,False,True,annual,False
415,S-9b1f0e,A-e83938,16-07-2024,Ongoing,Pro,2,98.0,1176.0,False,True,False,False,annual,True
416,S-3445f5,A-7f6b86,15-10-2023,Ongoing,Basic,45,855.0,10260.0,False,False,False,False,annual,False
417,S-f6e14c,A-8bde0c,15-12-2024,Ongoing,Enterprise,28,5572.0,66864.0,False,False,False,False,annual,True
418,S-94cfff,A-439b2f,16-04-2024,18-05-2024,Pro,22,0.0,0.0,True,False,False,True,annual,True
419,S-ceb9bd,A-7da956,12-11-2024,Ongoing,Pro,20,980.0,11760.0,False,False,False,False,annual,True
420,S-2c270f,A-9f9299,02-08-2024,Ongoing,Enterprise,28,5572.0,66864.0,False,False,False,False,annual,False
421,S-baba71,A-8b25f2,03-05-2024,Ongoing,Enterprise,10,1990.0,23880.0,False,False,False,False,monthly,True
422,S-d33d84,A-31ab9a,01-04-2024,Ongoing,Enterprise,3,597.0,7164.0,False,False,False,False,annual,True
423,S-c1012c,A-b7b7b7,19-09-2024,Ongoing,Enterprise,24,4776.0,57312.0,False,False,False,False,monthly,True
424,S-42af3d,A-40de06,03-06-2023,Ongoing,Enterprise,28,5572.0,66864.0,False,False,False,False,annual,True
425,S-d4cc9b,A-10b8f2,03-10-2023,Ongoing,Pro,54,2646.0,31752.0,False,False,False,False,annual,True
426,S-1351ac,A-0cc442,27-07-2024,Ongoing,Enterprise,45,0.0,0.0,True,False,False,False,monthly,True
427,S-753a0a,A-ad64c6,15-06-2024,Ongoing,Enterprise,28,5572.0,66864.0,False,False,False,False,annual,False
428,S-62a710,A-42b791,07-11-2024,Ongoing,Pro,22,1078.0,12936.0,False,False,False,False,annual,True
429,S-85eb8f,A-59f724,29-01-2024,Ongoing,Enterprise,22,4378.0,52536.0,False,False,False,False,monthly,True
430,S-e6f639,A-37f969,02-12-2023,Ongoing,Pro,30,1470.0,17640.0,False,False,False,False,monthly,True
431,S-85ba19,A-6965e1,11-12-2024,Ongoing,Enterprise,13,2587.0,31044.0,False,True,False,False,monthly,True
432,S-a14f63,A-e1b9cd,04-02-2024,Ongoing,Enterprise,40,7960.0,95520.0,False,False,True,False,monthly,True
433,S-f80ef5,A-e51ec7,22-03-2024,Ongoing,Basic,5,0.0,0.0,True,False,False,False,annual,True
434,S-ed4e09,A-e43bf7,26-02-2024,Ongoing,Pro,44,2156.0,25872.0,False,True,False,False,annual,True
435,S-f49e0b,A-7f6b86,21-01-2024,21-03-2024,Pro,45,2205.0,26460.0,False,True,False,True,annual,True
436,S-22be2c,A-35083d,15-12-2024,Ongoing,Enterprise,49,9751.0,117012.0,False,False,False,False,monthly,True
437,S-6587d8,A-2446e3,18-04-2024,Ongoing,Enterprise,27,5373.0,64476.0,False,False,False,False,monthly,False
438,S-44fba6,A-82d8a6,22-12-2024,Ongoing,Enterprise,7,0.0,0.0,True,False,False,False,annual,True
439,S-f14c84,A-fa2041,11-06-2024,Ongoing,Basic,18,0.0,0.0,True,False,False,False,monthly,True
440,S-f243c1,A-e888d1,12-03-2024,28-12-2024,Pro,14,0.0,0.0,True,False,False,True,annual,True
441,S-ca454e,A-9174e0,14-12-2024,Ongoing,Enterprise,37,7363.0,88356.0,False,False,False,False,monthly,True
442,S-3e8283,A-940b8b,29-04-2024,Ongoing,Pro,24,1176.0,14112.0,False,True,False,False,annual,False
443,S-70ae65,A-df1e44,23-05-2024,Ongoing,Pro,63,3087.0,37044.0,False,True,False,False,monthly,True
444,S-f615d2,A-0a282f,23-10-2024,Ongoing,Pro,18,882.0,10584.0,False,True,False,False,monthly,True
445,S-a8f236,A-855a48,17-03-2024,Ongoing,Enterprise,14,2786.0,33432.0,False,False,False,False,monthly,False
446,S-684751,A-86cdb4,31-12-2024,Ongoing,Basic,17,323.0,3876.0,False,False,False,False,monthly,True
447,S-4d9635,A-dcc3f1,05-08-2024,Ongoing,Enterprise,22,4378.0,52536.0,False,False,False,False,annual,True
448,S-43c489,A-c222ab,27-08-2024,Ongoing,Pro,32,1568.0,18816.0,False,False,False,False,annual,True
449,S-a346d6,A-0a282f,31-08-2024,25-09-2024,Enterprise,19,3781.0,45372.0,False,False,False,True,annual,True
450,S-47ce2d,A-d792a6,06-02-2023,Ongoing,Pro,37,1813.0,21756.0,False,False,False,False,monthly,True
451,S-b4212b,A-10b8da,12-05-2023,21-01-2024,Enterprise,17,3383.0,40596.0,False,True,False,True,monthly,True
452,S-006908,A-d82ef9,28-09-2024,Ongoing,Pro,26,1274.0,15288.0,False,False,True,False,monthly,True
453,S-60b7c7,A-02fac6,02-05-2024,Ongoing,Enterprise,23,4577.0,54924.0,False,False,False,False,annual,False
454,S-3e54f5,A-157070,12-12-2023,Ongoing,Basic,17,323.0,3876.0,False,False,False,False,annual,True
455,S-e32789,A-ac85cd,13-10-2024,Ongoing,Pro,53,2597.0,31164.0,False,False,True,False,annual,True
456,S-6f398a,A-8ed5dd,13-11-2023,Ongoing,Pro,5,245.0,2940.0,False,False,False,False,annual,True
457,S-ccc0fe,A-1619f8,28-11-2024,Ongoing,Basic,29,551.0,6612.0,False,False,False,False,monthly,True
458,S-1dd0ad,A-ac85cd,11-11-2024,Ongoing,Basic,53,1007.0,12084.0,False,True,False,False,monthly,True
459,S-52385a,A-0aaf6e,13-11-2024,Ongoing,Basic,3,57.0,684.0,False,False,False,False,monthly,True
460,S-26a630,A-5247b3,23-03-2024,Ongoing,Enterprise,16,3184.0,38208.0,False,False,False,False,monthly,True
461,S-904784,A-9badbd,20-09-2024,Ongoing,Enterprise,20,0.0,0.0,True,False,False,False,monthly,False
462,S-80a6a6,A-4437e4,07-12-2024,Ongoing,Enterprise,3,597.0,7164.0,False,False,False,False,annual,True
463,S-d2d423,A-72799b,12-08-2024,Ongoing,Enterprise,20,3980.0,47760.0,False,False,False,False,monthly,True
464,S-bdac36,A-443f6f,08-12-2024,Ongoing,Enterprise,19,3781.0,45372.0,False,False,False,False,monthly,False
465,S-a68f4f,A-2ebb4b,04-06-2023,Ongoing,Basic,41,0.0,0.0,True,False,False,False,monthly,True
466,S-eb84b1,A-05d3b3,24-08-2024,Ongoing,Pro,9,441.0,5292.0,False,False,False,False,monthly,False
467,S-c9b181,A-443b7c,08-10-2024,Ongoing,Pro,28,1372.0,16464.0,False,True,False,False,monthly,True
468,S-2e55e6,A-f19409,20-12-2024,Ongoing,Basic,35,665.0,7980.0,False,False,False,False,annual,False
469,S-863c87,A-e43bf7,05-07-2023,Ongoing,Enterprise,70,13930.0,167160.0,False,True,False,False,annual,True
470,S-7564c5,A-96215d,12-09-2024,Ongoing,Pro,17,833.0,9996.0,False,False,False,False,monthly,False
471,S-8a9db8,A-474ad4,30-11-2024,07-12-2024,Enterprise,8,1592.0,19104.0,False,False,False,True,annual,True
472,S-200752,A-4d1e75,17-09-2024,Ongoing,Pro,20,980.0,11760.0,False,True,False,False,monthly,False
473,S-74e211,A-3d957b,15-07-2024,Ongoing,Pro,14,686.0,8232.0,False,True,False,False,monthly,False
474,S-2aadef,A-1619f8,16-11-2024,Ongoing,Pro,29,1421.0,17052.0,False,False,False,False,annual,True
475,S-fdc415,A-726cfa,10-08-2023,Ongoing,Enterprise,30,5970.0,71640.0,False,False,False,False,annual,True
476,S-c03f87,A-6f50ae,05-01-2024,Ongoing,Enterprise,19,3781.0,45372.0,False,False,False,False,annual,True
477,S-a245f6,A-86902e,28-12-2023,Ongoing,Basic,34,646.0,7752.0,False,False,False,False,monthly,True
478,S-a1cc61,A-bc4d48,04-07-2024,Ongoing,Basic,35,665.0,7980.0,False,False,False,False,annual,True
479,S-9b96c2,A-02cd81,13-05-2024,Ongoing,Enterprise,44,8756.0,105072.0,False,False,False,False,monthly,True
480,S-2e79e8,A-cb5333,16-05-2024,Ongoing,Pro,33,0.0,0.0,True,False,False,False,monthly,True
481,S-f965de,A-ab438f,20-10-2024,18-12-2024,Pro,64,0.0,0.0,True,True,False,True,monthly,True
482,S-abff7d,A-94f8c9,26-06-2024,Ongoing,Basic,20,0.0,0.0,True,False,False,False,annual,True
483,S-791c64,A-a1b80b,07-11-2024,Ongoing,Pro,16,0.0,0.0,True,False,False,False,annual,True
484,S-7b7be8,A-d42431,08-07-2024,Ongoing,Basic,91,1729.0,20748.0,False,False,False,False,monthly,True
485,S-6055d4,A-ce550d,13-11-2024,Ongoing,Enterprise,35,0.0,0.0,True,False,False,False,monthly,True
486,S-938e4e,A-794a0b,02-06-2024,Ongoing,Pro,23,0.0,0.0,True,False,False,False,annual,False
487,S-1f3254,A-4c56c9,29-12-2024,Ongoing,Basic,18,342.0,4104.0,False,False,False,False,annual,True
488,S-2c4909,A-659280,10-05-2024,Ongoing,Basic,13,247.0,2964.0,False,False,False,False,monthly,False
489,S-e143c9,A-bd4513,01-12-2024,Ongoing,Pro,50,2450.0,29400.0,False,False,False,False,annual,True
490,S-c3213f,A-1d5444,02-08-2024,Ongoing,Enterprise,41,8159.0,97908.0,False,False,False,False,annual,False
491,S-102053,A-4e0e85,10-04-2024,Ongoing,Enterprise,6,1194.0,14328.0,False,False,False,False,monthly,True
492,S-43c2e3,A-6f8ad2,11-08-2024,Ongoing,Enterprise,35,6965.0,83580.0,False,True,False,False,monthly,True
493,S-a2b83d,A-cc8c8f,26-07-2024,Ongoing,Basic,23,437.0,5244.0,False,False,False,False,annual,True
494,S-b6793d,A-6f50ae,19-07-2024,Ongoing,Pro,22,1078.0,12936.0,False,False,False,False,annual,False
495,S-a3a1c1,A-f25509,02-10-2024,Ongoing,Pro,47,2303.0,27636.0,False,False,False,False,monthly,True
496,S-260e48,A-7f4db3,16-07-2023,Ongoing,Pro,10,490.0,5880.0,False,False,False,False,annual,True
497,S-e98296,A-6f8ad2,22-10-2024,Ongoing,Pro,16,784.0,9408.0,False,False,True,False,monthly,True
498,S-7d55dc,A-08e34e,01-09-2024,Ongoing,Enterprise,30,5970.0,71640.0,False,False,False,False,annual,True
499,S-d26ff6,A-a0ca4e,01-12-2024,Ongoing,Enterprise,26,5174.0,62088.0,False,False,False,False,monthly,True
500,S-ba8c46,A-9f0b68,16-10-2024,Ongoing,Pro,18,882.0,10584.0,False,True,False,False,monthly,True
501,S-992c2a,A-d922bf,11-08-2024,Ongoing,Enterprise,26,0.0,0.0,True,False,False,False,monthly,True
502,S-19f899,A-331424,01-05-2024,Ongoing,Enterprise,11,2189.0,26268.0,False,False,False,False,annual,False
503,S-b95751,A-02cd81,24-04-2024,Ongoing,Basic,44,0.0,0.0,True,False,False,False,monthly,True
504,S-d74a31,A-993085,23-09-2024,Ongoing,Pro,33,1617.0,19404.0,False,False,False,False,monthly,True
505,S-676254,A-854864,31-12-2024,Ongoing,Pro,20,980.0,11760.0,False,False,False,False,annual,True
506,S-3ad7c4,A-f17767,03-01-2024,28-01-2024,Pro,11,539.0,6468.0,False,True,False,True,monthly,True
507,S-96fb48,A-1f7acb,27-08-2024,Ongoing,Pro,64,3136.0,37632.0,False,False,True,False,monthly,True
508,S-afea79,A-05f0e5,16-08-2024,Ongoing,Pro,32,1568.0,18816.0,False,True,False,False,annual,False
509,S-c8a983,A-2d4502,04-12-2024,Ongoing,Pro,12,588.0,7056.0,False,False,False,False,annual,False
510,S-e3c3c8,A-856b1e,30-12-2023,Ongoing,Pro,25,1225.0,14700.0,False,True,False,False,monthly,False
511,S-020222,A-02fac6,23-05-2024,Ongoing,Pro,22,1078.0,12936.0,False,False,False,False,monthly,True
512,S-65c079,A-417d2f,04-07-2023,Ongoing,Basic,5,95.0,1140.0,False,False,False,False,annual,True
513,S-056af2,A-054577,05-09-2024,Ongoing,Enterprise,75,14925.0,179100.0,False,False,False,False,monthly,True
514,S-09761d,A-6843f2,31-12-2024,Ongoing,Pro,23,1127.0,13524.0,False,False,False,False,annual,True
515,S-a7d379,A-702032,28-11-2024,Ongoing,Basic,28,532.0,6384.0,False,False,False,False,monthly,True
516,S-a903ad,A-59f724,22-06-2024,Ongoing,Pro,27,1323.0,15876.0,False,False,False,False,annual,True
517,S-de3416,A-0dbdc6,15-12-2024,Ongoing,Pro,47,2303.0,27636.0,False,False,False,False,annual,True
518,S-9161b0,A-4d1e75,14-09-2024,Ongoing,Enterprise,62,12338.0,148056.0,False,True,False,False,monthly,True
519,S-f3274c,A-43a9e3,07-02-2024,Ongoing,Pro,18,882.0,10584.0,False,False,False,False,annual,False
520,S-2991c7,A-443b7c,11-11-2024,Ongoing,Pro,38,1862.0,22344.0,False,False,False,False,monthly,True
521,S-239a39,A-30b4ca,01-07-2024,Ongoing,Pro,86,4214.0,50568.0,False,False,False,False,monthly,True
522,S-19f80d,A-d62e02,02-12-2024,Ongoing,Basic,32,608.0,7296.0,False,False,False,False,annual,True
523,S-13c8b6,A-89ee83,29-10-2024,Ongoing,Basic,27,513.0,6156.0,False,False,False,False,monthly,True
524,S-d5a07a,A-19b2c8,12-07-2024,Ongoing,Basic,24,456.0,5472.0,False,False,False,False,annual,True
525,S-e5ba1c,A-39868b,22-06-2024,Ongoing,Enterprise,9,1791.0,21492.0,False,False,False,False,annual,True
526,S-e2793d,A-4c38bc,07-10-2024,Ongoing,Basic,36,684.0,8208.0,False,False,False,False,monthly,True
527,S-a37653,A-812c5b,12-10-2024,Ongoing,Pro,55,2695.0,32340.0,False,False,False,False,monthly,False
528,S-0b25d7,A-0e966d,30-10-2024,Ongoing,Basic,22,418.0,5016.0,False,False,False,False,monthly,True
529,S-75c1b4,A-5a3eb9,10-12-2024,28-12-2024,Pro,18,882.0,10584.0,False,False,False,True,annual,True
530,S-7262b9,A-4a4c2d,03-10-2024,Ongoing,Basic,54,1026.0,12312.0,False,False,False,False,monthly,True
531,S-6c6e62,A-5fe118,29-12-2024,Ongoing,Basic,39,0.0,0.0,True,False,False,False,monthly,True
532,S-add03a,A-0cc442,18-12-2024,Ongoing,Enterprise,45,8955.0,107460.0,False,False,False,False,annual,True
533,S-648e54,A-993085,28-06-2024,Ongoing,Pro,31,1519.0,18228.0,False,True,False,False,monthly,True
534,S-01bbfe,A-50f3f7,12-07-2024,Ongoing,Pro,31,1519.0,18228.0,False,False,False,False,annual,True
535,S-6c9dc9,A-de24d5,26-12-2024,Ongoing,Basic,10,190.0,2280.0,False,False,False,False,monthly,True
536,S-826424,A-fa2041,30-10-2024,Ongoing,Enterprise,18,3582.0,42984.0,False,False,False,False,annual,True
537,S-e64c2b,A-c16b88,25-11-2024,Ongoing,Enterprise,23,4577.0,54924.0,False,True,False,False,annual,False
538,S-c693b6,A-d4ac0e,09-08-2024,Ongoing,Basic,27,513.0,6156.0,False,True,False,False,monthly,False
539,S-096065,A-2b9d3e,27-03-2024,Ongoing,Enterprise,11,0.0,0.0,True,False,False,False,annual,True
540,S-d449e1,A-ccabf0,15-10-2024,06-11-2024,Basic,25,0.0,0.0,True,False,False,True,annual,True
541,S-592c0d,A-a7bd4b,13-06-2023,Ongoing,Pro,5,0.0,0.0,True,False,False,False,annual,True
542,S-ab24c6,A-4e631b,15-10-2024,Ongoing,Enterprise,22,4378.0,52536.0,False,False,True,False,annual,True
543,S-e32b34,A-4c56c9,23-07-2024,Ongoing,Basic,12,228.0,2736.0,False,False,False,False,monthly,True
544,S-191550,A-6c093d,08-05-2024,Ongoing,Basic,15,285.0,3420.0,False,True,False,False,monthly,True
545,S-c65c8b,A-bc4d48,26-06-2024,Ongoing,Basic,35,665.0,7980.0,False,False,False,False,annual,False
546,S-39e88c,A-3b37d9,10-07-2023,Ongoing,Pro,23,1127.0,13524.0,False,False,False,False,annual,True
547,S-9a08ff,A-a1bbb6,07-06-2023,Ongoing,Enterprise,16,3184.0,38208.0,False,False,False,False,annual,False
548,S-95d15a,A-9289f6,05-12-2024,Ongoing,Basic,13,247.0,2964.0,False,False,False,False,annual,True
549,S-7c5f3b,A-1e1b80,30-04-2024,Ongoing,Basic,50,950.0,11400.0,False,False,False,False,monthly,True
550,S-70af60,A-0354fe,10-12-2024,Ongoing,Basic,34,0.0,0.0,True,False,False,False,annual,True
551,S-175429,A-b54c01,23-12-2024,Ongoing,Basic,29,551.0,6612.0,False,False,False,False,annual,False
552,S-d36b9f,A-0cc442,01-11-2024,Ongoing,Enterprise,45,8955.0,107460.0,False,False,False,False,annual,False
553,S-65071f,A-b9f5b1,11-08-2024,Ongoing,Basic,43,817.0,9804.0,False,False,False,False,monthly,True
554,S-ab63e3,A-0354fe,23-11-2024,Ongoing,Basic,34,646.0,7752.0,False,False,False,False,annual,True
555,S-260d1e,A-337bc1,05-03-2024,Ongoing,Enterprise,31,6169.0,74028.0,False,False,False,False,annual,True
556,S-bdc6b7,A-7f29a7,02-12-2024,25-12-2024,Enterprise,41,8159.0,97908.0,False,False,False,True,monthly,False
557,S-1c3522,A-075038,26-11-2023,Ongoing,Pro,17,0.0,0.0,True,False,False,False,annual,True
558,S-891ad9,A-7988d1,03-12-2024,Ongoing,Basic,33,0.0,0.0,True,False,False,False,monthly,True
559,S-2c1ca6,A-118f1c,11-11-2024,Ongoing,Enterprise,32,6368.0,76416.0,False,False,False,False,monthly,False
560,S-11066a,A-779e4e,12-02-2023,24-11-2023,Pro,19,931.0,11172.0,False,False,False,True,annual,True
561,S-f4db1d,A-526d93,05-07-2024,Ongoing,Enterprise,43,0.0,0.0,True,False,False,False,annual,True
562,S-45baa6,A-0a282f,08-10-2024,Ongoing,Pro,4,196.0,2352.0,False,False,False,False,monthly,True
563,S-f74ac6,A-684255,01-07-2024,Ongoing,Pro,9,441.0,5292.0,False,False,False,False,monthly,True
564,S-bc1457,A-69b156,06-10-2024,Ongoing,Enterprise,7,1393.0,16716.0,False,False,True,False,annual,True
565,S-b8daaa,A-4bfa33,25-12-2024,Ongoing,Enterprise,8,0.0,0.0,True,False,False,False,annual,True
566,S-49aa80,A-a45270,22-12-2024,30-12-2024,Pro,3,147.0,1764.0,False,False,True,True,monthly,True
567,S-9740c1,A-9f0b68,14-06-2024,Ongoing,Enterprise,10,1990.0,23880.0,False,False,False,False,monthly,True
568,S-d6c9dc,A-80eeb6,07-10-2024,Ongoing,Basic,27,513.0,6156.0,False,False,False,False,annual,True
569,S-1e8c9e,A-c37cab,13-12-2024,Ongoing,Pro,13,637.0,7644.0,False,False,False,False,monthly,True
570,S-4c0b7b,A-e60f9d,21-10-2024,Ongoing,Basic,60,1140.0,13680.0,False,False,True,False,annual,True
571,S-e7b281,A-86902e,05-05-2024,Ongoing,Pro,34,1666.0,19992.0,False,False,False,False,monthly,True
572,S-761a0f,A-d792a6,17-10-2024,Ongoing,Enterprise,65,12935.0,155220.0,False,False,False,False,annual,True
573,S-859ee0,A-8bde0c,26-12-2024,Ongoing,Enterprise,28,5572.0,66864.0,False,False,False,False,monthly,True
574,S-924925,A-4d1e75,17-11-2024,Ongoing,Pro,31,1519.0,18228.0,False,False,False,False,monthly,False
575,S-c55cbb,A-798a3f,11-09-2024,Ongoing,Enterprise,12,0.0,0.0,True,False,False,False,monthly,True
576,S-872bdd,A-d3c88e,23-10-2024,Ongoing,Enterprise,16,3184.0,38208.0,False,False,False,False,annual,True
577,S-bf9b37,A-692f18,25-05-2024,Ongoing,Pro,6,294.0,3528.0,False,False,False,False,annual,True
578,S-51924b,A-67be94,18-01-2024,Ongoing,Basic,62,1178.0,14136.0,False,False,False,False,annual,True
579,S-b03125,A-fd9422,20-12-2024,Ongoing,Pro,58,2842.0,34104.0,False,False,True,False,annual,True
580,S-02ab8b,A-4e44e8,03-11-2024,Ongoing,Enterprise,75,14925.0,179100.0,False,False,False,False,monthly,True
581,S-de5d6e,A-e36807,25-09-2024,Ongoing,Basic,26,494.0,5928.0,False,False,False,False,monthly,True
582,S-e1fa5b,A-157070,08-12-2024,25-12-2024,Enterprise,16,3184.0,38208.0,False,False,False,True,monthly,True
583,S-b41494,A-b7724f,03-06-2023,Ongoing,Basic,33,627.0,7524.0,False,False,False,False,monthly,True
584,S-d7ccbd,A-db5e9e,22-12-2024,Ongoing,Pro,40,0.0,0.0,True,False,False,False,monthly,True
585,S-34f2f9,A-f19409,16-09-2024,Ongoing,Enterprise,23,4577.0,54924.0,False,False,False,False,annual,True
586,S-54d2a3,A-712f1c,21-01-2024,Ongoing,Enterprise,17,3383.0,40596.0,False,False,False,False,monthly,True
587,S-d1350e,A-6c093d,27-07-2024,Ongoing,Enterprise,61,12139.0,145668.0,False,False,False,False,annual,True
588,S-e76e80,A-832ec2,02-01-2024,Ongoing,Basic,25,0.0,0.0,True,False,False,False,monthly,True
589,S-f4097a,A-faa28c,06-06-2024,Ongoing,Enterprise,48,9552.0,114624.0,False,False,False,False,monthly,False
590,S-d4f02f,A-342303,10-07-2024,Ongoing,Pro,28,1372.0,16464.0,False,False,False,False,annual,True
591,S-bf3403,A-0cc442,10-11-2024,Ongoing,Enterprise,45,8955.0,107460.0,False,False,False,False,annual,False
592,S-0a83cc,A-d922bf,16-02-2024,Ongoing,Basic,5,0.0,0.0,True,False,False,False,annual,True
593,S-1a9fb7,A-b30291,04-06-2024,Ongoing,Enterprise,16,3184.0,38208.0,False,False,False,False,monthly,True
594,S-1a3627,A-86fc1d,31-12-2024,Ongoing,Basic,26,0.0,0.0,True,False,False,False,monthly,True
595,S-93f835,A-5a215a,11-02-2024,Ongoing,Pro,87,4263.0,51156.0,False,True,False,False,monthly,True
596,S-75e469,A-b78bf8,28-12-2024,Ongoing,Pro,33,1617.0,19404.0,False,False,False,False,monthly,True
597,S-409291,A-3932db,29-10-2024,Ongoing,Pro,36,1764.0,21168.0,False,False,False,False,annual,True
598,S-41cdf0,A-68f37c,15-08-2023,03-11-2023,Pro,17,0.0,0.0,True,True,False,True,monthly,True
599,S-5be27b,A-5b4ebb,18-10-2024,Ongoing,Enterprise,21,4179.0,50148.0,False,False,False,False,annual,True
600,S-8f7c91,A-ccb686,11-12-2024,Ongoing,Basic,11,209.0,2508.0,False,False,False,False,annual,True
601,S-aaed3e,A-e6afc1,18-12-2024,Ongoing,Pro,9,0.0,0.0,True,False,False,False,monthly,False
602,S-4fdfa3,A-5a3eb9,09-11-2024,Ongoing,Enterprise,18,3582.0,42984.0,False,False,False,False,monthly,True
603,S-f421c8,A-9badbd,29-06-2024,Ongoing,Basic,28,532.0,6384.0,False,False,False,False,annual,True
604,S-34553e,A-d49cc5,25-06-2024,Ongoing,Basic,50,950.0,11400.0,False,False,False,False,annual,False
605,S-e6a17a,A-039727,19-12-2024,30-12-2024,Enterprise,25,4975.0,59700.0,False,True,False,True,annual,True
606,S-9d36ff,A-2e3bad,11-03-2024,Ongoing,Enterprise,61,0.0,0.0,True,False,False,False,monthly,True
607,S-583ae2,A-726cfa,05-01-2024,Ongoing,Basic,17,323.0,3876.0,False,False,False,False,annual,False
608,S-e162d0,A-503d5a,18-12-2023,Ongoing,Basic,19,0.0,0.0,True,False,False,False,monthly,True
609,S-96383d,A-39ddf4,29-12-2024,Ongoing,Enterprise,40,7960.0,95520.0,False,False,False,False,annual,True
610,S-f0ad87,A-acb7f7,13-10-2024,Ongoing,Basic,32,0.0,0.0,True,False,False,False,annual,False
611,S-d619ad,A-bc4d48,29-06-2024,Ongoing,Pro,35,0.0,0.0,True,False,False,False,monthly,True
612,S-d65491,A-186a44,17-12-2024,Ongoing,Pro,20,0.0,0.0,True,False,False,False,annual,True
613,S-34cc51,A-118d55,21-11-2024,Ongoing,Basic,15,285.0,3420.0,False,False,False,False,annual,False
614,S-e4ba87,A-e40f45,23-05-2024,Ongoing,Basic,27,513.0,6156.0,False,False,False,False,annual,True
615,S-709484,A-bcf664,22-08-2024,Ongoing,Pro,8,392.0,4704.0,False,False,False,False,annual,True
616,S-631547,A-d82ef9,28-11-2024,Ongoing,Basic,26,0.0,0.0,True,False,False,False,annual,False
617,S-d7e65d,A-5a92e7,30-08-2024,Ongoing,Pro,20,980.0,11760.0,False,False,False,False,monthly,True
618,S-f32440,A-0a282f,06-10-2024,Ongoing,Basic,40,760.0,9120.0,False,False,False,False,monthly,True
619,S-44d025,A-d4ac0e,29-11-2024,Ongoing,Pro,18,882.0,10584.0,False,False,False,False,annual,True
620,S-e3a257,A-84ebe4,14-02-2024,Ongoing,Pro,18,882.0,10584.0,False,False,False,False,annual,True
621,S-6e0562,A-9bfc9f,15-03-2024,Ongoing,Pro,53,2597.0,31164.0,False,False,False,False,annual,True
622,S-11d378,A-f51f16,18-02-2024,Ongoing,Basic,24,456.0,5472.0,False,True,False,False,monthly,True
623,S-a69559,A-cd458b,25-08-2024,Ongoing,Basic,10,190.0,2280.0,False,False,False,False,monthly,False
624,S-984423,A-96e141,21-08-2024,Ongoing,Enterprise,25,4975.0,59700.0,False,False,False,False,monthly,True
625,S-49e3e5,A-6e7827,11-06-2023,Ongoing,Basic,9,171.0,2052.0,False,True,False,False,monthly,True
626,S-0b6e58,A-1e1b80,05-07-2024,Ongoing,Enterprise,50,9950.0,119400.0,False,False,False,False,annual,False
627,S-16ef7a,A-751c58,16-12-2024,Ongoing,Basic,16,0.0,0.0,True,False,False,False,monthly,True
628,S-3fb291,A-f51f16,06-05-2024,Ongoing,Enterprise,39,7761.0,93132.0,False,False,False,False,annual,True
629,S-f6cd70,A-2ebb4b,14-10-2023,Ongoing,Pro,41,2009.0,24108.0,False,False,False,False,annual,True
630,S-e7d026,A-0aaf6e,25-12-2024,Ongoing,Enterprise,88,17512.0,210144.0,False,False,False,False,annual,True
631,S-c2fd82,A-84ebe4,29-06-2024,06-11-2024,Enterprise,82,0.0,0.0,True,False,False,True,monthly,True
632,S-38131a,A-aa9511,13-04-2024,Ongoing,Enterprise,23,0.0,0.0,True,False,False,False,monthly,True
633,S-aa3a36,A-ccc747,13-05-2024,Ongoing,Enterprise,16,0.0,0.0,True,True,False,False,monthly,False
634,S-46eb1c,A-089363,13-10-2024,Ongoing,Basic,11,209.0,2508.0,False,False,False,False,annual,False
635,S-6ed77d,A-fe79a5,22-05-2024,Ongoing,Enterprise,9,1791.0,21492.0,False,False,False,False,monthly,True
636,S-f72b84,A-f44180,22-06-2024,Ongoing,Pro,9,441.0,5292.0,False,False,False,False,monthly,True
637,S-0f0d3a,A-ad296b,16-11-2024,20-11-2024,Basic,38,722.0,8664.0,False,False,False,True,annual,True
638,S-05b080,A-b9eed8,21-06-2024,Ongoing,Basic,11,209.0,2508.0,False,False,False,False,monthly,True
639,S-bae2c4,A-bb1486,25-12-2024,Ongoing,Pro,67,3283.0,39396.0,False,False,False,False,annual,True
640,S-8ca9f0,A-e693b6,01-09-2024,06-09-2024,Basic,55,1045.0,12540.0,False,False,False,True,annual,True
641,S-33eb1d,A-02fac6,20-09-2024,Ongoing,Enterprise,22,4378.0,52536.0,False,False,False,False,annual,False
642,S-45baac,A-1d5444,31-05-2024,Ongoing,Enterprise,24,4776.0,57312.0,False,False,False,False,monthly,False
643,S-e9dc6e,A-4437e4,15-08-2024,Ongoing,Pro,38,1862.0,22344.0,False,False,False,False,annual,True
644,S-871e83,A-8adedc,21-03-2024,Ongoing,Enterprise,14,2786.0,33432.0,False,False,False,False,annual,True
645,S-88a47f,A-4437e4,23-12-2024,Ongoing,Basic,9,171.0,2052.0,False,False,False,False,annual,True
646,S-9714fa,A-158f4e,19-02-2024,Ongoing,Pro,61,2989.0,35868.0,False,False,False,False,annual,True
647,S-c77c84,A-0be015,31-12-2024,Ongoing,Basic,19,0.0,0.0,True,False,False,False,monthly,False
648,S-86d360,A-b48f73,23-11-2024,Ongoing,Basic,80,1520.0,18240.0,False,False,False,False,monthly,True
649,S-c15fcc,A-fd9422,25-08-2024,02-10-2024,Basic,58,1102.0,13224.0,False,False,False,True,monthly,False
650,S-b0ed51,A-98a59a,08-08-2024,Ongoing,Enterprise,56,11144.0,133728.0,False,False,False,False,monthly,False
651,S-2e7756,A-b7b7b7,27-08-2024,Ongoing,Pro,67,3283.0,39396.0,False,False,False,False,annual,True
652,S-2fe253,A-1f0636,28-02-2024,30-10-2024,Pro,105,0.0,0.0,True,False,False,True,annual,True
653,S-a575f5,A-039727,09-12-2024,Ongoing,Basic,25,475.0,5700.0,False,False,False,False,annual,True
654,S-39bb68,A-d40bf7,23-11-2024,Ongoing,Basic,59,1121.0,13452.0,False,False,False,False,monthly,True
655,S-7685a3,A-6da850,05-08-2024,Ongoing,Basic,18,0.0,0.0,True,True,False,False,monthly,True
656,S-712f3a,A-eb1312,20-11-2024,26-12-2024,Basic,25,475.0,5700.0,False,False,False,True,monthly,True
657,S-dfa4c8,A-eb7fac,21-01-2024,22-04-2024,Pro,7,343.0,4116.0,False,False,False,True,annual,True
658,S-f3dd83,A-00bed1,28-08-2024,Ongoing,Enterprise,28,0.0,0.0,True,False,False,False,monthly,True
659,S-a900c2,A-4c56c9,22-12-2024,Ongoing,Enterprise,24,4776.0,57312.0,False,False,False,False,annual,False
660,S-302856,A-e1b9cd,24-05-2023,25-08-2024,Basic,40,760.0,9120.0,False,False,False,True,annual,True
661,S-51b668,A-82d8a6,28-12-2024,Ongoing,Basic,30,570.0,6840.0,False,False,False,False,monthly,True
662,S-310ae0,A-58b9ff,13-09-2024,01-10-2024,Enterprise,2,398.0,4776.0,False,False,False,True,monthly,True
663,S-21eeea,A-2b9d3e,08-11-2024,Ongoing,Pro,29,1421.0,17052.0,False,False,False,False,monthly,True
664,S-7b9b62,A-cb5333,17-09-2024,Ongoing,Pro,33,1617.0,19404.0,False,False,False,False,monthly,False
665,S-799da2,A-95b24a,27-06-2024,Ongoing,Pro,38,1862.0,22344.0,False,False,False,False,monthly,True
666,S-e82bdc,A-4c38bc,17-03-2024,Ongoing,Basic,36,684.0,8208.0,False,False,False,False,annual,True
667,S-879b43,A-3cc791,26-03-2024,Ongoing,Enterprise,6,1194.0,14328.0,False,False,False,False,monthly,True
668,S-6fd24b,A-7988d1,19-08-2024,Ongoing,Enterprise,33,6567.0,78804.0,False,False,False,False,monthly,True
669,S-d2e00a,A-4c56c9,17-09-2024,Ongoing,Enterprise,9,1791.0,21492.0,False,False,False,False,monthly,True
670,S-a916cb,A-eb7c38,28-10-2024,Ongoing,Enterprise,35,6965.0,83580.0,False,False,False,False,monthly,True
671,S-3fe1c3,A-0158bb,23-10-2024,Ongoing,Enterprise,20,0.0,0.0,True,False,False,False,monthly,True
672,S-dccf50,A-a09355,28-11-2024,Ongoing,Enterprise,23,4577.0,54924.0,False,False,False,False,annual,False
673,S-023f3c,A-b9eed8,16-03-2024,Ongoing,Enterprise,15,2985.0,35820.0,False,False,False,False,annual,False
674,S-c35f78,A-95b24a,11-10-2024,Ongoing,Pro,38,0.0,0.0,True,True,False,False,annual,True
675,S-eb15a1,A-2edab2,30-11-2024,Ongoing,Enterprise,17,3383.0,40596.0,False,False,False,False,monthly,True
676,S-079321,A-e1462e,27-07-2023,Ongoing,Pro,15,735.0,8820.0,False,False,False,False,annual,False
677,S-c25263,A-c7ffc2,22-09-2023,Ongoing,Basic,30,570.0,6840.0,False,True,False,False,annual,True
678,S-a86344,A-00bed1,18-08-2024,Ongoing,Pro,36,1764.0,21168.0,False,True,False,False,annual,True
679,S-4cdee1,A-8b25f2,19-02-2024,Ongoing,Enterprise,20,0.0,0.0,True,False,False,False,monthly,True
680,S-381c99,A-e7a1e2,03-11-2024,Ongoing,Basic,3,57.0,684.0,False,False,False,False,monthly,True
681,S-8e719f,A-4437e4,16-08-2024,Ongoing,Basic,11,209.0,2508.0,False,False,False,False,annual,True
682,S-d111f5,A-f03140,25-05-2024,Ongoing,Basic,27,513.0,6156.0,False,False,False,False,monthly,True
683,S-82484b,A-cab532,22-11-2024,Ongoing,Pro,21,1029.0,12348.0,False,False,False,False,annual,True
684,S-891eb4,A-716841,20-09-2024,Ongoing,Pro,45,2205.0,26460.0,False,False,False,False,annual,True
685,S-4e3e04,A-883b7d,16-08-2024,Ongoing,Enterprise,17,3383.0,40596.0,False,False,False,False,annual,False
686,S-7679b6,A-7f29a7,14-10-2024,Ongoing,Pro,41,2009.0,24108.0,False,False,False,False,annual,False
687,S-de9ce0,A-faa28c,06-08-2024,26-12-2024,Enterprise,48,9552.0,114624.0,False,False,False,True,annual,True
688,S-37d13a,A-029f69,11-08-2024,Ongoing,Enterprise,15,0.0,0.0,True,False,False,False,annual,True
689,S-7d0dea,A-69b156,16-11-2024,Ongoing,Pro,7,0.0,0.0,True,False,True,False,monthly,True
690,S-83c56d,A-716841,13-12-2024,Ongoing,Enterprise,45,8955.0,107460.0,False,False,False,False,monthly,True
691,S-5ee117,A-f5641b,25-07-2024,Ongoing,Pro,31,1519.0,18228.0,False,False,False,False,monthly,True
692,S-5e572d,A-94f8c9,16-07-2024,Ongoing,Enterprise,13,2587.0,31044.0,False,False,False,False,annual,False
693,S-7b29d1,A-80eeb6,19-04-2024,Ongoing,Enterprise,65,12935.0,155220.0,False,False,False,False,monthly,True
694,S-ff79f7,A-726cfa,02-08-2024,Ongoing,Enterprise,19,3781.0,45372.0,False,False,False,False,monthly,True
695,S-bb82ac,A-e19ff6,29-10-2023,Ongoing,Basic,38,722.0,8664.0,False,False,False,False,annual,True
696,S-b21a0b,A-b7ef83,29-10-2024,Ongoing,Pro,17,833.0,9996.0,False,False,False,False,monthly,True
697,S-711820,A-08e34e,02-09-2024,Ongoing,Basic,49,931.0,11172.0,False,False,False,False,annual,False
698,S-22365f,A-05f0e5,11-06-2023,Ongoing,Enterprise,32,6368.0,76416.0,False,False,False,False,annual,True
699,S-f0d2fd,A-19b2c8,20-07-2024,Ongoing,Enterprise,28,5572.0,66864.0,False,False,False,False,annual,True
700,S-f225d0,A-d4ac0e,19-05-2024,Ongoing,Basic,18,342.0,4104.0,False,False,False,False,annual,True
701,S-a10eb2,A-3c1a3f,31-08-2023,Ongoing,Basic,45,0.0,0.0,True,False,False,False,annual,False
702,S-78ffdd,A-503d5a,07-11-2023,Ongoing,Enterprise,12,2388.0,28656.0,False,False,False,False,monthly,True
703,S-97a010,A-dcc3f1,22-03-2024,Ongoing,Enterprise,21,0.0,0.0,True,False,False,False,monthly,True
704,S-7785af,A-a1b80b,28-03-2024,Ongoing,Enterprise,16,3184.0,38208.0,False,True,False,False,monthly,False
705,S-120ae3,A-781cc0,24-09-2024,Ongoing,Basic,34,646.0,7752.0,False,False,False,False,annual,True
706,S-37b59a,A-2d1036,24-09-2024,18-12-2024,Pro,69,3381.0,40572.0,False,False,False,True,annual,True
707,S-f36371,A-34d880,22-07-2024,Ongoing,Enterprise,35,6965.0,83580.0,False,False,False,False,monthly,False
708,S-329a60,A-c16cf7,24-10-2024,Ongoing,Basic,84,1596.0,19152.0,False,False,False,False,annual,True
709,S-5ca11a,A-309e54,26-12-2024,Ongoing,Enterprise,48,9552.0,114624.0,False,False,False,False,annual,True
710,S-c8fa77,A-56962b,28-08-2024,Ongoing,Basic,163,3097.0,37164.0,False,False,False,False,monthly,True
711,S-016b5f,A-977ca0,08-04-2024,Ongoing,Enterprise,6,0.0,0.0,True,False,False,False,monthly,True
712,S-cf2b4a,A-9f9299,30-11-2023,15-08-2024,Pro,28,1372.0,16464.0,False,False,False,True,monthly,True
713,S-6f1051,A-e98302,01-02-2024,Ongoing,Enterprise,34,6766.0,81192.0,False,False,False,False,annual,True
714,S-33db08,A-fa3095,30-12-2024,Ongoing,Basic,70,1330.0,15960.0,False,False,False,False,annual,True
715,S-4daf2d,A-297a2d,05-11-2024,Ongoing,Enterprise,27,5373.0,64476.0,False,False,False,False,annual,True
716,S-4ed997,A-d82ef9,23-10-2024,Ongoing,Pro,26,1274.0,15288.0,False,False,False,False,annual,True
717,S-8ae507,A-72799b,16-03-2024,Ongoing,Pro,20,980.0,11760.0,False,True,False,False,annual,False
718,S-3eb206,A-b179bf,24-12-2024,Ongoing,Enterprise,43,8557.0,102684.0,False,False,False,False,monthly,True
719,S-6643a2,A-331424,04-01-2024,Ongoing,Pro,11,0.0,0.0,True,False,False,False,monthly,True
720,S-41ca59,A-692f18,18-07-2024,Ongoing,Enterprise,37,7363.0,88356.0,False,False,False,False,monthly,True
721,S-720c17,A-4e0e85,16-02-2024,Ongoing,Pro,20,0.0,0.0,True,False,False,False,annual,True
722,S-afc545,A-0baac2,14-10-2024,Ongoing,Basic,33,627.0,7524.0,False,False,False,False,annual,True
723,S-5e6fc2,A-52dd88,12-12-2023,Ongoing,Basic,23,437.0,5244.0,False,False,False,False,annual,True
724,S-9dcef8,A-b30291,27-09-2024,Ongoing,Basic,41,779.0,9348.0,False,False,False,False,monthly,True
725,S-389426,A-922109,04-07-2024,Ongoing,Pro,3,147.0,1764.0,False,False,False,False,monthly,True
726,S-1131ff,A-0f7d77,01-12-2024,31-12-2024,Basic,3,0.0,0.0,True,False,False,True,monthly,True
727,S-c9da7a,A-0651a4,10-11-2024,Ongoing,Basic,16,304.0,3648.0,False,False,False,False,monthly,True
728,S-eabe72,A-5790f4,26-12-2024,Ongoing,Basic,33,627.0,7524.0,False,False,False,False,monthly,False
729,S-fffeb8,A-69fad4,17-12-2023,Ongoing,Enterprise,10,1990.0,23880.0,False,False,False,False,annual,True
730,S-92dede,A-9208f0,28-08-2023,Ongoing,Basic,4,76.0,912.0,False,False,False,False,monthly,True
731,S-8d122e,A-e6afc1,12-07-2024,Ongoing,Enterprise,16,3184.0,38208.0,False,False,False,False,monthly,True
732,S-285534,A-49b828,09-11-2024,Ongoing,Basic,13,247.0,2964.0,False,False,False,False,annual,True
733,S-1cebf9,A-dfbd31,16-10-2024,Ongoing,Pro,60,2940.0,35280.0,False,False,False,False,annual,True
734,S-36ad61,A-a09355,19-10-2024,Ongoing,Pro,14,686.0,8232.0,False,False,False,False,monthly,True
735,S-9fbee8,A-49b828,09-10-2024,Ongoing,Pro,10,490.0,5880.0,False,False,False,False,annual,True
736,S-d5d8ef,A-e51ec7,11-10-2024,Ongoing,Enterprise,83,16517.0,198204.0,False,False,False,False,monthly,False
737,S-418b7c,A-35083d,17-10-2024,Ongoing,Pro,19,931.0,11172.0,False,False,False,False,annual,True
738,S-506cbd,A-9c18c4,29-08-2023,22-02-2024,Enterprise,19,3781.0,45372.0,False,False,False,True,annual,False
739,S-ee5448,A-cc1d8d,29-12-2024,Ongoing,Basic,9,171.0,2052.0,False,False,False,False,annual,True
740,S-d32441,A-781cc0,19-09-2024,24-11-2024,Enterprise,12,2388.0,28656.0,False,False,False,True,annual,True
741,S-7f5316,A-856b1e,17-10-2024,Ongoing,Basic,19,0.0,0.0,True,False,False,False,monthly,True
742,S-bdf8bf,A-cdf020,01-12-2023,23-09-2024,Pro,31,1519.0,18228.0,False,False,False,True,monthly,True
743,S-795878,A-5b1bcd,19-03-2024,Ongoing,Enterprise,73,14527.0,174324.0,False,False,False,False,annual,True
744,S-2fc8fa,A-65a46c,10-08-2024,Ongoing,Pro,13,637.0,7644.0,False,True,False,False,monthly,False
745,S-c508b3,A-671f31,24-12-2024,Ongoing,Enterprise,59,11741.0,140892.0,False,False,False,False,annual,False
746,S-42d724,A-7a0d69,01-08-2024,Ongoing,Pro,4,0.0,0.0,True,False,False,False,annual,True
747,S-bd9394,A-039727,28-11-2024,Ongoing,Enterprise,64,0.0,0.0,True,True,False,False,annual,False
748,S-9b12da,A-702032,13-12-2024,21-12-2024,Pro,28,1372.0,16464.0,False,False,False,True,annual,True
749,S-3632aa,A-f25509,28-05-2024,Ongoing,Enterprise,32,6368.0,76416.0,False,False,False,False,monthly,True
750,S-9488ec,A-1e1b80,02-11-2023,Ongoing,Enterprise,50,9950.0,119400.0,False,False,False,False,annual,False
751,S-f40318,A-e19ff6,25-03-2024,Ongoing,Enterprise,14,0.0,0.0,True,False,False,False,annual,False
752,S-214edb,A-558c72,25-06-2024,Ongoing,Basic,77,1463.0,17556.0,False,False,False,False,monthly,True
753,S-d43a40,A-4e0e85,20-09-2024,Ongoing,Basic,15,0.0,0.0,True,False,False,False,annual,True
754,S-565c4b,A-7920cc,27-11-2023,Ongoing,Basic,39,741.0,8892.0,False,False,False,False,annual,True
755,S-1ebe39,A-0651a4,02-11-2024,Ongoing,Enterprise,19,3781.0,45372.0,False,False,False,False,annual,True
756,S-dc3bbc,A-80eeb6,18-09-2024,Ongoing,Pro,25,1225.0,14700.0,False,False,False,False,annual,True
757,S-937207,A-8bde0c,28-12-2024,Ongoing,Enterprise,12,2388.0,28656.0,False,False,False,False,monthly,True
758,S-14c8b9,A-aa9511,29-11-2023,Ongoing,Enterprise,33,6567.0,78804.0,False,False,False,False,monthly,True
759,S-fd648e,A-396e5f,29-10-2024,Ongoing,Pro,37,1813.0,21756.0,False,False,False,False,annual,False
760,S-3b3fac,A-7641d3,21-11-2024,Ongoing,Basic,10,190.0,2280.0,False,False,False,False,annual,True
761,S-561850,A-0a62f5,23-10-2024,Ongoing,Pro,16,784.0,9408.0,False,False,False,False,annual,True
762,S-2ded36,A-a1b80b,08-09-2024,Ongoing,Enterprise,16,3184.0,38208.0,False,True,False,False,annual,True
763,S-6904e6,A-39b19f,23-02-2023,Ongoing,Pro,16,784.0,9408.0,False,False,False,False,monthly,True
764,S-07f282,A-88c6ca,19-11-2024,Ongoing,Enterprise,5,995.0,11940.0,False,False,False,False,monthly,True
765,S-343743,A-2d1036,25-08-2024,Ongoing,Pro,69,3381.0,40572.0,False,False,False,False,annual,True
766,S-d92159,A-b30291,22-12-2024,Ongoing,Pro,5,245.0,2940.0,False,False,False,False,annual,True
767,S-a9916f,A-054577,18-05-2024,Ongoing,Pro,7,343.0,4116.0,False,False,False,False,annual,True
768,S-ec690c,A-328bd0,11-10-2023,Ongoing,Basic,18,342.0,4104.0,False,False,False,False,annual,True
769,S-ee2669,A-e43bf7,29-12-2024,Ongoing,Enterprise,44,8756.0,105072.0,False,False,False,False,annual,True
770,S-e6cfc1,A-1e6fc3,11-01-2024,02-04-2024,Basic,1,0.0,0.0,True,False,False,True,annual,True
771,S-195f9b,A-92a333,08-02-2024,Ongoing,Pro,14,686.0,8232.0,False,False,False,False,annual,True
772,S-704b48,A-a7bd4b,15-11-2023,10-10-2024,Enterprise,15,0.0,0.0,True,False,False,True,annual,False
773,S-a1d67e,A-bbc346,20-12-2024,Ongoing,Pro,20,980.0,11760.0,False,False,False,False,annual,False
774,S-55a3e4,A-f5641b,21-12-2024,Ongoing,Pro,31,1519.0,18228.0,False,False,False,False,annual,False
775,S-ffd591,A-157070,11-02-2024,15-04-2024,Basic,17,323.0,3876.0,False,True,False,True,monthly,True
776,S-f0972b,A-b7b7b7,02-09-2024,Ongoing,Enterprise,27,5373.0,64476.0,False,False,False,False,monthly,True
777,S-65491f,A-039727,12-11-2024,Ongoing,Pro,25,1225.0,14700.0,False,False,False,False,monthly,False
778,S-ad26e3,A-c37601,04-11-2024,09-12-2024,Pro,6,0.0,0.0,True,False,False,True,monthly,False
779,S-53fa80,A-462d45,05-08-2024,Ongoing,Enterprise,14,2786.0,33432.0,False,False,False,False,monthly,True
780,S-592443,A-c1dfe1,01-05-2024,Ongoing,Enterprise,26,5174.0,62088.0,False,False,True,False,monthly,False
781,S-6c6e91,A-2bc93d,16-04-2024,Ongoing,Pro,31,1519.0,18228.0,False,False,False,False,monthly,True
782,S-c17a35,A-1ac5e0,25-11-2024,Ongoing,Pro,33,1617.0,19404.0,False,False,False,False,monthly,False
783,S-3a79ac,A-f92792,15-11-2024,Ongoing,Basic,4,0.0,0.0,True,False,False,False,monthly,True
784,S-2f138c,A-ce66f8,27-07-2024,Ongoing,Pro,29,1421.0,17052.0,False,False,False,False,annual,True
785,S-d2b5db,A-db5e9e,09-12-2024,Ongoing,Pro,13,0.0,0.0,True,False,False,False,annual,False
786,S-b6c0a0,A-443b7c,01-11-2024,Ongoing,Basic,3,57.0,684.0,False,False,False,False,monthly,True
787,S-770018,A-149a69,14-12-2024,Ongoing,Enterprise,34,6766.0,81192.0,False,False,False,False,annual,False
788,S-18f7e5,A-2789e3,04-12-2024,Ongoing,Enterprise,30,5970.0,71640.0,False,False,False,False,annual,True
789,S-80632f,A-068fc6,06-07-2024,Ongoing,Pro,35,1715.0,20580.0,False,False,False,False,monthly,False
790,S-c0e639,A-7920cc,07-01-2024,Ongoing,Pro,50,0.0,0.0,True,False,False,False,annual,True
791,S-63606e,A-7a0d69,28-09-2024,Ongoing,Pro,4,196.0,2352.0,False,True,False,False,monthly,True
792,S-038c7d,A-712426,10-11-2024,Ongoing,Basic,9,0.0,0.0,True,False,False,False,monthly,True
793,S-0c03b0,A-39b19f,23-11-2023,Ongoing,Pro,36,1764.0,21168.0,False,False,False,False,monthly,False
794,S-18f829,A-a33200,16-11-2024,Ongoing,Pro,36,1764.0,21168.0,False,True,False,False,annual,True
795,S-4bfa1d,A-ce550d,21-12-2024,30-12-2024,Pro,35,1715.0,20580.0,False,False,False,True,monthly,True
796,S-c657b6,A-7c5768,05-03-2024,Ongoing,Enterprise,5,995.0,11940.0,False,False,False,False,annual,True
797,S-8b721c,A-8b25f2,14-09-2024,Ongoing,Enterprise,28,5572.0,66864.0,False,False,False,False,annual,True
798,S-290ee5,A-68f37c,26-03-2024,Ongoing,Basic,67,1273.0,15276.0,False,False,False,False,annual,True
799,S-f6f1e1,A-337bc1,09-08-2024,Ongoing,Basic,40,760.0,9120.0,False,True,False,False,annual,True
800,S-597873,A-05f0e5,09-07-2024,Ongoing,Enterprise,32,6368.0,76416.0,False,False,False,False,monthly,True
801,S-e50d84,A-0baac2,11-12-2024,Ongoing,Enterprise,14,2786.0,33432.0,False,False,False,False,annual,True
802,S-9ed535,A-4f18f0,04-10-2024,Ongoing,Enterprise,24,4776.0,57312.0,False,False,False,False,annual,True
803,S-e66f1a,A-fa2041,16-07-2024,Ongoing,Basic,20,0.0,0.0,True,False,False,False,monthly,True
804,S-c8ba3e,A-5b4ebb,22-09-2024,Ongoing,Basic,21,399.0,4788.0,False,False,False,False,annual,True
805,S-755e1b,A-e4144b,18-12-2024,Ongoing,Pro,41,2009.0,24108.0,False,False,False,False,annual,True
806,S-5cba26,A-8b25f2,30-07-2024,Ongoing,Basic,6,114.0,1368.0,False,False,False,False,monthly,True
807,S-579a24,A-32fb14,04-09-2024,Ongoing,Basic,26,494.0,5928.0,False,True,False,False,monthly,False
808,S-e561b9,A-d26ab4,13-11-2024,30-11-2024,Pro,18,882.0,10584.0,False,False,True,True,monthly,True
809,S-8ae804,A-0dbdc6,05-05-2024,Ongoing,Enterprise,50,9950.0,119400.0,False,False,False,False,monthly,True
810,S-d97ff1,A-7d514c,20-03-2024,Ongoing,Basic,17,323.0,3876.0,False,False,False,False,monthly,True
811,S-bb8429,A-dbc825,27-04-2024,Ongoing,Pro,19,931.0,11172.0,False,False,False,False,annual,True
812,S-78ba09,A-f97b9a,30-11-2024,Ongoing,Pro,54,2646.0,31752.0,False,True,False,False,annual,False
813,S-979365,A-bb2f49,29-06-2023,Ongoing,Pro,68,3332.0,39984.0,False,False,True,False,monthly,True
814,S-b96ee3,A-c16b88,20-12-2024,Ongoing,Basic,23,437.0,5244.0,False,False,False,False,monthly,True
815,S-70cc83,A-313be3,16-12-2024,Ongoing,Pro,47,2303.0,27636.0,False,False,False,False,monthly,True
816,S-3b29ea,A-c37cab,26-11-2024,Ongoing,Basic,13,247.0,2964.0,False,False,False,False,monthly,False
817,S-8ff318,A-e7beab,23-12-2024,29-12-2024,Pro,5,245.0,2940.0,False,False,False,True,monthly,True
818,S-0509b8,A-e351e1,26-12-2024,29-12-2024,Basic,33,627.0,7524.0,False,False,False,True,annual,True
819,S-95cf94,A-1ac5e0,24-10-2024,Ongoing,Basic,33,627.0,7524.0,False,False,False,False,annual,True
820,S-7da02b,A-f44180,20-05-2023,19-12-2023,Enterprise,89,17711.0,212532.0,False,False,False,True,annual,True
821,S-07ff57,A-c608c8,11-03-2024,Ongoing,Pro,58,2842.0,34104.0,False,False,False,False,monthly,False
822,S-a0ba0c,A-eb1312,18-12-2024,Ongoing,Basic,42,798.0,9576.0,False,False,False,False,monthly,True
823,S-b250cc,A-029f69,08-11-2024,Ongoing,Enterprise,3,597.0,7164.0,False,True,False,False,annual,True
824,S-d11e9f,A-186a44,10-08-2024,Ongoing,Basic,20,380.0,4560.0,False,False,False,False,monthly,True
825,S-24a63d,A-712533,23-11-2023,Ongoing,Basic,36,684.0,8208.0,False,False,False,False,annual,True
826,S-aba835,A-5b1bcd,23-09-2023,02-11-2024,Basic,73,1387.0,16644.0,False,False,False,True,annual,True
827,S-a0c517,A-7f6b86,24-10-2023,Ongoing,Pro,59,2891.0,34692.0,False,True,False,False,monthly,True
828,S-c3cb12,A-ce550d,01-11-2024,Ongoing,Enterprise,54,10746.0,128952.0,False,False,False,False,annual,False
829,S-a88726,A-a33200,30-11-2024,Ongoing,Basic,29,551.0,6612.0,False,False,False,False,annual,True
830,S-d7ae8c,A-72799b,28-12-2023,Ongoing,Basic,20,380.0,4560.0,False,True,False,False,monthly,True
831,S-86fd71,A-0651a4,27-10-2024,Ongoing,Enterprise,60,11940.0,143280.0,False,False,False,False,annual,True
832,S-cac22d,A-19b2c8,06-08-2023,Ongoing,Basic,20,380.0,4560.0,False,False,False,False,annual,True
833,S-f463d3,A-acb7f7,24-03-2024,Ongoing,Enterprise,32,6368.0,76416.0,False,True,False,False,monthly,True
834,S-6ceec5,A-7e0a10,24-07-2024,Ongoing,Basic,46,874.0,10488.0,False,False,False,False,annual,True
835,S-9220c9,A-417d2f,23-06-2024,Ongoing,Pro,4,196.0,2352.0,False,False,False,False,monthly,True
836,S-d97185,A-592832,22-12-2024,Ongoing,Pro,37,1813.0,21756.0,False,False,False,False,annual,True
837,S-0e3b42,A-cb5333,02-06-2024,12-06-2024,Pro,33,1617.0,19404.0,False,False,True,True,annual,False
838,S-1ad0ca,A-ed510f,09-04-2024,Ongoing,Enterprise,42,8358.0,100296.0,False,False,False,False,annual,True
839,S-21e372,A-4e960a,23-09-2024,Ongoing,Basic,12,228.0,2736.0,False,False,False,False,monthly,True
840,S-05624a,A-c37cab,26-10-2024,Ongoing,Pro,13,637.0,7644.0,False,False,False,False,annual,True
841,S-44a7c3,A-50f3f7,23-10-2024,Ongoing,Enterprise,31,6169.0,74028.0,False,False,False,False,monthly,True
842,S-a9e864,A-44dc83,24-09-2024,Ongoing,Basic,17,0.0,0.0,True,False,False,False,annual,True
843,S-5e558a,A-10b8f2,07-10-2023,Ongoing,Enterprise,47,9353.0,112236.0,False,False,False,False,annual,True
844,S-ea5984,A-977ca0,20-02-2023,Ongoing,Enterprise,6,1194.0,14328.0,False,False,False,False,annual,True
845,S-d6d433,A-5247b3,14-06-2024,19-11-2024,Basic,16,0.0,0.0,True,False,False,True,annual,True
846,S-d93967,A-075038,11-01-2024,Ongoing,Pro,50,2450.0,29400.0,False,False,False,False,monthly,False
847,S-0e8ae2,A-4814a3,24-11-2024,Ongoing,Pro,87,0.0,0.0,True,False,False,False,monthly,True
848,S-5eb846,A-2789e3,10-12-2024,Ongoing,Pro,11,539.0,6468.0,False,False,False,False,monthly,False
849,S-472fda,A-883b7d,19-08-2024,Ongoing,Pro,27,1323.0,15876.0,False,False,False,False,annual,True
850,S-afc4cb,A-86fc1d,16-10-2024,Ongoing,Basic,26,494.0,5928.0,False,False,False,False,monthly,True
851,S-a69aed,A-0b0d6d,30-12-2024,Ongoing,Basic,3,57.0,684.0,False,False,False,False,monthly,True
852,S-41f762,A-faa28c,15-02-2024,Ongoing,Basic,48,0.0,0.0,True,False,False,False,monthly,True
853,S-853f5d,A-bcf664,01-12-2023,Ongoing,Basic,13,247.0,2964.0,False,False,False,False,monthly,True
854,S-35a22f,A-b07b56,19-12-2024,Ongoing,Pro,34,1666.0,19992.0,False,False,False,False,annual,True
855,S-fd04d6,A-b07346,28-12-2024,Ongoing,Enterprise,51,0.0,0.0,True,False,False,False,annual,True
856,S-5ed35a,A-32fb14,16-03-2024,21-04-2024,Basic,47,893.0,10716.0,False,False,False,True,monthly,True
857,S-2ddf94,A-19b2c8,05-01-2024,Ongoing,Enterprise,20,3980.0,47760.0,False,False,False,False,annual,False
858,S-02be35,A-e08cd3,01-10-2024,21-12-2024,Pro,67,3283.0,39396.0,False,False,False,True,monthly,True
859,S-6e0edc,A-a1b80b,07-09-2024,Ongoing,Enterprise,16,3184.0,38208.0,False,False,False,False,annual,True
860,S-01990c,A-d62e02,22-11-2024,Ongoing,Enterprise,16,3184.0,38208.0,False,False,False,False,monthly,True
861,S-28eb12,A-d535f6,20-11-2024,Ongoing,Pro,12,588.0,7056.0,False,False,False,False,monthly,False
862,S-5e06b2,A-5247b3,17-04-2024,Ongoing,Pro,16,0.0,0.0,True,False,False,False,monthly,True
863,S-a01aad,A-5f7781,14-10-2024,Ongoing,Enterprise,22,4378.0,52536.0,False,False,False,False,monthly,True
864,S-e42331,A-94f8c9,25-07-2024,Ongoing,Enterprise,23,0.0,0.0,True,False,False,False,annual,True
865,S-36ee88,A-fabe19,23-11-2024,Ongoing,Enterprise,31,6169.0,74028.0,False,False,False,False,monthly,True
866,S-b147b9,A-fce879,13-12-2024,Ongoing,Basic,21,399.0,4788.0,False,False,False,False,annual,True
867,S-fc44ed,A-f5641b,23-05-2024,Ongoing,Enterprise,31,6169.0,74028.0,False,False,False,False,annual,True
868,S-3ee7c3,A-cdf020,06-04-2024,10-11-2024,Enterprise,23,4577.0,54924.0,False,False,False,True,monthly,False
869,S-7a9d40,A-157070,18-12-2024,26-12-2024,Basic,38,722.0,8664.0,False,False,False,True,annual,True
870,S-53d6be,A-993085,11-05-2024,Ongoing,Enterprise,31,0.0,0.0,True,False,False,False,monthly,True
871,S-dbd6b9,A-cea1f0,19-11-2024,Ongoing,Pro,8,0.0,0.0,True,False,False,False,annual,True
872,S-e63c67,A-1f7acb,03-07-2024,Ongoing,Pro,64,3136.0,37632.0,False,False,False,False,annual,True
873,S-82eb3e,A-49b828,18-07-2024,Ongoing,Enterprise,6,1194.0,14328.0,False,False,False,False,annual,False
874,S-5a18e5,A-3d957b,05-08-2024,Ongoing,Enterprise,14,2786.0,33432.0,False,True,False,False,monthly,True
875,S-193d88,A-4437e4,12-10-2024,Ongoing,Enterprise,6,1194.0,14328.0,False,True,True,False,annual,True
876,S-29b014,A-a1b80b,15-07-2024,Ongoing,Pro,36,1764.0,21168.0,False,False,False,False,annual,True
877,S-7ce677,A-2e4581,20-10-2024,Ongoing,Pro,9,441.0,5292.0,False,False,False,False,monthly,True
878,S-7f7e38,A-bb1486,13-11-2024,Ongoing,Pro,42,2058.0,24696.0,False,False,False,False,monthly,True
879,S-c5723e,A-544d0a,27-06-2024,Ongoing,Basic,11,209.0,2508.0,False,False,False,False,annual,True
880,S-388190,A-d40bf7,27-12-2024,Ongoing,Enterprise,59,11741.0,140892.0,False,False,False,False,annual,False
881,S-da0fb6,A-d77f4c,04-07-2024,Ongoing,Enterprise,55,10945.0,131340.0,False,False,False,False,monthly,True
882,S-95c467,A-c37601,02-11-2024,Ongoing,Pro,10,490.0,5880.0,False,False,False,False,annual,True
883,S-15a058,A-9208f0,29-09-2023,03-04-2024,Pro,2,98.0,1176.0,False,False,False,True,monthly,True
884,S-67474a,A-7d514c,13-06-2024,Ongoing,Pro,17,833.0,9996.0,False,False,False,False,monthly,True
885,S-8c767b,A-b07b56,03-12-2024,09-12-2024,Enterprise,29,0.0,0.0,True,False,False,True,monthly,True
886,S-5bde76,A-cb5333,08-09-2024,Ongoing,Pro,33,1617.0,19404.0,False,False,False,False,monthly,True
887,S-746e1b,A-90a8c8,17-09-2024,Ongoing,Enterprise,73,14527.0,174324.0,False,False,False,False,annual,True
888,S-460deb,A-832ec2,27-11-2024,Ongoing,Enterprise,22,4378.0,52536.0,False,True,False,False,annual,False
889,S-62af97,A-05f0e5,30-06-2023,Ongoing,Pro,46,2254.0,27048.0,False,False,False,False,annual,False
890,S-7b01d4,A-cbbe12,08-06-2024,Ongoing,Pro,49,2401.0,28812.0,False,True,False,False,monthly,True
891,S-59f6b6,A-dec005,10-11-2024,Ongoing,Basic,21,399.0,4788.0,False,True,False,False,monthly,False
892,S-8013f6,A-6a7c9d,11-12-2024,20-12-2024,Basic,47,893.0,10716.0,False,False,False,True,monthly,True
893,S-dcd084,A-d27f50,05-12-2024,09-12-2024,Enterprise,48,9552.0,114624.0,False,False,False,True,annual,True
894,S-8e6903,A-bd4708,15-09-2024,Ongoing,Basic,37,703.0,8436.0,False,False,False,False,monthly,False
895,S-a96f6c,A-b30291,23-10-2024,Ongoing,Pro,13,0.0,0.0,True,False,False,False,monthly,True
896,S-7730b1,A-e51ec7,01-05-2024,Ongoing,Pro,4,196.0,2352.0,False,False,False,False,annual,True
897,S-62f048,A-c45b23,13-02-2024,Ongoing,Pro,7,343.0,4116.0,False,False,False,False,monthly,True
898,S-4f56f5,A-922109,13-11-2024,Ongoing,Enterprise,3,597.0,7164.0,False,False,False,False,monthly,True
899,S-851743,A-443b7c,27-10-2024,Ongoing,Pro,13,637.0,7644.0,False,True,False,False,monthly,True
900,S-8bfab5,A-af0cd2,30-05-2024,14-12-2024,Pro,19,931.0,11172.0,False,False,False,True,monthly,True
901,S-f5d8ce,A-756192,27-10-2023,Ongoing,Pro,19,931.0,11172.0,False,False,False,False,monthly,False
902,S-58a152,A-90a8c8,03-12-2024,Ongoing,Enterprise,15,2985.0,35820.0,False,False,False,False,monthly,False
903,S-ec41f7,A-8bde0c,13-12-2024,Ongoing,Enterprise,19,3781.0,45372.0,False,True,False,False,monthly,True
904,S-8a4156,A-5a184f,31-08-2023,Ongoing,Pro,19,0.0,0.0,True,False,False,False,annual,True
905,S-b0af8f,A-ff79f2,17-10-2024,Ongoing,Enterprise,8,0.0,0.0,True,False,False,False,monthly,True
906,S-6cafdf,A-6f8ad2,27-12-2024,Ongoing,Pro,7,343.0,4116.0,False,False,False,False,annual,False
907,S-708924,A-7a0d69,12-09-2024,Ongoing,Basic,22,0.0,0.0,True,False,False,False,annual,True
908,S-fced99,A-39b19f,03-10-2024,Ongoing,Enterprise,42,0.0,0.0,True,False,False,False,monthly,True
909,S-8c61f4,A-72799b,17-04-2024,Ongoing,Basic,34,646.0,7752.0,False,False,False,False,annual,False
910,S-2daa17,A-c62e55,05-05-2024,Ongoing,Enterprise,15,2985.0,35820.0,False,False,False,False,monthly,True
911,S-81fe83,A-b48f73,15-11-2024,Ongoing,Basic,80,1520.0,18240.0,False,False,False,False,monthly,True
912,S-53f831,A-82861f,29-07-2024,Ongoing,Basic,41,779.0,9348.0,False,False,False,False,monthly,False
913,S-fe0c52,A-6f8ad2,22-07-2024,Ongoing,Basic,29,0.0,0.0,True,False,False,False,monthly,False
914,S-6d3f0b,A-82d8a6,16-12-2024,Ongoing,Basic,36,684.0,8208.0,False,False,False,False,annual,True
915,S-25b756,A-d82ef9,30-07-2024,Ongoing,Pro,58,2842.0,34104.0,False,True,False,False,annual,True
916,S-c899a3,A-2446e3,21-01-2024,Ongoing,Pro,27,1323.0,15876.0,False,False,True,False,monthly,True
917,S-05ef15,A-d42431,24-10-2024,Ongoing,Basic,35,665.0,7980.0,False,False,False,False,monthly,True
918,S-8ececc,A-533452,15-12-2024,Ongoing,Pro,9,441.0,5292.0,False,False,False,False,annual,True
919,S-a24db6,A-96215d,13-09-2024,Ongoing,Enterprise,14,2786.0,33432.0,False,True,False,False,monthly,True
920,S-9acc7f,A-4437e4,10-07-2024,Ongoing,Enterprise,16,3184.0,38208.0,False,False,False,False,monthly,True
921,S-bb1a91,A-5c046d,18-08-2024,Ongoing,Basic,93,1767.0,21204.0,False,False,False,False,annual,True
922,S-80c296,A-e888d1,19-12-2024,Ongoing,Pro,17,833.0,9996.0,False,False,False,False,monthly,True
923,S-275d57,A-b3fe05,11-11-2024,Ongoing,Basic,15,285.0,3420.0,False,False,False,False,monthly,True
924,S-6ca46a,A-0cc442,25-09-2024,Ongoing,Enterprise,53,10547.0,126564.0,False,True,False,False,annual,True
925,S-98845b,A-db5e9e,15-11-2024,Ongoing,Basic,42,798.0,9576.0,False,False,False,False,annual,True
926,S-fb285f,A-82d8a6,22-12-2024,Ongoing,Basic,32,608.0,7296.0,False,False,False,False,annual,True
927,S-da9f05,A-151c9a,08-05-2023,Ongoing,Pro,23,1127.0,13524.0,False,False,True,False,annual,True
928,S-9f38a5,A-cc102e,30-05-2024,Ongoing,Basic,13,247.0,2964.0,False,False,False,False,monthly,True
929,S-dc7143,A-3ce5b8,28-04-2024,Ongoing,Enterprise,14,2786.0,33432.0,False,False,False,False,monthly,True
930,S-68ecd5,A-684255,18-08-2024,Ongoing,Enterprise,9,1791.0,21492.0,False,False,False,False,annual,True
931,S-601bbe,A-0532a9,26-11-2024,Ongoing,Pro,21,1029.0,12348.0,False,True,False,False,monthly,False
932,S-a34e37,A-10b8da,27-04-2024,Ongoing,Enterprise,23,0.0,0.0,True,False,False,False,annual,True
933,S-0a70a3,A-5b051a,21-10-2024,24-12-2024,Basic,22,418.0,5016.0,False,False,False,True,annual,True
934,S-de543d,A-1e50e0,25-04-2023,13-01-2024,Enterprise,19,0.0,0.0,True,False,False,True,annual,True
935,S-084e4f,A-054577,22-11-2024,Ongoing,Basic,25,475.0,5700.0,False,False,False,False,annual,False
936,S-febd10,A-e61e98,05-01-2024,Ongoing,Pro,32,0.0,0.0,True,False,False,False,annual,True
937,S-25a969,A-c9bb3e,02-06-2024,Ongoing,Basic,15,285.0,3420.0,False,False,False,False,annual,True
938,S-5d299e,A-560d27,25-10-2024,Ongoing,Enterprise,23,4577.0,54924.0,False,False,False,False,monthly,True
939,S-5a1fc3,A-05d3b3,29-01-2024,Ongoing,Enterprise,13,2587.0,31044.0,False,False,False,False,monthly,True
940,S-af854c,A-cab532,16-02-2024,Ongoing,Enterprise,58,0.0,0.0,True,False,False,False,annual,True
941,S-70b1cf,A-4ae22a,24-09-2024,Ongoing,Basic,28,532.0,6384.0,False,False,False,False,monthly,True
942,S-feaca1,A-2ebb4b,03-10-2023,Ongoing,Enterprise,65,12935.0,155220.0,False,False,False,False,monthly,True
943,S-f1aa04,A-7f4db3,24-07-2023,Ongoing,Pro,7,343.0,4116.0,False,False,False,False,monthly,True
944,S-ca0eb1,A-6e08f3,25-07-2023,Ongoing,Enterprise,24,0.0,0.0,True,False,False,False,monthly,True
945,S-a4b1af,A-17939a,26-12-2024,Ongoing,Enterprise,13,2587.0,31044.0,False,False,False,False,monthly,True
946,S-b15faf,A-3a5ad8,15-05-2024,Ongoing,Basic,95,1805.0,21660.0,False,False,False,False,monthly,True
947,S-108282,A-49b828,26-03-2024,Ongoing,Pro,30,1470.0,17640.0,False,False,False,False,annual,True
948,S-9b623b,A-712426,08-12-2024,Ongoing,Enterprise,13,2587.0,31044.0,False,False,False,False,annual,True
949,S-b28ec2,A-ee42db,03-11-2023,Ongoing,Basic,33,627.0,7524.0,False,False,False,False,monthly,False
950,S-d1ef4d,A-3a5ad8,18-12-2023,Ongoing,Enterprise,9,0.0,0.0,True,False,False,False,annual,True
951,S-c4a98e,A-ced9aa,16-12-2024,Ongoing,Enterprise,5,995.0,11940.0,False,False,False,False,monthly,True
952,S-bff8c5,A-202b67,18-07-2024,Ongoing,Basic,11,209.0,2508.0,False,False,False,False,monthly,True
953,S-3401bf,A-1619f8,09-06-2024,Ongoing,Enterprise,55,10945.0,131340.0,False,False,False,False,annual,True
954,S-a583df,A-84ebe4,07-08-2024,Ongoing,Enterprise,45,8955.0,107460.0,False,False,False,False,annual,True
955,S-f80617,A-d4ac0e,28-10-2024,16-12-2024,Basic,18,342.0,4104.0,False,False,False,True,annual,True
956,S-e7e013,A-241e75,07-08-2024,Ongoing,Basic,18,342.0,4104.0,False,False,False,False,monthly,False
957,S-4d2392,A-e61e98,05-11-2023,Ongoing,Pro,19,931.0,11172.0,False,True,False,False,monthly,False
958,S-f6b264,A-4a4c2d,02-02-2024,Ongoing,Pro,54,2646.0,31752.0,False,False,False,False,monthly,False
959,S-c8fd93,A-0354fe,16-11-2024,20-11-2024,Basic,34,646.0,7752.0,False,True,False,True,monthly,True
960,S-f60667,A-b7ef83,18-09-2024,Ongoing,Enterprise,5,995.0,11940.0,False,True,False,False,annual,True
961,S-8e602b,A-a33200,26-10-2024,Ongoing,Pro,29,1421.0,17052.0,False,False,False,False,monthly,False
962,S-2ba4ee,A-cab532,21-05-2024,Ongoing,Basic,20,0.0,0.0,True,False,False,False,annual,True
963,S-ed75af,A-1f0636,09-06-2024,Ongoing,Pro,105,5145.0,61740.0,False,True,False,False,monthly,True
964,S-214d98,A-560d27,01-06-2024,Ongoing,Pro,23,1127.0,13524.0,False,False,False,False,annual,False
965,S-343642,A-3cc791,31-01-2024,Ongoing,Basic,25,0.0,0.0,True,False,False,False,annual,False
966,S-f5c7b2,A-f44180,25-03-2023,Ongoing,Enterprise,9,1791.0,21492.0,False,False,False,False,annual,True
967,S-33df6f,A-0baac2,11-12-2024,12-12-2024,Enterprise,14,2786.0,33432.0,False,False,False,True,monthly,True
968,S-9225ac,A-eafc6e,28-09-2024,Ongoing,Pro,31,0.0,0.0,True,False,False,False,annual,True
969,S-a332ba,A-69b156,15-04-2024,09-07-2024,Pro,7,343.0,4116.0,False,False,False,True,annual,False
970,S-c2168a,A-37f969,22-08-2024,Ongoing,Basic,30,570.0,6840.0,False,False,False,False,monthly,True
971,S-31090f,A-328bd0,20-08-2024,Ongoing,Basic,18,342.0,4104.0,False,False,False,False,monthly,False
972,S-f316d5,A-f25509,26-12-2024,Ongoing,Basic,57,1083.0,12996.0,False,False,True,False,annual,True
973,S-6d0817,A-fa2041,19-08-2024,Ongoing,Pro,21,1029.0,12348.0,False,False,False,False,monthly,True
974,S-b63db8,A-faa28c,18-09-2024,Ongoing,Enterprise,48,9552.0,114624.0,False,False,False,False,monthly,False
975,S-cfcd07,A-4a267b,29-08-2024,Ongoing,Basic,25,0.0,0.0,True,False,False,False,annual,True
976,S-c192eb,A-ff79f2,19-10-2024,Ongoing,Enterprise,83,16517.0,198204.0,False,False,False,False,monthly,True
977,S-bfc0f8,A-7cfe77,10-08-2024,Ongoing,Basic,69,1311.0,15732.0,False,False,False,False,monthly,True
978,S-90525e,A-ed510f,21-04-2024,Ongoing,Enterprise,42,8358.0,100296.0,False,False,False,False,annual,True
979,S-4d9bfd,A-2bc93d,31-08-2024,Ongoing,Enterprise,14,0.0,0.0,True,False,False,False,annual,True
980,S-741431,A-6e7827,30-08-2024,Ongoing,Enterprise,11,2189.0,26268.0,False,False,False,False,monthly,True
981,S-c3660c,A-779e4e,18-07-2024,Ongoing,Pro,5,245.0,2940.0,False,False,False,False,monthly,True
982,S-9a8d01,A-751c58,30-08-2024,Ongoing,Pro,33,1617.0,19404.0,False,True,False,False,monthly,False
983,S-18e3a5,A-c43359,25-11-2024,28-11-2024,Basic,38,722.0,8664.0,False,False,False,True,annual,True
984,S-a04ba5,A-afa505,02-06-2024,Ongoing,Enterprise,70,13930.0,167160.0,False,False,False,False,annual,True
985,S-be601b,A-8ae05d,07-07-2024,Ongoing,Basic,86,1634.0,19608.0,False,False,False,False,monthly,True
986,S-951de6,A-ccb686,04-05-2024,10-10-2024,Basic,10,190.0,2280.0,False,False,False,True,annual,True
987,S-665df9,A-a0ca4e,28-10-2024,Ongoing,Pro,11,539.0,6468.0,False,False,False,False,annual,True
988,S-a0f3f7,A-c37cab,30-07-2024,Ongoing,Enterprise,21,4179.0,50148.0,False,False,False,False,annual,True
989,S-e090ae,A-e2cd1b,25-05-2024,Ongoing,Enterprise,15,2985.0,35820.0,False,False,False,False,annual,True
990,S-dad08c,A-977ca0,14-04-2024,Ongoing,Pro,20,0.0,0.0,True,False,False,False,monthly,True
991,S-053142,A-ffc04f,06-11-2024,Ongoing,Basic,16,304.0,3648.0,False,False,False,False,monthly,True
992,S-5a6941,A-4a267b,22-09-2024,Ongoing,Pro,25,1225.0,14700.0,False,False,False,False,monthly,True
993,S-856241,A-32fb14,12-09-2023,Ongoing,Basic,26,494.0,5928.0,False,False,False,False,monthly,True
994,S-eaa2c2,A-2ebb4b,06-05-2024,Ongoing,Basic,41,779.0,9348.0,False,False,False,False,monthly,True
995,S-e567db,A-716841,14-05-2024,Ongoing,Enterprise,45,0.0,0.0,True,False,False,False,annual,True
996,S-94fc5d,A-86902e,30-07-2023,Ongoing,Basic,34,0.0,0.0,True,False,False,False,monthly,True
997,S-474b5a,A-05d3b3,26-11-2023,Ongoing,Basic,11,209.0,2508.0,False,False,False,False,annual,False
998,S-bf304b,A-89ee83,27-12-2024,Ongoing,Enterprise,18,3582.0,42984.0,False,False,False,False,monthly,True
999,S-b22602,A-b9f5b1,04-05-2024,29-09-2024,Enterprise,39,0.0,0.0,True,False,False,True,annual,True
1000,S-09c11e,A-19b2c8,12-07-2023,Ongoing,Basic,20,380.0,4560.0,False,False,False,False,annual,False
1001,S-13d6d1,A-ff79f2,28-07-2024,Ongoing,Pro,10,490.0,5880.0,False,False,False,False,monthly,False
1002,S-9eda4d,A-524364,31-12-2024,Ongoing,Enterprise,3,0.0,0.0,True,False,False,False,monthly,True
1003,S-779baa,A-eafc6e,30-10-2024,Ongoing,Basic,30,0.0,0.0,True,False,False,False,monthly,True
1004,S-20952f,A-d82ef9,10-09-2024,Ongoing,Pro,26,1274.0,15288.0,False,False,False,False,annual,True
1005,S-d2fae0,A-2789e3,10-10-2024,Ongoing,Enterprise,11,0.0,0.0,True,False,False,False,monthly,True
1006,S-0206eb,A-883b7d,26-04-2024,Ongoing,Basic,31,589.0,7068.0,False,False,False,False,monthly,True
1007,S-3bd95c,A-51ec1b,12-11-2024,Ongoing,Enterprise,17,3383.0,40596.0,False,True,False,False,annual,True
1008,S-88cb91,A-cab532,16-12-2024,Ongoing,Pro,35,1715.0,20580.0,False,False,False,False,annual,True
1009,S-bb45bb,A-b07346,22-12-2024,Ongoing,Enterprise,51,10149.0,121788.0,False,False,False,False,annual,False
1010,S-5c631b,A-b7ef83,01-07-2024,Ongoing,Enterprise,26,5174.0,62088.0,False,False,False,False,annual,False
1011,S-6f6fca,A-560d27,07-11-2024,Ongoing,Enterprise,50,0.0,0.0,True,True,False,False,annual,True
1012,S-b6ab32,A-dbc825,08-04-2024,05-08-2024,Enterprise,19,3781.0,45372.0,False,False,False,True,annual,True
1013,S-9a6596,A-503d5a,21-10-2023,Ongoing,Basic,49,931.0,11172.0,False,False,True,False,monthly,True
1014,S-8e5df4,A-b3fe05,04-11-2024,Ongoing,Basic,15,285.0,3420.0,False,False,False,False,monthly,True
1015,S-d2624d,A-4e0e85,19-07-2024,Ongoing,Pro,6,294.0,3528.0,False,False,False,False,annual,False
1016,S-3c1038,A-30b4ca,13-08-2024,Ongoing,Pro,86,0.0,0.0,True,False,False,False,monthly,True
1017,S-ee53e8,A-1b9609,03-09-2024,Ongoing,Basic,17,323.0,3876.0,False,False,False,False,annual,True
1018,S-11eef4,A-5c046d,23-07-2024,Ongoing,Pro,93,4557.0,54684.0,False,False,False,False,annual,True
1019,S-9a065e,A-92a3af,24-11-2024,Ongoing,Pro,25,1225.0,14700.0,False,False,False,False,monthly,True
1020,S-7a2991,A-4d1e75,14-11-2024,Ongoing,Pro,39,1911.0,22932.0,False,False,False,False,annual,True
1021,S-ca136e,A-cb5333,09-04-2024,Ongoing,Basic,44,836.0,10032.0,False,False,False,False,monthly,True
1022,S-52b9a9,A-86902e,12-04-2024,Ongoing,Enterprise,34,6766.0,81192.0,False,True,False,False,annual,True
1023,S-712e04,A-cc98bc,20-09-2024,Ongoing,Basic,32,0.0,0.0,True,False,False,False,monthly,True
1024,S-70e232,A-331424,24-01-2024,Ongoing,Enterprise,11,2189.0,26268.0,False,False,False,False,annual,True
1025,S-04911c,A-bc87bc,01-12-2024,15-12-2024,Pro,3,0.0,0.0,True,False,False,True,annual,True
1026,S-384681,A-e08cd3,25-12-2024,Ongoing,Basic,67,1273.0,15276.0,False,False,True,False,annual,True
1027,S-875cf3,A-54ecc2,29-04-2024,Ongoing,Enterprise,30,5970.0,71640.0,False,False,False,False,monthly,True
1028,S-335e1e,A-22f2df,24-12-2024,Ongoing,Pro,40,1960.0,23520.0,False,False,False,False,monthly,True
1029,S-da8d5f,A-55f257,06-03-2024,Ongoing,Pro,14,686.0,8232.0,False,False,False,False,monthly,True
1030,S-8cd315,A-c1e51e,19-11-2024,Ongoing,Enterprise,55,10945.0,131340.0,False,False,False,False,monthly,True
1031,S-0bb284,A-b07b56,16-12-2024,Ongoing,Pro,27,1323.0,15876.0,False,False,False,False,monthly,False
1032,S-0283b5,A-443f6f,10-12-2024,Ongoing,Pro,19,931.0,11172.0,False,False,False,False,annual,True
1033,S-9a8f71,A-a7bd4b,19-03-2023,Ongoing,Pro,8,392.0,4704.0,False,False,False,False,annual,True
1034,S-44c9ae,A-f3ff05,10-11-2024,Ongoing,Basic,2,0.0,0.0,True,False,False,False,annual,False
1035,S-c98905,A-de24d5,28-12-2024,Ongoing,Pro,5,245.0,2940.0,False,False,False,False,monthly,False
1036,S-bcbe03,A-2789e3,22-10-2024,Ongoing,Basic,11,209.0,2508.0,False,False,False,False,monthly,False
1037,S-9871f4,A-8e47ca,05-03-2024,Ongoing,Basic,19,361.0,4332.0,False,False,False,False,monthly,True
1038,S-635c1e,A-b2af2e,31-12-2024,Ongoing,Basic,54,1026.0,12312.0,False,False,True,False,annual,False
1039,S-d32fbc,A-798a3f,01-07-2024,Ongoing,Basic,12,228.0,2736.0,False,False,False,False,monthly,True
1040,S-17e05f,A-fa3095,18-12-2024,Ongoing,Pro,70,3430.0,41160.0,False,False,False,False,annual,True
1041,S-9c6bd0,A-075038,11-04-2024,Ongoing,Basic,17,323.0,3876.0,False,False,False,False,monthly,True
1042,S-90d405,A-d62e02,30-12-2024,Ongoing,Enterprise,6,1194.0,14328.0,False,False,False,False,monthly,False
1043,S-d80516,A-f19409,22-04-2023,Ongoing,Pro,44,2156.0,25872.0,False,True,False,False,annual,True
1044,S-425607,A-ffdfd5,11-06-2024,Ongoing,Basic,21,399.0,4788.0,False,False,False,False,annual,True
1045,S-0eb2e0,A-970c97,23-03-2024,Ongoing,Enterprise,14,2786.0,33432.0,False,False,False,False,monthly,True
1046,S-fe753c,A-0532a9,23-11-2024,Ongoing,Basic,19,361.0,4332.0,False,False,False,False,monthly,True
1047,S-cb54dc,A-560d27,17-11-2024,Ongoing,Enterprise,42,0.0,0.0,True,False,False,False,annual,False
1048,S-e338a1,A-d40bf7,14-12-2024,Ongoing,Pro,59,2891.0,34692.0,False,False,False,False,monthly,True
1049,S-441ab2,A-e36807,07-07-2024,Ongoing,Basic,25,0.0,0.0,True,False,False,False,annual,True
1050,S-bb9299,A-7da956,16-10-2024,Ongoing,Pro,13,0.0,0.0,True,False,False,False,annual,True
1051,S-07c505,A-bc4d48,12-07-2024,Ongoing,Pro,35,1715.0,20580.0,False,True,False,False,monthly,True
1052,S-cd3a01,A-98a59a,10-05-2024,Ongoing,Basic,56,1064.0,12768.0,False,False,False,False,monthly,False
1053,S-9d78e2,A-d3c88e,28-12-2024,Ongoing,Enterprise,47,9353.0,112236.0,False,False,False,False,monthly,True
1054,S-8ca516,A-f19409,21-09-2024,Ongoing,Pro,23,1127.0,13524.0,False,False,False,False,annual,True
1055,S-cafa84,A-bbc346,16-09-2024,Ongoing,Enterprise,19,3781.0,45372.0,False,False,False,False,annual,True
1056,S-92f4b4,A-6da850,09-02-2024,Ongoing,Basic,18,342.0,4104.0,False,False,False,False,monthly,True
1057,S-1ad713,A-f97b9a,19-06-2024,Ongoing,Enterprise,16,3184.0,38208.0,False,False,False,False,annual,True
1058,S-d9eb73,A-32fb14,18-07-2023,Ongoing,Basic,26,0.0,0.0,True,False,False,False,annual,True
1059,S-31ac79,A-f19b24,01-12-2024,Ongoing,Basic,29,551.0,6612.0,False,False,False,False,monthly,True
1060,S-2f8dbb,A-13466a,18-11-2023,23-06-2024,Basic,2,38.0,456.0,False,False,False,True,annual,False
1061,S-f554b0,A-faa28c,30-11-2024,Ongoing,Enterprise,48,9552.0,114624.0,False,True,False,False,annual,True
1062,S-81d63a,A-c62e55,07-02-2024,Ongoing,Pro,56,2744.0,32928.0,False,False,False,False,annual,True
1063,S-1b6221,A-f6b2fb,12-06-2024,23-12-2024,Enterprise,23,0.0,0.0,True,False,False,True,monthly,False
1064,S-e1ee60,A-712533,18-11-2024,Ongoing,Enterprise,18,3582.0,42984.0,False,False,False,False,monthly,True
1065,S-44c5dd,A-eb7c38,21-10-2024,Ongoing,Basic,5,95.0,1140.0,False,False,False,False,annual,False
1066,S-f0fe0a,A-d5a319,22-08-2024,Ongoing,Pro,24,1176.0,14112.0,False,False,False,False,monthly,True
1067,S-653165,A-ac85cd,26-09-2024,13-12-2024,Basic,53,1007.0,12084.0,False,False,False,True,annual,True
1068,S-5c8af8,A-a2485e,05-11-2024,Ongoing,Pro,10,490.0,5880.0,False,False,False,False,monthly,True
1069,S-878fe0,A-5a215a,10-12-2024,Ongoing,Pro,87,4263.0,51156.0,False,False,False,False,annual,True
1070,S-4d8a27,A-977ca0,03-07-2024,Ongoing,Basic,20,380.0,4560.0,False,True,False,False,monthly,True
1071,S-5c4ef1,A-922109,23-03-2024,Ongoing,Pro,38,1862.0,22344.0,False,False,False,False,annual,True
1072,S-d4c0a0,A-81edc3,25-01-2024,Ongoing,Pro,18,882.0,10584.0,False,False,False,False,annual,True
1073,S-2d62ad,A-dcc2f0,29-11-2023,Ongoing,Enterprise,15,2985.0,35820.0,False,False,False,False,monthly,True
1074,S-7d2c1b,A-34d880,04-06-2024,Ongoing,Pro,9,0.0,0.0,True,False,False,False,monthly,True
1075,S-6bfd97,A-016043,16-10-2024,Ongoing,Enterprise,59,0.0,0.0,True,True,False,False,annual,True
1076,S-b4c914,A-bd4513,13-12-2024,Ongoing,Pro,50,2450.0,29400.0,False,True,False,False,monthly,True
1077,S-e9e03c,A-e40f45,20-08-2024,Ongoing,Enterprise,21,4179.0,50148.0,False,True,False,False,monthly,True
1078,S-906b0c,A-712533,05-12-2024,Ongoing,Pro,18,882.0,10584.0,False,False,False,False,monthly,False
1079,S-783694,A-fa3095,18-12-2023,Ongoing,Enterprise,70,13930.0,167160.0,False,False,False,False,annual,True
1080,S-9c5590,A-9affe6,09-06-2024,Ongoing,Enterprise,7,1393.0,16716.0,False,False,False,False,annual,True
1081,S-b7c506,A-c37cab,27-09-2024,Ongoing,Basic,30,570.0,6840.0,False,False,False,False,monthly,True
1082,S-48ce17,A-d42431,08-12-2024,Ongoing,Enterprise,22,4378.0,52536.0,False,False,False,False,annual,True
1083,S-a2aa70,A-4d1e75,17-12-2024,Ongoing,Pro,47,0.0,0.0,True,False,False,False,monthly,False
1084,S-6ff09c,A-d62e02,11-12-2024,Ongoing,Basic,16,304.0,3648.0,False,False,False,False,annual,True
1085,S-b40b4d,A-9f0b68,09-08-2024,Ongoing,Basic,36,684.0,8208.0,False,False,False,False,monthly,True
1086,S-c51ab8,A-82861f,19-11-2024,Ongoing,Enterprise,41,8159.0,97908.0,False,False,False,False,annual,False
1087,S-07ace5,A-71615e,21-09-2024,Ongoing,Enterprise,32,6368.0,76416.0,False,False,False,False,monthly,True
1088,S-e715bb,A-6a4e2d,15-11-2023,Ongoing,Basic,14,266.0,3192.0,False,False,False,False,monthly,True
1089,S-fcfb31,A-089363,03-10-2023,Ongoing,Enterprise,31,0.0,0.0,True,False,False,False,monthly,False
1090,S-8cb02e,A-de24d5,09-12-2024,21-12-2024,Pro,77,3773.0,45276.0,False,False,False,True,annual,True
1091,S-79ba6e,A-fd7ad3,14-11-2024,Ongoing,Enterprise,24,0.0,0.0,True,False,False,False,annual,True
1092,S-4f2ca8,A-544d0a,24-09-2024,Ongoing,Enterprise,64,12736.0,152832.0,False,False,False,False,annual,True
1093,S-c97604,A-d77f4c,04-05-2024,Ongoing,Enterprise,13,2587.0,31044.0,False,False,False,False,annual,True
1094,S-595693,A-2d4502,25-09-2024,Ongoing,Basic,67,0.0,0.0,True,False,False,False,annual,True
1095,S-276d44,A-87aa7b,17-06-2024,Ongoing,Pro,24,1176.0,14112.0,False,False,False,False,monthly,True
1096,S-6c9ec4,A-b9eed8,30-11-2024,Ongoing,Basic,18,342.0,4104.0,False,False,False,False,monthly,True
1097,S-e33883,A-f9cc74,22-12-2024,Ongoing,Pro,30,0.0,0.0,True,False,False,False,monthly,True
1098,S-c25e9d,A-cc1d8d,17-12-2024,Ongoing,Basic,5,95.0,1140.0,False,False,False,False,monthly,False
1099,S-1d7e7f,A-d922bf,01-09-2024,21-10-2024,Enterprise,15,2985.0,35820.0,False,False,False,True,annual,True
1100,S-c9199e,A-d4ac0e,01-11-2024,Ongoing,Pro,33,1617.0,19404.0,False,True,False,False,annual,True
1101,S-cdc347,A-8ed5dd,31-01-2024,Ongoing,Enterprise,5,995.0,11940.0,False,False,False,False,monthly,True
1102,S-3df0c3,A-922109,06-04-2024,Ongoing,Basic,72,1368.0,16416.0,False,False,False,False,annual,True
1103,S-ea4844,A-c16b88,03-06-2024,Ongoing,Pro,23,1127.0,13524.0,False,False,False,False,monthly,True
1104,S-a1d3ad,A-8ae05d,09-06-2024,Ongoing,Basic,86,0.0,0.0,True,False,False,False,monthly,True
1105,S-19b415,A-f446b6,28-05-2023,Ongoing,Basic,30,570.0,6840.0,False,False,False,False,annual,True
1106,S-4df6ec,A-c9bb3e,02-11-2024,Ongoing,Basic,10,190.0,2280.0,False,False,False,False,monthly,True
1107,S-8dfd77,A-2922b6,25-12-2024,Ongoing,Pro,20,980.0,11760.0,False,True,False,False,annual,False
1108,S-126e7e,A-0f7d77,21-12-2024,Ongoing,Enterprise,7,1393.0,16716.0,False,False,False,False,monthly,False
1109,S-b608f5,A-977ca0,25-07-2024,Ongoing,Pro,31,1519.0,18228.0,False,False,False,False,annual,True
1110,S-1c45b4,A-13466a,20-04-2024,Ongoing,Basic,65,0.0,0.0,True,False,False,False,monthly,True
1111,S-4a8fda,A-e1462e,20-11-2024,Ongoing,Basic,15,285.0,3420.0,False,False,False,False,annual,False
1112,S-ccc10f,A-87aa7b,19-11-2024,Ongoing,Basic,24,456.0,5472.0,False,False,False,False,annual,True
1113,S-689032,A-410e86,14-12-2024,25-12-2024,Enterprise,24,0.0,0.0,True,False,False,True,monthly,False
1114,S-5e5ff0,A-832ec2,04-09-2024,Ongoing,Pro,6,0.0,0.0,True,False,False,False,annual,True
1115,S-bf43b4,A-6f8ad2,04-12-2024,Ongoing,Pro,41,2009.0,24108.0,False,False,False,False,monthly,True
1116,S-379d32,A-a8b49c,13-10-2024,Ongoing,Enterprise,22,4378.0,52536.0,False,True,False,False,annual,True
1117,S-0adca9,A-b3fe05,07-10-2024,Ongoing,Basic,55,1045.0,12540.0,False,False,False,False,monthly,True
1118,S-413a1d,A-7df7a7,25-05-2024,Ongoing,Enterprise,7,1393.0,16716.0,False,False,True,False,monthly,True
1119,S-8451e7,A-82861f,04-10-2024,Ongoing,Enterprise,41,8159.0,97908.0,False,False,False,False,annual,True
1120,S-9c0df6,A-883b7d,24-04-2024,07-09-2024,Pro,41,2009.0,24108.0,False,False,False,True,monthly,True
1121,S-be0fc9,A-e693b6,31-08-2024,Ongoing,Enterprise,55,0.0,0.0,True,False,False,False,annual,True
1122,S-e3903e,A-6da850,16-10-2024,08-12-2024,Pro,31,1519.0,18228.0,False,False,False,True,annual,True
1123,S-8fcce1,A-ccb686,20-06-2024,Ongoing,Pro,19,931.0,11172.0,False,False,True,False,monthly,True
1124,S-3279f1,A-c4ea60,09-11-2024,Ongoing,Enterprise,18,3582.0,42984.0,False,False,False,False,annual,True
1125,S-0da40c,A-6e7827,23-10-2024,30-10-2024,Pro,50,2450.0,29400.0,False,False,False,True,annual,False
1126,S-343bab,A-f1f639,18-08-2023,Ongoing,Enterprise,5,995.0,11940.0,False,False,False,False,monthly,True
1127,S-b2d7c6,A-c9bb3e,20-08-2024,Ongoing,Enterprise,28,0.0,0.0,True,True,False,False,monthly,True
1128,S-d322a2,A-4c6f11,01-08-2024,Ongoing,Basic,24,456.0,5472.0,False,False,False,False,monthly,True
1129,S-b76de2,A-993085,18-08-2023,Ongoing,Pro,31,1519.0,18228.0,False,False,False,False,annual,True
1130,S-64dcb7,A-f92792,08-12-2024,Ongoing,Pro,8,392.0,4704.0,False,False,False,False,annual,False
1131,S-969f4c,A-b11cd0,10-10-2023,23-10-2024,Basic,26,0.0,0.0,True,False,False,True,monthly,True
1132,S-b2409c,A-dcc2f0,16-01-2024,Ongoing,Enterprise,15,2985.0,35820.0,False,False,False,False,monthly,True
1133,S-430691,A-4814a3,13-11-2024,Ongoing,Pro,87,4263.0,51156.0,False,False,False,False,monthly,True
1134,S-4bb483,A-9f9299,06-10-2024,Ongoing,Enterprise,28,5572.0,66864.0,False,False,False,False,monthly,True
1135,S-4ed473,A-bcf664,20-11-2023,06-12-2023,Enterprise,12,2388.0,28656.0,False,False,False,True,annual,True
1136,S-223221,A-2bc93d,09-08-2023,Ongoing,Enterprise,40,7960.0,95520.0,False,False,False,False,monthly,True
1137,S-5eaab8,A-0f3e88,11-12-2024,23-12-2024,Pro,7,343.0,4116.0,False,False,False,True,monthly,False
1138,S-f5bd45,A-b7b7b7,20-10-2024,Ongoing,Enterprise,39,7761.0,93132.0,False,False,False,False,monthly,True
1139,S-a6285f,A-039727,08-12-2024,Ongoing,Enterprise,30,5970.0,71640.0,False,False,False,False,annual,True
1140,S-dc2418,A-35083d,23-01-2024,Ongoing,Basic,34,646.0,7752.0,False,False,False,False,monthly,True
1141,S-d0d19f,A-157070,03-07-2024,Ongoing,Pro,33,0.0,0.0,True,False,False,False,annual,True
1142,S-e73303,A-ba6516,28-06-2024,Ongoing,Enterprise,38,7562.0,90744.0,False,False,False,False,monthly,True
1143,S-7f15a3,A-53f4e3,05-12-2024,Ongoing,Enterprise,13,2587.0,31044.0,False,False,False,False,annual,True
1144,S-ee941d,A-241e75,08-09-2024,Ongoing,Basic,14,266.0,3192.0,False,False,False,False,annual,True
1145,S-ccf11b,A-a0ca4e,02-08-2024,Ongoing,Pro,11,539.0,6468.0,False,False,False,False,annual,True
1146,S-a9ec8b,A-e3bd71,11-02-2024,Ongoing,Enterprise,31,6169.0,74028.0,False,False,False,False,monthly,True
1147,S-d959d3,A-3b5cd1,24-12-2024,Ongoing,Enterprise,21,4179.0,50148.0,False,False,False,False,annual,True
1148,S-124336,A-9f0b68,30-11-2024,Ongoing,Pro,18,0.0,0.0,True,True,False,False,annual,True
1149,S-5cb8a6,A-9779ad,14-08-2024,Ongoing,Pro,40,1960.0,23520.0,False,False,False,False,monthly,False
1150,S-aced77,A-5c046d,20-12-2024,Ongoing,Enterprise,93,18507.0,222084.0,False,False,False,False,annual,True
1151,S-a6e444,A-81edc3,28-11-2024,Ongoing,Enterprise,5,995.0,11940.0,False,False,False,False,monthly,False
1152,S-4f7b91,A-5247b3,19-06-2024,Ongoing,Enterprise,16,3184.0,38208.0,False,True,False,False,annual,True
1153,S-8f8c47,A-e6afc1,27-08-2023,Ongoing,Pro,28,0.0,0.0,True,False,False,False,monthly,True
1154,S-b9ea73,A-b30291,09-04-2024,Ongoing,Basic,5,95.0,1140.0,False,False,False,False,monthly,True
1155,S-97efb2,A-410e86,16-11-2024,22-11-2024,Enterprise,24,4776.0,57312.0,False,False,False,True,annual,True
1156,S-76c7da,A-88c6ca,22-11-2024,Ongoing,Enterprise,11,0.0,0.0,True,False,False,False,annual,True
1157,S-334ceb,A-bece89,08-03-2024,Ongoing,Basic,26,494.0,5928.0,False,False,False,False,monthly,False
1158,S-09223a,A-e40f45,04-06-2024,Ongoing,Basic,21,399.0,4788.0,False,False,False,False,monthly,True
1159,S-2fcf09,A-d792a6,27-09-2024,Ongoing,Enterprise,58,0.0,0.0,True,False,False,False,monthly,True
1160,S-e740b4,A-5c9849,10-11-2024,Ongoing,Basic,65,1235.0,14820.0,False,False,False,False,monthly,True
1161,S-150c71,A-4437e4,17-08-2024,Ongoing,Enterprise,11,2189.0,26268.0,False,True,False,False,monthly,True
1162,S-6ba608,A-e7beab,15-12-2023,Ongoing,Enterprise,11,2189.0,26268.0,False,False,False,False,monthly,True
1163,S-e0bfb1,A-029f69,04-08-2024,23-08-2024,Pro,21,1029.0,12348.0,False,False,False,True,annual,False
1164,S-1e15d1,A-700ade,17-11-2024,31-12-2024,Pro,25,1225.0,14700.0,False,False,False,True,annual,True
1165,S-7d9605,A-fb186e,16-11-2024,Ongoing,Basic,33,0.0,0.0,True,False,False,False,annual,False
1166,S-0ae33f,A-075038,14-07-2023,Ongoing,Pro,103,5047.0,60564.0,False,False,False,False,annual,True
1167,S-eff018,A-0532a9,02-10-2024,Ongoing,Pro,19,931.0,11172.0,False,False,True,False,annual,True
1168,S-08a3d4,A-faa28c,11-09-2024,Ongoing,Basic,49,931.0,11172.0,False,False,False,False,annual,True
1169,S-48d1f2,A-e08cd3,16-10-2024,Ongoing,Enterprise,67,13333.0,159996.0,False,False,False,False,annual,False
1170,S-92dbcc,A-faa28c,25-12-2024,Ongoing,Pro,48,2352.0,28224.0,False,False,False,False,monthly,True
1171,S-da164e,A-9174e0,21-12-2024,Ongoing,Pro,37,1813.0,21756.0,False,False,False,False,monthly,True
1172,S-3dc066,A-dcc3f1,20-11-2024,Ongoing,Basic,21,399.0,4788.0,False,False,False,False,annual,False
1173,S-4fd561,A-0dbdc6,04-11-2023,Ongoing,Basic,30,570.0,6840.0,False,False,False,False,monthly,True
1174,S-feb4b0,A-a45270,12-07-2024,Ongoing,Enterprise,10,1990.0,23880.0,False,False,False,False,annual,True
1175,S-3ba19e,A-075038,10-08-2024,Ongoing,Basic,49,0.0,0.0,True,False,False,False,annual,True
1176,S-461988,A-02cd81,28-03-2024,Ongoing,Basic,44,836.0,10032.0,False,False,False,False,annual,False
1177,S-0b6899,A-313be3,31-01-2024,Ongoing,Enterprise,47,9353.0,112236.0,False,False,False,False,annual,False
1178,S-bff540,A-798a3f,06-05-2024,Ongoing,Enterprise,12,2388.0,28656.0,False,False,False,False,monthly,True
1179,S-a57b2c,A-fd9422,11-12-2024,Ongoing,Pro,58,0.0,0.0,True,False,False,False,annual,True
1180,S-e8776c,A-c222ab,12-12-2024,Ongoing,Enterprise,32,6368.0,76416.0,False,False,False,False,monthly,True
1181,S-de9e50,A-67be94,21-11-2023,Ongoing,Basic,41,779.0,9348.0,False,False,False,False,annual,True
1182,S-429220,A-18793f,29-12-2024,Ongoing,Pro,148,7252.0,87024.0,False,False,False,False,monthly,True
1183,S-601f31,A-625d0b,09-11-2024,Ongoing,Pro,14,686.0,8232.0,False,False,False,False,annual,True
1184,S-8dd1f6,A-098560,24-03-2024,Ongoing,Pro,12,588.0,7056.0,False,False,False,False,monthly,False
1185,S-ff109c,A-df1e44,09-04-2024,Ongoing,Pro,12,588.0,7056.0,False,False,False,False,annual,False
1186,S-556071,A-9077b0,20-12-2024,30-12-2024,Pro,63,0.0,0.0,True,False,False,True,monthly,True
1187,S-f4019e,A-7988d1,28-09-2024,16-11-2024,Basic,33,627.0,7524.0,False,False,False,True,monthly,False
1188,S-246f9c,A-544d0a,27-10-2024,Ongoing,Pro,6,294.0,3528.0,False,False,True,False,monthly,True
1189,S-5639de,A-eb1312,13-12-2024,Ongoing,Pro,25,1225.0,14700.0,False,False,False,False,annual,True
1190,S-104053,A-2bc93d,20-12-2024,Ongoing,Pro,35,1715.0,20580.0,False,False,False,False,monthly,True
1191,S-4bfe7b,A-9b9fe9,16-10-2023,Ongoing,Basic,11,0.0,0.0,True,False,False,False,monthly,True
1192,S-deb65c,A-1f0636,30-10-2024,Ongoing,Basic,105,1995.0,23940.0,False,False,False,False,annual,True
1193,S-cfb108,A-c608c8,30-06-2023,Ongoing,Enterprise,3,597.0,7164.0,False,False,True,False,annual,True
1194,S-e62fc9,A-0651a4,23-12-2024,Ongoing,Pro,16,784.0,9408.0,False,False,False,False,monthly,False
1195,S-935e79,A-c4ea60,19-02-2024,Ongoing,Basic,58,0.0,0.0,True,False,False,False,annual,True
1196,S-92e8cb,A-d4e0d4,23-10-2024,Ongoing,Pro,117,5733.0,68796.0,False,False,True,False,monthly,False
1197,S-1f4db5,A-2e3bad,29-09-2024,Ongoing,Enterprise,61,12139.0,145668.0,False,False,False,False,annual,True
1198,S-4893cd,A-9c18c4,26-12-2023,Ongoing,Enterprise,11,2189.0,26268.0,False,False,False,False,monthly,True
1199,S-0abdec,A-4a4c2d,14-07-2023,Ongoing,Basic,54,1026.0,12312.0,False,False,False,False,monthly,True
1200,S-31428b,A-86cdb4,14-12-2024,Ongoing,Basic,52,988.0,11856.0,False,False,False,False,annual,True
1201,S-381420,A-42b791,25-10-2024,25-11-2024,Basic,27,513.0,6156.0,False,False,False,True,monthly,True
1202,S-0a28cd,A-e5d6ab,08-10-2023,Ongoing,Enterprise,21,4179.0,50148.0,False,False,False,False,monthly,True
1203,S-25ff39,A-798a3f,24-03-2024,Ongoing,Basic,42,798.0,9576.0,False,False,False,False,annual,True
1204,S-a82639,A-89ee83,25-10-2024,Ongoing,Enterprise,40,7960.0,95520.0,False,False,False,False,monthly,True
1205,S-ada718,A-f6b2fb,18-11-2024,Ongoing,Basic,23,437.0,5244.0,False,False,False,False,monthly,False
1206,S-06e837,A-7c4956,17-12-2023,29-03-2024,Basic,9,0.0,0.0,True,False,False,True,annual,True
1207,S-b488bc,A-f45426,15-11-2024,Ongoing,Pro,11,0.0,0.0,True,False,False,False,monthly,True
1208,S-d11408,A-781cc0,30-11-2024,Ongoing,Enterprise,12,0.0,0.0,True,False,False,False,monthly,True
1209,S-36f26c,A-e36807,17-12-2024,Ongoing,Basic,63,1197.0,14364.0,False,False,False,False,monthly,True
1210,S-7cc0ec,A-a6d261,25-02-2024,Ongoing,Pro,9,441.0,5292.0,False,False,False,False,monthly,False
1211,S-cb8654,A-94d3da,07-02-2024,Ongoing,Basic,41,0.0,0.0,True,False,False,False,annual,True
1212,S-934f6d,A-40a557,23-11-2024,Ongoing,Pro,16,784.0,9408.0,False,False,False,False,monthly,True
1213,S-e9737c,A-3c1a3f,28-12-2023,Ongoing,Enterprise,29,5771.0,69252.0,False,False,False,False,monthly,True
1214,S-7f0419,A-84ebe4,22-06-2023,Ongoing,Enterprise,18,3582.0,42984.0,False,False,False,False,annual,True
1215,S-e002a1,A-940b8b,07-06-2024,Ongoing,Basic,45,0.0,0.0,True,False,False,False,annual,True
1216,S-5f30ce,A-9077b0,26-08-2024,Ongoing,Basic,2,38.0,456.0,False,False,False,False,monthly,True
1217,S-557f3e,A-b7ef83,20-06-2024,Ongoing,Enterprise,13,2587.0,31044.0,False,False,False,False,annual,True
1218,S-a3e1e3,A-05d3b3,26-09-2024,Ongoing,Enterprise,9,0.0,0.0,True,False,False,False,monthly,True
1219,S-70a554,A-f19409,09-08-2023,Ongoing,Enterprise,23,4577.0,54924.0,False,False,False,False,annual,True
1220,S-b35b20,A-0b0d6d,31-12-2024,Ongoing,Pro,3,147.0,1764.0,False,True,False,False,monthly,True
1221,S-95d1dd,A-c58f49,13-09-2024,Ongoing,Enterprise,70,13930.0,167160.0,False,False,False,False,monthly,True
1222,S-540cee,A-202b67,22-06-2024,Ongoing,Enterprise,25,4975.0,59700.0,False,True,False,False,annual,True
1223,S-635570,A-883b7d,12-05-2024,Ongoing,Enterprise,50,0.0,0.0,True,False,False,False,annual,False
1224,S-172953,A-e60f9d,11-12-2024,Ongoing,Basic,29,551.0,6612.0,False,False,False,False,monthly,True
1225,S-0d0202,A-adc1f3,04-09-2024,16-09-2024,Enterprise,50,9950.0,119400.0,False,False,False,True,annual,True
1226,S-21f8b3,A-7f4db3,07-09-2024,Ongoing,Enterprise,4,0.0,0.0,True,False,False,False,monthly,False
1227,S-8faa60,A-328bd0,15-12-2023,11-01-2024,Pro,39,1911.0,22932.0,False,False,False,True,monthly,True
1228,S-93cd57,A-6f8ad2,16-08-2024,Ongoing,Enterprise,20,3980.0,47760.0,False,False,False,False,annual,True
1229,S-8ec197,A-7c4956,02-11-2023,10-10-2024,Basic,51,0.0,0.0,True,False,False,True,monthly,True
1230,S-842638,A-35083d,04-05-2024,26-06-2024,Pro,19,931.0,11172.0,False,False,False,True,annual,True
1231,S-763e52,A-bece89,20-05-2024,Ongoing,Enterprise,26,5174.0,62088.0,False,True,False,False,annual,False
1232,S-ed4c45,A-4e44e8,15-09-2024,21-09-2024,Enterprise,78,15522.0,186264.0,False,False,False,True,monthly,True
1233,S-390955,A-98a59a,02-09-2023,Ongoing,Pro,56,2744.0,32928.0,False,False,False,False,monthly,True
1234,S-3ab534,A-f446b6,07-01-2024,Ongoing,Enterprise,18,3582.0,42984.0,False,False,False,False,annual,False
1235,S-9be237,A-a6d261,20-09-2024,Ongoing,Pro,26,1274.0,15288.0,False,False,False,False,annual,True
1236,S-021004,A-186a44,05-07-2024,Ongoing,Basic,20,380.0,4560.0,False,False,False,False,monthly,True
1237,S-e36786,A-5b1bcd,10-01-2024,Ongoing,Basic,73,1387.0,16644.0,False,False,False,False,monthly,True
1238,S-4691f1,A-c16cf7,07-12-2024,Ongoing,Basic,13,247.0,2964.0,False,False,False,False,annual,True
1239,S-d35d49,A-bc87bc,11-09-2024,10-11-2024,Basic,18,342.0,4104.0,False,False,False,True,annual,True
1240,S-374628,A-35083d,17-07-2024,Ongoing,Basic,19,361.0,4332.0,False,False,False,False,monthly,False
1241,S-36f84f,A-e08cd3,08-12-2024,Ongoing,Pro,67,3283.0,39396.0,False,False,False,False,monthly,False
1242,S-e0cd01,A-0cc442,21-10-2024,Ongoing,Basic,45,855.0,10260.0,False,False,False,False,annual,False
1243,S-edc542,A-1f0636,09-04-2024,Ongoing,Enterprise,105,20895.0,250740.0,False,False,False,False,annual,True
1244,S-1bbdf0,A-781cc0,08-10-2024,Ongoing,Basic,16,304.0,3648.0,False,False,False,False,annual,True
1245,S-a4d121,A-118d55,26-10-2024,Ongoing,Enterprise,8,1592.0,19104.0,False,True,False,False,monthly,True
1246,S-5b4149,A-df10db,23-10-2023,Ongoing,Basic,7,133.0,1596.0,False,False,False,False,annual,True
1247,S-ffe125,A-e89151,15-04-2024,07-10-2024,Basic,20,380.0,4560.0,False,False,False,True,monthly,False
1248,S-5aea91,A-427b69,06-11-2024,Ongoing,Enterprise,34,6766.0,81192.0,False,False,False,False,monthly,True
1249,S-a5baf1,A-c7e58b,16-12-2023,Ongoing,Enterprise,7,1393.0,16716.0,False,False,False,False,monthly,False
1250,S-5aacfa,A-f3ff05,19-10-2024,Ongoing,Enterprise,48,9552.0,114624.0,False,False,False,False,annual,True
1251,S-69cc68,A-7f4db3,12-10-2023,Ongoing,Enterprise,7,1393.0,16716.0,False,False,False,False,annual,True
1252,S-5cff9b,A-0f3e88,07-11-2024,Ongoing,Pro,7,0.0,0.0,True,True,False,False,monthly,False
1253,S-573f93,A-50bb9f,29-10-2024,Ongoing,Enterprise,2,398.0,4776.0,False,False,False,False,monthly,True
1254,S-ea2c98,A-1ac5e0,30-11-2024,Ongoing,Pro,33,1617.0,19404.0,False,False,False,False,monthly,True
1255,S-b2f3f3,A-bc87bc,15-12-2024,Ongoing,Basic,8,152.0,1824.0,False,False,False,False,monthly,True
1256,S-5bc277,A-05d3b3,12-07-2023,Ongoing,Basic,9,171.0,2052.0,False,False,False,False,annual,True
1257,S-d0429b,A-5247b3,25-11-2024,Ongoing,Basic,74,1406.0,16872.0,False,True,False,False,annual,True
1258,S-d2a604,A-20736a,03-10-2024,Ongoing,Pro,61,2989.0,35868.0,False,False,True,False,monthly,True
1259,S-f586ed,A-de24d5,06-12-2024,Ongoing,Basic,17,323.0,3876.0,False,False,False,False,monthly,True
1260,S-f874e5,A-417d2f,16-07-2023,Ongoing,Enterprise,51,10149.0,121788.0,False,False,False,False,annual,True
1261,S-28d401,A-d792a6,03-09-2023,04-03-2024,Basic,5,95.0,1140.0,False,False,False,True,annual,True
1262,S-fa05d7,A-180abf,10-07-2024,Ongoing,Basic,64,1216.0,14592.0,False,False,False,False,monthly,True
1263,S-8ed77f,A-8b0451,10-12-2024,Ongoing,Pro,41,2009.0,24108.0,False,False,False,False,monthly,True
1264,S-0d391c,A-f9cc74,09-12-2024,Ongoing,Enterprise,30,0.0,0.0,True,False,False,False,monthly,True
1265,S-beaa35,A-781cc0,01-11-2024,Ongoing,Pro,12,0.0,0.0,True,False,False,False,monthly,False
1266,S-d44108,A-7c83a1,02-11-2024,Ongoing,Pro,12,0.0,0.0,True,False,False,False,monthly,True
1267,S-925f82,A-c7e58b,08-07-2024,Ongoing,Enterprise,7,1393.0,16716.0,False,False,False,False,annual,False
1268,S-7d43e0,A-f9cc74,12-10-2024,Ongoing,Enterprise,30,5970.0,71640.0,False,False,False,False,monthly,True
1269,S-dc1cf4,A-1986ca,05-01-2024,Ongoing,Enterprise,20,3980.0,47760.0,False,False,False,False,monthly,False
1270,S-bff3b5,A-10b8f2,22-03-2024,Ongoing,Pro,47,2303.0,27636.0,False,False,False,False,monthly,False
1271,S-f11653,A-d4e0d4,28-10-2024,Ongoing,Enterprise,117,23283.0,279396.0,False,False,False,False,annual,True
1272,S-f42cc4,A-f44180,10-04-2023,Ongoing,Enterprise,14,2786.0,33432.0,False,False,False,False,annual,True
1273,S-22014f,A-0be015,21-10-2024,Ongoing,Basic,19,361.0,4332.0,False,False,False,False,annual,True
1274,S-1acdd2,A-7a0d69,12-10-2024,Ongoing,Enterprise,26,5174.0,62088.0,False,False,False,False,monthly,True
1275,S-c85167,A-7a0d69,16-09-2024,Ongoing,Basic,15,285.0,3420.0,False,False,False,False,monthly,True
1276,S-b112eb,A-8bde0c,19-12-2024,Ongoing,Basic,53,1007.0,12084.0,False,False,False,False,monthly,True
1277,S-79bf38,A-9779ad,29-07-2024,Ongoing,Enterprise,40,7960.0,95520.0,False,False,False,False,monthly,True
1278,S-ab152e,A-3793ee,22-07-2024,Ongoing,Enterprise,49,9751.0,117012.0,False,False,True,False,monthly,True
1279,S-dbde43,A-54d94a,17-12-2023,Ongoing,Pro,27,1323.0,15876.0,False,False,False,False,annual,True
1280,S-2bbf5c,A-a09355,17-10-2024,Ongoing,Enterprise,14,2786.0,33432.0,False,False,False,False,annual,True
1281,S-dfd629,A-7da956,15-06-2024,Ongoing,Basic,26,0.0,0.0,True,False,False,False,annual,True
1282,S-233c23,A-39b19f,11-05-2024,Ongoing,Pro,54,2646.0,31752.0,False,True,False,False,monthly,False
1283,S-770d98,A-e693b6,19-11-2024,Ongoing,Enterprise,55,10945.0,131340.0,False,False,False,False,annual,True
1284,S-972512,A-de24d5,14-12-2024,Ongoing,Pro,54,0.0,0.0,True,False,False,False,monthly,True
1285,S-3965a4,A-8b25f2,08-10-2024,18-10-2024,Basic,47,893.0,10716.0,False,False,True,True,annual,True
1286,S-632bba,A-a09355,24-09-2024,Ongoing,Pro,15,735.0,8820.0,False,False,False,False,monthly,True
1287,S-307e49,A-4c38bc,01-06-2024,Ongoing,Pro,36,1764.0,21168.0,False,False,False,False,monthly,False
1288,S-b84175,A-bb2f49,26-10-2023,Ongoing,Pro,9,441.0,5292.0,False,False,False,False,monthly,True
1289,S-83b2ee,A-7c83a1,27-06-2024,04-12-2024,Enterprise,26,5174.0,62088.0,False,False,False,True,monthly,True
1290,S-969aac,A-37f969,14-05-2024,Ongoing,Enterprise,30,5970.0,71640.0,False,False,False,False,monthly,False
1291,S-aa5f00,A-241e75,29-09-2024,Ongoing,Pro,13,637.0,7644.0,False,False,True,False,annual,True
1292,S-f7fa56,A-c16cf7,18-10-2024,Ongoing,Pro,13,637.0,7644.0,False,False,False,False,monthly,True
1293,S-d50f1d,A-08e34e,02-07-2024,Ongoing,Basic,29,0.0,0.0,True,False,False,False,annual,True
1294,S-5b9267,A-410e86,17-12-2024,Ongoing,Pro,33,0.0,0.0,True,False,False,False,annual,True
1295,S-199697,A-bcf664,11-11-2024,Ongoing,Enterprise,7,1393.0,16716.0,False,False,False,False,annual,True
1296,S-cbe349,A-e89151,16-02-2024,23-04-2024,Enterprise,8,1592.0,19104.0,False,True,False,True,annual,False
1297,S-2b4a26,A-66224b,20-11-2024,Ongoing,Basic,92,0.0,0.0,True,False,False,False,annual,False
1298,S-704195,A-dfbd31,29-04-2024,Ongoing,Basic,14,266.0,3192.0,False,False,False,False,monthly,True
1299,S-4dae4c,A-158f4e,19-12-2023,Ongoing,Pro,61,2989.0,35868.0,False,False,False,False,monthly,True
1300,S-d425c9,A-e4144b,11-11-2024,Ongoing,Enterprise,41,8159.0,97908.0,False,False,False,False,annual,True
1301,S-078e94,A-3a7284,28-11-2024,Ongoing,Enterprise,31,6169.0,74028.0,False,False,False,False,monthly,True
1302,S-f869a0,A-726cfa,29-02-2024,Ongoing,Basic,24,456.0,5472.0,False,True,False,False,monthly,True
1303,S-b57a5e,A-17939a,30-12-2024,Ongoing,Basic,20,380.0,4560.0,False,False,False,False,annual,True
1304,S-a66766,A-9f9299,09-03-2024,Ongoing,Basic,28,532.0,6384.0,False,False,False,False,monthly,False
1305,S-13a013,A-8bde0c,19-12-2024,Ongoing,Basic,23,437.0,5244.0,False,False,False,False,annual,True
1306,S-813cdc,A-39b19f,04-07-2023,Ongoing,Pro,20,980.0,11760.0,False,False,False,False,annual,True
1307,S-b6e15a,A-67be94,17-09-2023,18-02-2024,Enterprise,37,7363.0,88356.0,False,False,False,True,monthly,False
1308,S-db3856,A-ccabf0,18-11-2023,Ongoing,Pro,21,1029.0,12348.0,False,False,False,False,annual,True
1309,S-dbc4d5,A-751c58,24-08-2024,Ongoing,Pro,15,735.0,8820.0,False,False,False,False,annual,True
1310,S-eabdce,A-9208f0,15-05-2023,Ongoing,Enterprise,14,2786.0,33432.0,False,False,False,False,annual,True
1311,S-19029a,A-712f1c,11-12-2024,Ongoing,Pro,17,833.0,9996.0,False,False,False,False,annual,True
1312,S-05be05,A-e7beab,16-03-2024,30-05-2024,Enterprise,5,995.0,11940.0,False,False,False,True,annual,True
1313,S-222167,A-c1e51e,29-12-2024,31-12-2024,Basic,41,779.0,9348.0,False,False,False,True,annual,True
1314,S-a68d25,A-31ab9a,23-03-2024,Ongoing,Basic,15,285.0,3420.0,False,False,False,False,monthly,True
1315,S-4305f1,A-afa505,08-01-2024,Ongoing,Pro,70,3430.0,41160.0,False,False,False,False,monthly,True
1316,S-95cc5a,A-9bfc9f,14-03-2024,Ongoing,Basic,53,1007.0,12084.0,False,True,False,False,annual,True
1317,S-0b7de7,A-eb7fac,03-09-2024,Ongoing,Enterprise,16,3184.0,38208.0,False,False,False,False,monthly,True
1318,S-f5888c,A-4e631b,10-12-2024,Ongoing,Basic,22,418.0,5016.0,False,False,False,False,annual,True
1319,S-28489e,A-fd7ad3,02-11-2024,Ongoing,Basic,12,0.0,0.0,True,False,False,False,annual,True
1320,S-98dd7d,A-e6afc1,24-05-2023,Ongoing,Enterprise,51,10149.0,121788.0,False,False,False,False,annual,True
1321,S-b10cfa,A-503d5a,28-06-2024,Ongoing,Pro,6,294.0,3528.0,False,False,False,False,monthly,True
1322,S-3199cf,A-068fc6,20-07-2024,Ongoing,Pro,35,1715.0,20580.0,False,False,False,False,monthly,True
1323,S-61d573,A-0dbdc6,24-04-2024,Ongoing,Pro,30,1470.0,17640.0,False,False,False,False,annual,True
1324,S-2dbf26,A-dfbd31,10-12-2023,Ongoing,Pro,14,0.0,0.0,True,False,False,False,annual,True
1325,S-eae773,A-88c6ca,03-12-2024,Ongoing,Pro,11,539.0,6468.0,False,False,False,False,monthly,True
1326,S-18b808,A-425e76,13-08-2024,Ongoing,Enterprise,9,1791.0,21492.0,False,False,False,False,annual,True
1327,S-d90f0a,A-e19ff6,23-10-2024,Ongoing,Pro,26,1274.0,15288.0,False,False,False,False,monthly,False
1328,S-82be96,A-7920cc,29-11-2024,Ongoing,Pro,39,1911.0,22932.0,False,False,False,False,annual,True
1329,S-7bd2d7,A-9b9fe9,28-11-2024,Ongoing,Enterprise,50,9950.0,119400.0,False,False,False,False,monthly,True
1330,S-5f3359,A-9174e0,10-12-2024,Ongoing,Pro,37,1813.0,21756.0,False,False,False,False,annual,True
1331,S-9d7c19,A-82d8a6,31-12-2024,31-12-2024,Pro,5,245.0,2940.0,False,False,False,True,annual,True
1332,S-2bc644,A-2d4502,30-04-2024,Ongoing,Pro,8,392.0,4704.0,False,False,False,False,annual,True
1333,S-ec8b34,A-de58ca,09-10-2023,Ongoing,Enterprise,62,12338.0,148056.0,False,False,False,False,annual,False
1334,S-1d2d00,A-a7bd4b,18-09-2024,13-10-2024,Basic,9,171.0,2052.0,False,False,False,True,monthly,True
1335,S-9a44ec,A-bf7919,21-12-2024,29-12-2024,Pro,15,735.0,8820.0,False,False,False,True,annual,True
1336,S-6c109f,A-c42f1f,13-10-2024,Ongoing,Enterprise,12,2388.0,28656.0,False,False,False,False,annual,True
1337,S-f99f9e,A-dbc825,19-10-2024,17-12-2024,Enterprise,55,10945.0,131340.0,False,False,False,True,monthly,True
1338,S-9dda85,A-462d45,16-01-2024,29-05-2024,Basic,89,1691.0,20292.0,False,False,False,True,annual,False
1339,S-94009b,A-9f0b68,08-10-2024,Ongoing,Enterprise,10,1990.0,23880.0,False,False,True,False,annual,True
1340,S-834097,A-9badbd,03-12-2024,Ongoing,Enterprise,5,995.0,11940.0,False,False,False,False,annual,True
1341,S-61efc1,A-05d3b3,27-11-2023,Ongoing,Pro,9,0.0,0.0,True,False,False,False,monthly,False
1342,S-d1527e,A-956988,07-12-2024,Ongoing,Pro,26,1274.0,15288.0,False,False,False,False,annual,True
1343,S-caec41,A-55f257,24-01-2024,Ongoing,Enterprise,23,4577.0,54924.0,False,True,False,False,annual,True
1344,S-921dc3,A-a865bd,22-05-2024,Ongoing,Enterprise,38,7562.0,90744.0,False,False,False,False,annual,False
1345,S-038f6f,A-82d8a6,14-12-2024,29-12-2024,Enterprise,10,0.0,0.0,True,True,False,True,monthly,True
1346,S-93dc0e,A-8e47ca,03-11-2024,09-12-2024,Enterprise,25,4975.0,59700.0,False,False,False,True,monthly,True
1347,S-10702d,A-59f724,14-03-2024,Ongoing,Basic,3,0.0,0.0,True,False,False,False,monthly,True
1348,S-737a28,A-a1bbb6,26-02-2024,Ongoing,Pro,8,392.0,4704.0,False,False,False,False,monthly,True
1349,S-e77b1e,A-296d7c,30-01-2024,Ongoing,Basic,6,114.0,1368.0,False,False,False,False,annual,True
1350,S-d841e4,A-a1b80b,28-06-2024,Ongoing,Enterprise,16,3184.0,38208.0,False,True,False,False,annual,True
1351,S-c6dc67,A-9f2731,10-11-2024,Ongoing,Pro,33,1617.0,19404.0,False,False,False,False,monthly,True
1352,S-aaf1d0,A-fd9422,12-07-2024,Ongoing,Enterprise,58,0.0,0.0,True,False,False,False,monthly,False
1353,S-e77144,A-49b828,09-08-2023,Ongoing,Enterprise,25,4975.0,59700.0,False,True,False,False,monthly,True
1354,S-9b8504,A-c37cab,19-10-2024,Ongoing,Pro,13,637.0,7644.0,False,False,True,False,annual,True
1355,S-504683,A-bbc346,24-11-2024,Ongoing,Enterprise,19,3781.0,45372.0,False,False,False,False,annual,True
1356,S-f3138f,A-3b5cd1,11-06-2024,Ongoing,Enterprise,55,0.0,0.0,True,True,False,False,annual,True
1357,S-73688c,A-d535f6,21-09-2024,Ongoing,Basic,12,0.0,0.0,True,False,False,False,monthly,True
1358,S-6e5a3d,A-bb1486,23-11-2024,Ongoing,Pro,41,2009.0,24108.0,False,False,False,False,annual,True
1359,S-af6f53,A-410e86,01-12-2024,Ongoing,Basic,24,456.0,5472.0,False,False,False,False,monthly,False
1360,S-134753,A-e83938,08-02-2024,Ongoing,Enterprise,16,3184.0,38208.0,False,True,False,False,monthly,True
1361,S-3503b4,A-58b9ff,18-07-2024,Ongoing,Enterprise,2,398.0,4776.0,False,False,False,False,monthly,True
1362,S-81e9f1,A-05d3b3,10-09-2024,Ongoing,Basic,9,171.0,2052.0,False,False,False,False,monthly,True
1363,S-31e347,A-cb6cc6,15-08-2023,Ongoing,Basic,14,266.0,3192.0,False,True,False,False,annual,False
1364,S-102ebf,A-e60f9d,13-11-2024,Ongoing,Enterprise,29,5771.0,69252.0,False,False,False,False,annual,False
1365,S-a06b03,A-9b9fe9,19-11-2024,Ongoing,Pro,68,3332.0,39984.0,False,False,False,False,annual,True
1366,S-c14b9d,A-91e948,06-12-2023,Ongoing,Basic,41,779.0,9348.0,False,False,False,False,monthly,True
1367,S-a5cf6d,A-e51ec7,27-11-2023,Ongoing,Enterprise,25,4975.0,59700.0,False,False,True,False,monthly,True
1368,S-6d96c9,A-a33200,14-10-2024,Ongoing,Pro,29,1421.0,17052.0,False,False,False,False,monthly,True
1369,S-d81959,A-039727,10-11-2024,Ongoing,Basic,25,475.0,5700.0,False,False,False,False,annual,True
1370,S-c77f0c,A-034368,29-11-2024,Ongoing,Basic,29,551.0,6612.0,False,False,False,False,monthly,False
1371,S-6eb56d,A-10b8da,14-09-2024,Ongoing,Pro,34,1666.0,19992.0,False,False,False,False,monthly,True
1372,S-b1dce0,A-fd7ad3,07-11-2024,Ongoing,Basic,12,228.0,2736.0,False,False,False,False,monthly,True
1373,S-a07c46,A-e693b6,23-09-2023,15-10-2023,Pro,55,2695.0,32340.0,False,True,False,True,monthly,True
1374,S-df91b0,A-ba6516,04-10-2024,Ongoing,Basic,27,513.0,6156.0,False,False,True,False,monthly,False
1375,S-f16bb2,A-0f6450,27-12-2024,Ongoing,Enterprise,28,0.0,0.0,True,False,False,False,monthly,True
1376,S-94cf13,A-8adedc,23-05-2024,Ongoing,Basic,5,95.0,1140.0,False,False,False,False,annual,True
1377,S-f9df40,A-956988,05-12-2024,Ongoing,Basic,70,1330.0,15960.0,False,False,False,False,annual,True
1378,S-f366b3,A-ac85cd,26-12-2024,Ongoing,Pro,85,4165.0,49980.0,False,False,False,False,annual,True
1379,S-c38acd,A-726cfa,24-11-2024,Ongoing,Enterprise,31,6169.0,74028.0,False,False,False,False,monthly,True
1380,S-0d93fe,A-993085,09-08-2023,Ongoing,Basic,31,589.0,7068.0,False,False,False,False,monthly,True
1381,S-8d8dd0,A-902ef7,30-09-2024,Ongoing,Enterprise,83,16517.0,198204.0,False,True,False,False,monthly,True
1382,S-9395a2,A-0e966d,05-09-2024,Ongoing,Basic,11,209.0,2508.0,False,False,False,False,monthly,True
1383,S-b1c57d,A-712533,09-11-2023,Ongoing,Basic,18,342.0,4104.0,False,False,False,False,annual,True
1384,S-f039f9,A-7a0d69,10-12-2024,Ongoing,Enterprise,16,3184.0,38208.0,False,False,False,False,monthly,True
1385,S-76b43f,A-b48f73,26-12-2024,Ongoing,Basic,80,1520.0,18240.0,False,False,False,False,monthly,True
1386,S-27552b,A-1d5444,17-07-2024,Ongoing,Pro,24,1176.0,14112.0,False,False,False,False,annual,True
1387,S-5bf2e5,A-484819,31-07-2024,Ongoing,Basic,22,418.0,5016.0,False,False,False,False,annual,True
1388,S-0c56e1,A-6f8ad2,27-09-2024,Ongoing,Basic,29,551.0,6612.0,False,False,False,False,annual,False
1389,S-47985c,A-1b707d,27-12-2024,Ongoing,Basic,2,0.0,0.0,True,False,False,False,annual,False
1390,S-43b137,A-756192,14-06-2024,Ongoing,Enterprise,39,7761.0,93132.0,False,False,False,False,annual,True
1391,S-8d2824,A-417d2f,14-08-2023,Ongoing,Basic,37,703.0,8436.0,False,False,False,False,annual,False
1392,S-2186ea,A-dbc825,06-03-2024,Ongoing,Pro,19,931.0,11172.0,False,False,False,False,annual,True
1393,S-2f8d64,A-ab438f,28-11-2024,Ongoing,Enterprise,13,2587.0,31044.0,False,False,False,False,annual,False
1394,S-7501c9,A-94c3cd,23-11-2024,Ongoing,Pro,32,0.0,0.0,True,False,False,False,monthly,True
1395,S-718bf5,A-5a3eb9,15-03-2024,Ongoing,Pro,18,882.0,10584.0,False,False,False,False,annual,True
1396,S-96e431,A-8b25f2,23-03-2024,Ongoing,Pro,6,294.0,3528.0,False,False,False,False,annual,True
1397,S-084f4a,A-faa28c,05-02-2024,13-10-2024,Enterprise,48,9552.0,114624.0,False,False,False,True,monthly,False
1398,S-fc8f09,A-68f37c,05-10-2024,Ongoing,Enterprise,4,796.0,9552.0,False,True,False,False,monthly,True
1399,S-5abbac,A-94d3da,26-09-2023,Ongoing,Pro,41,0.0,0.0,True,False,False,False,annual,True
1400,S-5aff5f,A-d82ef9,30-11-2024,Ongoing,Basic,26,494.0,5928.0,False,False,False,False,monthly,True
1401,S-43cd30,A-8145a0,01-05-2024,Ongoing,Basic,37,0.0,0.0,True,True,False,False,annual,False
1402,S-339fce,A-e888d1,26-11-2024,Ongoing,Pro,14,686.0,8232.0,False,False,False,False,monthly,True
1403,S-9dcfb5,A-7d514c,07-09-2024,Ongoing,Enterprise,17,3383.0,40596.0,False,False,False,False,annual,True
1404,S-2fd650,A-019782,04-12-2024,Ongoing,Enterprise,15,0.0,0.0,True,False,False,False,annual,False
1405,S-50a388,A-089363,18-06-2024,Ongoing,Pro,34,0.0,0.0,True,True,False,False,annual,True
1406,S-1fd72a,A-09316c,27-11-2024,Ongoing,Pro,70,3430.0,41160.0,False,False,False,False,annual,True
1407,S-40cbc0,A-474ad4,18-04-2024,Ongoing,Basic,8,152.0,1824.0,False,False,False,False,annual,True
1408,S-0b831e,A-4c38bc,10-05-2024,Ongoing,Pro,36,1764.0,21168.0,False,False,False,False,annual,True
1409,S-b5035b,A-7c4956,28-12-2023,Ongoing,Enterprise,5,995.0,11940.0,False,False,False,False,monthly,True
1410,S-1ac1b4,A-ac14bb,28-10-2023,Ongoing,Enterprise,21,4179.0,50148.0,False,False,False,False,monthly,True
1411,S-86e226,A-58b9ff,17-06-2024,Ongoing,Pro,25,0.0,0.0,True,False,False,False,monthly,False
1412,S-e60ba0,A-d26ab4,18-11-2024,Ongoing,Pro,62,0.0,0.0,True,False,False,False,annual,False
1413,S-377ced,A-432483,13-12-2023,Ongoing,Enterprise,60,11940.0,143280.0,False,False,False,False,monthly,False
1414,S-72cf21,A-855a48,30-01-2024,Ongoing,Enterprise,40,7960.0,95520.0,False,False,True,False,annual,False
1415,S-d114e2,A-016043,27-11-2024,Ongoing,Basic,11,209.0,2508.0,False,False,False,False,annual,False
1416,S-5521a1,A-b7b7b7,04-11-2024,Ongoing,Pro,45,2205.0,26460.0,False,False,False,False,annual,True
1417,S-206227,A-4e960a,10-07-2024,Ongoing,Enterprise,12,2388.0,28656.0,False,False,True,False,monthly,True
1418,S-eac553,A-ac9111,06-09-2024,Ongoing,Basic,28,532.0,6384.0,False,False,False,False,annual,True
1419,S-26191b,A-cbbe12,21-07-2023,23-10-2024,Pro,40,0.0,0.0,True,False,False,True,annual,True
1420,S-8c8315,A-34ea2f,19-11-2024,Ongoing,Pro,8,0.0,0.0,True,True,False,False,annual,True
1421,S-7af0d5,A-c4ea60,11-04-2023,Ongoing,Basic,48,912.0,10944.0,False,False,True,False,annual,False
1422,S-b45a45,A-bcbe98,09-09-2024,Ongoing,Pro,46,2254.0,27048.0,False,False,False,False,annual,True
1423,S-639d60,A-84ebe4,25-01-2024,Ongoing,Enterprise,18,0.0,0.0,True,False,False,False,annual,True
1424,S-aaeb34,A-90a8c8,21-09-2024,Ongoing,Enterprise,28,5572.0,66864.0,False,True,False,False,annual,False
1425,S-bef342,A-4814a3,26-11-2024,Ongoing,Enterprise,87,17313.0,207756.0,False,False,False,False,annual,True
1426,S-162d54,A-922109,08-11-2024,Ongoing,Basic,11,209.0,2508.0,False,False,False,False,monthly,True
1427,S-cf44af,A-3be56b,08-03-2024,Ongoing,Pro,17,833.0,9996.0,False,False,False,False,annual,True
1428,S-2c3d7d,A-c62e55,31-12-2024,Ongoing,Pro,14,686.0,8232.0,False,False,False,False,annual,True
1429,S-92795b,A-e36807,01-06-2024,Ongoing,Basic,81,1539.0,18468.0,False,False,False,False,monthly,False
1430,S-9cb1f7,A-118d55,07-12-2024,Ongoing,Pro,17,833.0,9996.0,False,False,True,False,monthly,True
1431,S-ee994a,A-49b828,18-04-2024,Ongoing,Pro,25,1225.0,14700.0,False,False,False,False,monthly,True
1432,S-97df3f,A-9123ac,07-06-2024,Ongoing,Pro,9,441.0,5292.0,False,False,False,False,annual,True
1433,S-c2b710,A-88c6ca,01-11-2024,Ongoing,Enterprise,5,995.0,11940.0,False,False,False,False,monthly,True
1434,S-e768f5,A-1ac5e0,19-11-2024,Ongoing,Enterprise,33,6567.0,78804.0,False,False,False,False,annual,True
1435,S-6aa20b,A-a6d261,11-01-2024,Ongoing,Enterprise,9,0.0,0.0,True,False,False,False,monthly,True
1436,S-feea3a,A-82d8a6,17-12-2024,22-12-2024,Basic,5,95.0,1140.0,False,False,True,True,monthly,True
1437,S-f86bcf,A-592832,02-12-2024,03-12-2024,Pro,44,2156.0,25872.0,False,False,False,True,annual,False
1438,S-6608d9,A-c9bb3e,26-10-2024,Ongoing,Enterprise,18,3582.0,42984.0,False,False,False,False,annual,True
1439,S-f5efe4,A-313be3,25-11-2023,Ongoing,Enterprise,47,0.0,0.0,True,False,False,False,annual,True
1440,S-32b223,A-2edab2,28-11-2023,Ongoing,Pro,17,833.0,9996.0,False,False,False,False,annual,True
1441,S-155e15,A-b07b56,02-12-2024,Ongoing,Pro,30,1470.0,17640.0,False,False,False,False,monthly,True
1442,S-a6010b,A-5a92e7,14-10-2024,Ongoing,Basic,6,0.0,0.0,True,False,False,False,monthly,True
1443,S-e60306,A-f45426,10-12-2024,Ongoing,Enterprise,46,9154.0,109848.0,False,False,False,False,annual,True
1444,S-6bde88,A-157070,18-09-2024,Ongoing,Pro,49,0.0,0.0,True,False,False,False,annual,True
1445,S-6ca5ab,A-55f257,31-07-2024,Ongoing,Basic,14,0.0,0.0,True,False,False,False,annual,True
1446,S-eafea7,A-cbd1a3,29-11-2024,Ongoing,Enterprise,28,5572.0,66864.0,False,False,False,False,monthly,True
1447,S-55db9e,A-8ae05d,19-08-2024,Ongoing,Basic,86,1634.0,19608.0,False,False,False,False,annual,False
1448,S-be079b,A-6da850,29-04-2024,Ongoing,Basic,5,0.0,0.0,True,False,True,False,monthly,False
1449,S-bd5207,A-7cfe77,05-12-2024,Ongoing,Basic,69,1311.0,15732.0,False,False,False,False,annual,True
1450,S-f74bdd,A-c16101,14-09-2024,Ongoing,Enterprise,14,2786.0,33432.0,False,False,False,False,annual,True
1451,S-b3071c,A-cab532,03-11-2023,14-12-2024,Pro,31,1519.0,18228.0,False,False,False,True,monthly,True
1452,S-ed1026,A-9a532a,21-09-2024,Ongoing,Enterprise,11,2189.0,26268.0,False,False,False,False,annual,True
1453,S-8cfa7f,A-d922bf,12-08-2024,Ongoing,Enterprise,15,0.0,0.0,True,False,False,False,annual,True
1454,S-2dbf11,A-e888d1,25-05-2024,Ongoing,Pro,14,686.0,8232.0,False,False,False,False,annual,True
1455,S-4311fb,A-2b9d3e,12-11-2024,Ongoing,Pro,14,686.0,8232.0,False,False,False,False,monthly,True
1456,S-5d729e,A-4a267b,09-05-2024,Ongoing,Enterprise,29,5771.0,69252.0,False,False,False,False,monthly,True
1457,S-50e517,A-e7a1e2,28-10-2024,Ongoing,Basic,12,228.0,2736.0,False,False,False,False,annual,True
1458,S-814624,A-671f31,28-12-2024,Ongoing,Enterprise,82,0.0,0.0,True,False,True,False,annual,True
1459,S-f2d47e,A-6dee43,27-05-2024,Ongoing,Enterprise,54,0.0,0.0,True,False,False,False,monthly,True
1460,S-a405f7,A-0b0d6d,30-12-2024,Ongoing,Pro,22,1078.0,12936.0,False,False,False,False,annual,True
1461,S-0c46bb,A-c45b23,09-04-2024,Ongoing,Basic,12,228.0,2736.0,False,False,False,False,annual,True
1462,S-8b486a,A-59f724,12-06-2024,Ongoing,Pro,77,0.0,0.0,True,False,False,False,annual,False
1463,S-ddb09e,A-cc1d8d,10-12-2024,Ongoing,Enterprise,8,1592.0,19104.0,False,False,False,False,monthly,False
1464,S-561e21,A-87aa7b,29-08-2024,Ongoing,Pro,24,0.0,0.0,True,True,False,False,annual,True
1465,S-8b1c37,A-acb7f7,28-03-2024,Ongoing,Pro,32,0.0,0.0,True,False,False,False,monthly,False
1466,S-fc6cb4,A-34d880,11-08-2024,18-09-2024,Basic,41,779.0,9348.0,False,False,False,True,monthly,False
1467,S-13dfe7,A-956988,15-12-2024,Ongoing,Pro,2,98.0,1176.0,False,False,False,False,annual,True
1468,S-14d060,A-bcf664,12-12-2024,Ongoing,Pro,47,2303.0,27636.0,False,False,False,False,annual,True
1469,S-43f9f8,A-712f1c,03-01-2024,Ongoing,Basic,24,456.0,5472.0,False,False,False,False,monthly,True
1470,S-8c41e8,A-c16101,23-09-2024,Ongoing,Basic,16,304.0,3648.0,False,True,False,False,annual,True
1471,S-0a9660,A-c7e58b,04-04-2024,Ongoing,Enterprise,10,1990.0,23880.0,False,False,False,False,monthly,True
1472,S-9c85b0,A-78f02b,19-11-2024,Ongoing,Enterprise,11,2189.0,26268.0,False,False,False,False,annual,True
1473,S-f09b6c,A-0f6450,27-12-2024,Ongoing,Basic,28,532.0,6384.0,False,False,False,False,monthly,True
1474,S-a1e688,A-2f6a32,10-11-2024,Ongoing,Basic,47,893.0,10716.0,False,False,False,False,annual,True
1475,S-0b62cc,A-a09355,11-11-2024,Ongoing,Enterprise,17,3383.0,40596.0,False,False,False,False,monthly,True
1476,S-e41941,A-aa9511,12-12-2024,Ongoing,Enterprise,30,5970.0,71640.0,False,False,False,False,monthly,False
1477,S-b7deea,A-65aeb5,22-03-2024,03-12-2024,Enterprise,63,12537.0,150444.0,False,False,False,True,monthly,True
1478,S-b81c97,A-0b0d6d,31-12-2024,Ongoing,Pro,18,882.0,10584.0,False,False,False,False,monthly,True
1479,S-462547,A-e2cd1b,07-12-2024,Ongoing,Basic,119,2261.0,27132.0,False,False,False,False,annual,True
1480,S-38ac0c,A-794a0b,05-07-2024,Ongoing,Enterprise,31,6169.0,74028.0,False,False,False,False,monthly,True
1481,S-4704e5,A-6dee43,15-03-2024,Ongoing,Basic,3,57.0,684.0,False,False,False,False,monthly,True
1482,S-8b349c,A-32728c,01-07-2023,07-04-2024,Basic,20,380.0,4560.0,False,False,False,True,annual,True
1483,S-33472f,A-f03140,31-03-2024,Ongoing,Enterprise,27,5373.0,64476.0,False,False,False,False,monthly,True
1484,S-70c369,A-4bfa33,24-12-2024,Ongoing,Pro,72,3528.0,42336.0,False,False,False,False,monthly,True
1485,S-2a6e4a,A-17939a,30-12-2024,Ongoing,Pro,31,1519.0,18228.0,False,False,False,False,annual,False
1486,S-091a8d,A-098560,24-02-2024,Ongoing,Pro,23,0.0,0.0,True,False,False,False,monthly,True
1487,S-a2afb0,A-139c3b,21-12-2024,Ongoing,Enterprise,18,3582.0,42984.0,False,False,False,False,annual,False
1488,S-85022b,A-d62e02,06-11-2024,Ongoing,Basic,6,114.0,1368.0,False,True,False,False,monthly,True
1489,S-b71b3a,A-cd458b,21-12-2024,Ongoing,Enterprise,47,9353.0,112236.0,False,False,False,False,monthly,True
1490,S-cc80ee,A-034368,12-12-2024,Ongoing,Enterprise,23,4577.0,54924.0,False,False,False,False,monthly,True
1491,S-2e8409,A-029f69,14-12-2024,Ongoing,Pro,10,490.0,5880.0,False,False,False,False,annual,False
1492,S-de9b4b,A-600734,06-11-2024,Ongoing,Pro,36,1764.0,21168.0,False,False,False,False,monthly,True
1493,S-e5efce,A-cea1f0,06-08-2024,Ongoing,Pro,8,392.0,4704.0,False,False,False,False,annual,False
1494,S-d925e2,A-ce550d,16-12-2024,Ongoing,Pro,35,1715.0,20580.0,False,False,False,False,annual,True
1495,S-0ab4e8,A-6a4e2d,04-12-2023,Ongoing,Pro,16,784.0,9408.0,False,False,False,False,monthly,True
1496,S-585c3b,A-cc1d8d,13-12-2024,Ongoing,Pro,6,0.0,0.0,True,False,False,False,annual,True
1497,S-a4fd17,A-cbbe12,11-05-2024,20-07-2024,Basic,40,760.0,9120.0,False,False,True,True,monthly,False
1498,S-68b261,A-d535f6,11-12-2024,Ongoing,Pro,19,931.0,11172.0,False,True,False,False,annual,True
1499,S-567afa,A-c16cf7,07-12-2024,Ongoing,Pro,18,882.0,10584.0,False,False,False,False,annual,True
1500,S-39b850,A-297a2d,15-08-2023,Ongoing,Basic,27,0.0,0.0,True,False,False,False,annual,True
1501,S-2a9676,A-92a3af,23-07-2024,Ongoing,Pro,25,1225.0,14700.0,False,False,False,False,annual,True
1502,S-fedcd9,A-65c341,01-10-2024,Ongoing,Enterprise,11,2189.0,26268.0,False,False,False,False,annual,True
1503,S-627697,A-977ca0,20-03-2023,Ongoing,Basic,26,494.0,5928.0,False,False,False,False,monthly,True
1504,S-65e38d,A-eb1312,11-11-2024,Ongoing,Enterprise,25,4975.0,59700.0,False,True,False,False,monthly,True
1505,S-8e5fd4,A-43a9e3,09-03-2024,Ongoing,Basic,27,513.0,6156.0,False,True,False,False,annual,True
1506,S-cf55da,A-2f6a32,16-09-2024,Ongoing,Basic,19,0.0,0.0,True,False,False,False,monthly,True
1507,S-e8488d,A-52dd88,02-08-2024,Ongoing,Enterprise,26,5174.0,62088.0,False,False,False,False,monthly,False
1508,S-344c0d,A-87aa7b,15-10-2024,Ongoing,Enterprise,24,4776.0,57312.0,False,False,False,False,annual,True
1509,S-3f0fb6,A-016043,20-10-2024,Ongoing,Pro,27,1323.0,15876.0,False,False,False,False,annual,False
1510,S-cd2085,A-7c83a1,10-11-2024,26-11-2024,Basic,12,228.0,2736.0,False,False,True,True,monthly,True
1511,S-91419b,A-94c3cd,19-07-2024,Ongoing,Pro,37,1813.0,21756.0,False,False,False,False,annual,False
1512,S-a84c82,A-186a44,01-11-2023,Ongoing,Pro,20,980.0,11760.0,False,False,False,False,annual,False
1513,S-c9d323,A-3a7284,12-12-2024,Ongoing,Pro,31,1519.0,18228.0,False,False,False,False,monthly,True
1514,S-404ecd,A-592832,27-09-2024,18-12-2024,Enterprise,18,3582.0,42984.0,False,False,False,True,monthly,True
1515,S-d224a1,A-42b791,11-06-2024,Ongoing,Pro,29,1421.0,17052.0,False,False,False,False,monthly,True
1516,S-a7ea10,A-96e141,05-08-2024,17-08-2024,Basic,15,285.0,3420.0,False,False,False,True,annual,True
1517,S-3d1043,A-e4144b,15-12-2024,Ongoing,Enterprise,41,8159.0,97908.0,False,False,False,False,annual,False
1518,S-7c1eb7,A-02cd81,12-05-2024,Ongoing,Pro,44,2156.0,25872.0,False,False,False,False,monthly,True
1519,S-4eb120,A-e1b9cd,28-09-2024,Ongoing,Basic,40,760.0,9120.0,False,False,False,False,monthly,True
1520,S-b11225,A-7cfe77,21-11-2024,Ongoing,Pro,69,3381.0,40572.0,False,False,False,False,annual,True
1521,S-dbceba,A-3cc791,19-12-2024,Ongoing,Pro,36,1764.0,21168.0,False,False,False,False,monthly,True
1522,S-b89305,A-0aaf6e,09-11-2024,Ongoing,Basic,4,76.0,912.0,False,False,False,False,monthly,True
1523,S-81b6ee,A-e1b9cd,25-11-2023,Ongoing,Pro,40,1960.0,23520.0,False,False,False,False,annual,False
1524,S-fbbd54,A-692f18,02-06-2024,Ongoing,Pro,5,0.0,0.0,True,False,False,False,monthly,True
1525,S-f1fa8b,A-ffc04f,31-07-2024,Ongoing,Pro,55,2695.0,32340.0,False,False,False,False,monthly,False
1526,S-c6d8ce,A-249769,10-06-2024,Ongoing,Pro,11,539.0,6468.0,False,False,False,False,monthly,True
1527,S-226cf3,A-956988,18-12-2024,Ongoing,Pro,42,2058.0,24696.0,False,False,True,False,monthly,True
1528,S-9e2c78,A-e4144b,18-12-2024,Ongoing,Basic,41,0.0,0.0,True,False,False,False,annual,True
1529,S-61bcfb,A-4e631b,05-11-2024,Ongoing,Basic,22,418.0,5016.0,False,False,False,False,monthly,True
1530,S-96a469,A-e693b6,08-10-2023,Ongoing,Pro,55,2695.0,32340.0,False,False,False,False,annual,True
1531,S-5c2991,A-94c3cd,06-01-2024,Ongoing,Enterprise,32,0.0,0.0,True,False,False,False,annual,True
1532,S-771f7b,A-5c9849,30-11-2024,Ongoing,Enterprise,62,12338.0,148056.0,False,False,False,False,annual,True
1533,S-bdd5df,A-a45270,18-07-2024,Ongoing,Enterprise,25,4975.0,59700.0,False,False,False,False,monthly,False
1534,S-c46499,A-00cac8,03-03-2024,Ongoing,Basic,8,152.0,1824.0,False,False,False,False,annual,True
1535,S-03a5b0,A-068fc6,13-07-2024,Ongoing,Enterprise,35,6965.0,83580.0,False,False,False,False,monthly,True
1536,S-973e8e,A-0a282f,28-09-2024,16-12-2024,Enterprise,6,1194.0,14328.0,False,False,False,True,annual,True
1537,S-8c8905,A-ba6516,18-05-2024,Ongoing,Enterprise,27,5373.0,64476.0,False,False,False,False,annual,True
1538,S-6d09f2,A-f92792,24-11-2024,Ongoing,Basic,3,57.0,684.0,False,False,False,False,monthly,True
1539,S-32d56d,A-9f9299,27-11-2023,Ongoing,Enterprise,28,5572.0,66864.0,False,False,False,False,annual,True
1540,S-54e8b2,A-19b2c8,18-05-2024,Ongoing,Pro,20,980.0,11760.0,False,False,False,False,monthly,True
1541,S-2664e1,A-2d4502,19-07-2024,Ongoing,Enterprise,41,8159.0,97908.0,False,True,False,False,annual,True
1542,S-ceaff7,A-a8b49c,16-02-2024,Ongoing,Basic,16,304.0,3648.0,False,False,False,False,annual,True
1543,S-307b2b,A-4e44e8,21-09-2024,26-10-2024,Pro,8,392.0,4704.0,False,False,False,True,annual,True
1544,S-491216,A-b7ef83,16-09-2024,Ongoing,Pro,31,1519.0,18228.0,False,False,False,False,annual,True
1545,S-a70baa,A-883b7d,10-08-2024,Ongoing,Enterprise,17,3383.0,40596.0,False,False,False,False,annual,True
1546,S-b5337b,A-7c6b6b,10-12-2024,Ongoing,Pro,7,343.0,4116.0,False,False,False,False,annual,True
1547,S-b2b1b9,A-49b828,06-10-2023,Ongoing,Enterprise,49,9751.0,117012.0,False,True,False,False,annual,True
1548,S-6a02fe,A-35083d,07-11-2023,Ongoing,Basic,25,475.0,5700.0,False,False,False,False,monthly,True
1549,S-0865f1,A-95b24a,10-12-2023,Ongoing,Basic,38,722.0,8664.0,False,False,False,False,annual,True
1550,S-4f21c1,A-9f9299,24-11-2023,20-07-2024,Enterprise,28,5572.0,66864.0,False,False,False,True,annual,True
1551,S-0ce88b,A-9ee962,18-07-2024,Ongoing,Basic,9,171.0,2052.0,False,False,False,False,annual,True
1552,S-446c54,A-296d7c,05-11-2024,Ongoing,Enterprise,2,398.0,4776.0,False,False,False,False,annual,True
1553,S-55aafd,A-e89151,23-05-2024,Ongoing,Basic,8,152.0,1824.0,False,True,False,False,monthly,True
1554,S-f4caa8,A-9badbd,16-09-2024,12-10-2024,Basic,23,437.0,5244.0,False,False,False,True,annual,True
1555,S-7c24f6,A-f25509,16-06-2024,Ongoing,Enterprise,32,0.0,0.0,True,False,False,False,annual,False
1556,S-c555c4,A-bcf87c,13-12-2024,Ongoing,Enterprise,17,3383.0,40596.0,False,False,False,False,monthly,True
1557,S-503afa,A-4e631b,18-03-2024,Ongoing,Enterprise,40,7960.0,95520.0,False,False,False,False,monthly,False
1558,S-98f176,A-05d3b3,14-08-2023,Ongoing,Basic,55,0.0,0.0,True,False,False,False,annual,True
1559,S-de473d,A-e6afc1,31-05-2023,Ongoing,Pro,6,294.0,3528.0,False,False,False,False,monthly,True
1560,S-1876fb,A-4f18f0,12-10-2024,Ongoing,Enterprise,59,11741.0,140892.0,False,False,False,False,monthly,False
1561,S-8fd22d,A-354f12,01-08-2024,Ongoing,Enterprise,1,199.0,2388.0,False,False,False,False,monthly,True
1562,S-7ded4d,A-0f3e88,18-06-2024,Ongoing,Basic,17,323.0,3876.0,False,False,False,False,monthly,True
1563,S-2cb298,A-9077b0,20-12-2024,Ongoing,Enterprise,2,398.0,4776.0,False,True,False,False,annual,True
1564,S-dfbd79,A-977ca0,24-11-2024,24-11-2024,Pro,14,686.0,8232.0,False,False,False,True,annual,True
1565,S-162e73,A-55f257,12-01-2024,Ongoing,Enterprise,38,0.0,0.0,True,False,False,False,annual,True
1566,S-f0c747,A-5b1bcd,24-09-2024,Ongoing,Enterprise,73,14527.0,174324.0,False,False,False,False,monthly,True
1567,S-cf72c8,A-2e3bad,27-10-2024,Ongoing,Basic,61,1159.0,13908.0,False,False,False,False,annual,True
1568,S-befdba,A-ff79f2,15-11-2024,19-11-2024,Basic,36,684.0,8208.0,False,False,False,True,annual,False
1569,S-921f19,A-eb7c38,16-09-2024,Ongoing,Pro,39,0.0,0.0,True,False,False,False,monthly,True
1570,S-e9395e,A-180abf,20-12-2024,Ongoing,Pro,64,3136.0,37632.0,False,True,False,False,monthly,True
1571,S-24cdb5,A-592832,21-10-2024,Ongoing,Basic,35,665.0,7980.0,False,False,False,False,annual,True
1572,S-5aa4ba,A-2d1036,25-09-2024,Ongoing,Pro,69,3381.0,40572.0,False,False,False,False,monthly,True
1573,S-207046,A-94d3da,03-03-2024,Ongoing,Pro,41,0.0,0.0,True,False,False,False,annual,True
1574,S-0d6ea4,A-f44180,27-12-2023,30-10-2024,Enterprise,9,1791.0,21492.0,False,False,False,True,monthly,False
1575,S-5de79e,A-1619f8,06-11-2024,Ongoing,Basic,29,551.0,6612.0,False,True,False,False,annual,False
1576,S-a04ec4,A-4ef964,17-06-2024,Ongoing,Pro,17,833.0,9996.0,False,False,False,False,annual,True
1577,S-33deb8,A-427b69,30-11-2024,Ongoing,Pro,17,833.0,9996.0,False,False,False,False,annual,True
1578,S-08f8d3,A-bcf87c,27-11-2024,Ongoing,Pro,21,1029.0,12348.0,False,False,False,False,monthly,True
1579,S-292c06,A-089363,11-07-2024,Ongoing,Pro,26,1274.0,15288.0,False,False,False,False,monthly,True
1580,S-0e9334,A-8ed5dd,07-09-2024,Ongoing,Basic,23,437.0,5244.0,False,False,False,False,monthly,True
1581,S-6a7c79,A-4ef964,28-08-2024,Ongoing,Pro,17,0.0,0.0,True,False,False,False,monthly,True
1582,S-1cfab2,A-712f1c,01-12-2024,Ongoing,Enterprise,37,7363.0,88356.0,False,False,False,False,monthly,True
1583,S-0c0691,A-19b2c8,25-10-2024,Ongoing,Enterprise,20,3980.0,47760.0,False,False,False,False,monthly,True
1584,S-b18ae9,A-b78bf8,14-12-2024,Ongoing,Pro,33,1617.0,19404.0,False,False,False,False,monthly,True
1585,S-a0abcf,A-42b791,11-12-2024,Ongoing,Pro,14,686.0,8232.0,False,False,False,False,annual,False
1586,S-567f8f,A-02cd81,01-06-2024,Ongoing,Enterprise,44,8756.0,105072.0,False,False,False,False,annual,True
1587,S-3673f2,A-cd458b,17-08-2024,Ongoing,Enterprise,47,9353.0,112236.0,False,False,False,False,annual,True
1588,S-3ff7bb,A-10b8f2,15-08-2024,Ongoing,Basic,47,0.0,0.0,True,True,False,False,monthly,True
1589,S-b9d674,A-cc98bc,09-07-2023,Ongoing,Enterprise,32,6368.0,76416.0,False,False,False,False,monthly,True
1590,S-381917,A-474ad4,02-07-2024,Ongoing,Pro,17,833.0,9996.0,False,False,False,False,monthly,True
1591,S-67c1d8,A-328bd0,18-12-2024,Ongoing,Pro,18,882.0,10584.0,False,False,True,False,annual,True
1592,S-c85c63,A-5c046d,02-12-2024,Ongoing,Basic,93,1767.0,21204.0,False,False,False,False,monthly,False
1593,S-8dd1cf,A-4d1e75,17-12-2024,Ongoing,Basic,20,380.0,4560.0,False,True,False,False,monthly,False
1594,S-3741b9,A-c16b88,20-06-2024,11-07-2024,Basic,23,0.0,0.0,True,False,False,True,annual,True
1595,S-90dd19,A-297a2d,04-03-2024,Ongoing,Pro,27,1323.0,15876.0,False,True,False,False,annual,True
1596,S-d62a15,A-089363,08-08-2024,Ongoing,Enterprise,10,1990.0,23880.0,False,False,False,False,annual,True
1597,S-2a928c,A-fa3095,16-12-2024,Ongoing,Basic,70,1330.0,15960.0,False,False,False,False,monthly,True
1598,S-be86e3,A-3a5ad8,14-01-2024,Ongoing,Enterprise,11,2189.0,26268.0,False,False,True,False,annual,True
1599,S-3dc46b,A-5790f4,23-12-2024,Ongoing,Pro,12,588.0,7056.0,False,False,False,False,monthly,False
1600,S-d6106b,A-0a282f,16-10-2024,Ongoing,Basic,6,114.0,1368.0,False,False,False,False,monthly,True
1601,S-c5a75d,A-66224b,18-12-2024,Ongoing,Pro,92,4508.0,54096.0,False,False,False,False,annual,True
1602,S-2f11bb,A-82d8a6,29-12-2024,Ongoing,Pro,5,245.0,2940.0,False,False,False,False,annual,True
1603,S-8f2b13,A-034368,14-10-2024,Ongoing,Enterprise,28,5572.0,66864.0,False,False,False,False,annual,True
1604,S-4047a8,A-e19ff6,01-06-2024,Ongoing,Basic,1,19.0,228.0,False,False,False,False,monthly,False
1605,S-969c1d,A-5b4ebb,13-07-2024,Ongoing,Basic,29,551.0,6612.0,False,False,False,False,monthly,True
1606,S-f41a31,A-659280,25-11-2023,Ongoing,Enterprise,13,2587.0,31044.0,False,False,False,False,monthly,False
1607,S-7a36ee,A-b11cd0,16-02-2023,22-06-2024,Basic,26,494.0,5928.0,False,False,False,True,monthly,True
1608,S-b1d153,A-3793ee,23-11-2023,08-10-2024,Pro,49,2401.0,28812.0,False,False,False,True,monthly,True
1609,S-515485,A-f3ff05,21-09-2024,Ongoing,Pro,35,1715.0,20580.0,False,False,False,False,monthly,True
1610,S-fe910d,A-241e75,19-10-2024,Ongoing,Basic,5,95.0,1140.0,False,False,False,False,monthly,True
1611,S-cd74b9,A-157070,26-01-2024,Ongoing,Enterprise,16,3184.0,38208.0,False,True,False,False,annual,True
1612,S-604bd0,A-0e966d,27-10-2024,Ongoing,Pro,57,2793.0,33516.0,False,False,False,False,monthly,False
1613,S-cea51e,A-cc1d8d,22-12-2024,Ongoing,Enterprise,20,0.0,0.0,True,False,False,False,monthly,True
1614,S-1d63bf,A-69fad4,01-02-2024,19-08-2024,Enterprise,22,4378.0,52536.0,False,False,False,True,monthly,True
1615,S-951c06,A-0532a9,26-09-2024,Ongoing,Basic,19,361.0,4332.0,False,False,False,False,annual,True
1616,S-6e780e,A-de58ca,01-09-2024,Ongoing,Enterprise,36,7164.0,85968.0,False,False,False,False,annual,True
1617,S-501046,A-c4ea60,20-07-2024,Ongoing,Pro,18,882.0,10584.0,False,False,False,False,annual,True
1618,S-d88f58,A-4ef964,11-11-2024,Ongoing,Basic,17,323.0,3876.0,False,False,False,False,monthly,True
1619,S-3012fa,A-902ef7,05-09-2024,Ongoing,Pro,83,4067.0,48804.0,False,False,False,False,annual,True
1620,S-936e80,A-5a3eb9,21-09-2023,Ongoing,Pro,18,882.0,10584.0,False,False,False,False,annual,True
1621,S-7bebc1,A-054577,27-08-2024,Ongoing,Basic,24,456.0,5472.0,False,False,False,False,annual,True
1622,S-cd8a6a,A-96215d,04-11-2024,Ongoing,Pro,10,490.0,5880.0,False,False,False,False,annual,False
1623,S-810a67,A-592832,15-10-2024,Ongoing,Pro,18,882.0,10584.0,False,False,False,False,monthly,True
1624,S-370135,A-e693b6,11-05-2024,Ongoing,Pro,55,2695.0,32340.0,False,False,False,False,monthly,False
1625,S-1ad030,A-92a3af,01-09-2024,Ongoing,Enterprise,25,4975.0,59700.0,False,False,False,False,annual,False
1626,S-fc155b,A-ccabf0,09-09-2024,Ongoing,Enterprise,1,199.0,2388.0,False,False,False,False,annual,True
1627,S-9c23e1,A-f92792,17-09-2024,Ongoing,Enterprise,18,3582.0,42984.0,False,False,False,False,annual,True
1628,S-af5a51,A-ccb686,22-08-2024,Ongoing,Enterprise,53,10547.0,126564.0,False,True,False,False,annual,True
1629,S-7e86a2,A-7c5768,29-10-2024,Ongoing,Basic,3,57.0,684.0,False,False,False,False,monthly,True
1630,S-12902a,A-3932db,21-09-2024,Ongoing,Enterprise,19,3781.0,45372.0,False,True,False,False,monthly,True
1631,S-7d4240,A-09316c,11-11-2024,Ongoing,Basic,70,1330.0,15960.0,False,False,False,False,monthly,True
1632,S-a94f54,A-e888d1,04-09-2023,12-05-2024,Enterprise,16,3184.0,38208.0,False,True,False,True,monthly,True
1633,S-64b181,A-bbe56f,16-04-2024,Ongoing,Pro,21,1029.0,12348.0,False,False,False,False,annual,True
1634,S-239429,A-65aeb5,11-05-2024,Ongoing,Enterprise,9,0.0,0.0,True,False,False,False,monthly,True
1635,S-c1ad26,A-10b8da,09-05-2024,Ongoing,Pro,14,686.0,8232.0,False,False,False,False,annual,True
1636,S-02b3a1,A-e6afc1,05-08-2023,Ongoing,Basic,18,342.0,4104.0,False,False,False,False,monthly,True
1637,S-83b45d,A-5a92e7,27-06-2024,Ongoing,Pro,5,0.0,0.0,True,False,False,False,annual,True
1638,S-43aa0e,A-4d1e75,18-10-2024,Ongoing,Basic,36,0.0,0.0,True,False,False,False,monthly,True
1639,S-ab06f4,A-90a8c8,29-10-2024,Ongoing,Pro,15,735.0,8820.0,False,False,False,False,annual,True
1640,S-4d2011,A-751c58,29-07-2024,Ongoing,Enterprise,15,2985.0,35820.0,False,False,False,False,annual,False
1641,S-dc28c6,A-e7beab,05-01-2024,Ongoing,Enterprise,58,0.0,0.0,True,False,False,False,monthly,True
1642,S-709b46,A-ed510f,09-03-2023,Ongoing,Pro,42,2058.0,24696.0,False,False,False,False,annual,False
1643,S-05eff5,A-118f1c,23-12-2024,Ongoing,Basic,32,608.0,7296.0,False,False,False,False,monthly,True
1644,S-e11cde,A-0f6450,31-12-2024,Ongoing,Enterprise,28,5572.0,66864.0,False,False,False,False,monthly,False
1645,S-db47af,A-d535f6,13-11-2024,Ongoing,Basic,54,1026.0,12312.0,False,False,False,False,monthly,True
1646,S-9af385,A-157070,26-09-2024,Ongoing,Basic,27,513.0,6156.0,False,False,False,False,monthly,True
1647,S-491caf,A-6f50ae,24-03-2024,Ongoing,Basic,19,361.0,4332.0,False,False,True,False,annual,False
1648,S-6bd30a,A-5c9849,01-12-2024,16-12-2024,Enterprise,91,18109.0,217308.0,False,False,False,True,monthly,True
1649,S-6cdfb7,A-432483,29-11-2024,Ongoing,Pro,31,1519.0,18228.0,False,False,False,False,annual,True
1650,S-2b7664,A-cb6cc6,22-08-2023,Ongoing,Basic,13,247.0,2964.0,False,False,False,False,monthly,True
1651,S-e6b35a,A-3c1a3f,25-03-2024,Ongoing,Basic,4,76.0,912.0,False,False,False,False,monthly,True
1652,S-221db6,A-1d5444,16-09-2024,Ongoing,Pro,24,0.0,0.0,True,False,False,False,annual,True
1653,S-408c2f,A-993085,23-11-2023,Ongoing,Basic,31,589.0,7068.0,False,False,False,False,annual,True
1654,S-f690b4,A-dfbd31,04-12-2024,Ongoing,Pro,35,1715.0,20580.0,False,False,True,False,annual,True
1655,S-f4dc54,A-eb1312,10-12-2024,Ongoing,Basic,25,475.0,5700.0,False,False,False,False,monthly,True
1656,S-5717da,A-54d94a,24-10-2024,Ongoing,Pro,27,1323.0,15876.0,False,False,False,False,monthly,True
1657,S-36c07b,A-2922b6,11-12-2024,Ongoing,Pro,15,735.0,8820.0,False,False,False,False,annual,True
1658,S-01afa4,A-a09355,05-12-2024,Ongoing,Enterprise,14,2786.0,33432.0,False,False,True,False,annual,True
1659,S-f7234f,A-5f7781,27-08-2024,Ongoing,Pro,85,0.0,0.0,True,False,False,False,monthly,False
1660,S-dd1d46,A-72799b,18-11-2023,Ongoing,Enterprise,20,0.0,0.0,True,False,False,False,monthly,True
1661,S-fa0094,A-2bc93d,23-02-2024,Ongoing,Pro,14,686.0,8232.0,False,False,False,False,annual,True
1662,S-bf89e6,A-812c5b,19-05-2024,Ongoing,Pro,130,6370.0,76440.0,False,False,False,False,monthly,True
1663,S-078c2b,A-354f12,08-11-2024,Ongoing,Basic,7,133.0,1596.0,False,False,False,False,monthly,True
1664,S-496c1e,A-f19b24,20-08-2024,Ongoing,Basic,29,551.0,6612.0,False,False,False,False,annual,True
1665,S-40dcf4,A-249769,05-08-2024,Ongoing,Enterprise,56,11144.0,133728.0,False,False,False,False,annual,True
1666,S-4cd678,A-40de06,24-03-2024,Ongoing,Pro,28,1372.0,16464.0,False,False,False,False,monthly,False
1667,S-f981fe,A-3cc791,01-06-2024,Ongoing,Enterprise,22,4378.0,52536.0,False,False,False,False,monthly,True
1668,S-5da6e7,A-5a215a,29-07-2024,19-09-2024,Pro,87,4263.0,51156.0,False,False,False,True,annual,True
1669,S-1a5fa7,A-1f559b,27-02-2024,Ongoing,Enterprise,26,5174.0,62088.0,False,False,False,False,annual,False
1670,S-067edc,A-075038,30-11-2023,Ongoing,Pro,23,0.0,0.0,True,True,False,False,monthly,True
1671,S-16ce94,A-c4ea60,09-09-2024,Ongoing,Pro,18,882.0,10584.0,False,False,False,False,annual,True
1672,S-f2710b,A-309e54,13-12-2024,Ongoing,Enterprise,46,0.0,0.0,True,False,False,False,annual,True
1673,S-709f67,A-484819,27-05-2023,Ongoing,Enterprise,18,3582.0,42984.0,False,False,False,False,annual,True
1674,S-1bc5a4,A-560d27,31-07-2024,Ongoing,Enterprise,23,4577.0,54924.0,False,False,False,False,monthly,False
1675,S-4d5623,A-d40bf7,09-11-2024,Ongoing,Enterprise,59,11741.0,140892.0,False,False,False,False,annual,True
1676,S-91b63c,A-f17767,07-12-2023,Ongoing,Enterprise,39,7761.0,93132.0,False,False,False,False,annual,True
1677,S-f5bef8,A-993085,22-09-2023,Ongoing,Enterprise,40,7960.0,95520.0,False,False,True,False,monthly,True
1678,S-e6c900,A-cd458b,18-09-2024,Ongoing,Pro,10,490.0,5880.0,False,False,False,False,annual,True
1679,S-3c9115,A-9badbd,01-07-2024,Ongoing,Enterprise,30,5970.0,71640.0,False,False,False,False,monthly,False
1680,S-79af01,A-4ae22a,24-07-2024,Ongoing,Enterprise,6,1194.0,14328.0,False,False,False,False,monthly,True
1681,S-9fa738,A-977ca0,02-02-2024,Ongoing,Basic,10,0.0,0.0,True,False,False,False,monthly,False
1682,S-786ead,A-88c6ca,02-12-2024,Ongoing,Pro,8,392.0,4704.0,False,False,False,False,monthly,True
1683,S-9b5be4,A-ffdfd5,23-10-2024,Ongoing,Enterprise,4,796.0,9552.0,False,False,False,False,monthly,False
1684,S-3a4336,A-c1dfe1,07-07-2024,Ongoing,Enterprise,26,5174.0,62088.0,False,False,True,False,monthly,True
1685,S-9a410c,A-d535f6,11-12-2024,Ongoing,Pro,46,2254.0,27048.0,False,False,True,False,annual,True
1686,S-cd3f49,A-b2225d,22-05-2024,Ongoing,Enterprise,47,0.0,0.0,True,False,False,False,annual,True
1687,S-896293,A-337bc1,12-09-2024,Ongoing,Basic,30,0.0,0.0,True,True,False,False,monthly,True
1688,S-643ccd,A-45ce7a,30-09-2024,Ongoing,Basic,16,304.0,3648.0,False,False,False,False,annual,False
1689,S-34f8ad,A-484819,22-05-2024,Ongoing,Basic,18,342.0,4104.0,False,False,False,False,annual,True
1690,S-d85c2f,A-e6afc1,15-08-2024,Ongoing,Pro,85,4165.0,49980.0,False,False,False,False,annual,True
1691,S-826d19,A-5790f4,26-12-2024,29-12-2024,Enterprise,8,1592.0,19104.0,False,False,False,True,annual,True
1692,S-323f3e,A-b48f73,27-12-2024,Ongoing,Pro,80,3920.0,47040.0,False,False,False,False,annual,False
1693,S-202695,A-d535f6,23-09-2024,Ongoing,Basic,12,228.0,2736.0,False,False,False,False,monthly,True
1694,S-905752,A-bcf664,29-08-2024,Ongoing,Basic,30,570.0,6840.0,False,False,False,False,monthly,True
1695,S-e53224,A-d82ef9,25-08-2024,Ongoing,Pro,26,0.0,0.0,True,False,True,False,annual,True
1696,S-040422,A-463db0,28-12-2024,Ongoing,Basic,15,285.0,3420.0,False,False,False,False,annual,True
1697,S-aef80b,A-ccabf0,05-01-2024,Ongoing,Enterprise,13,2587.0,31044.0,False,False,False,False,annual,True
1698,S-dda23d,A-1b707d,14-11-2023,Ongoing,Pro,7,343.0,4116.0,False,False,False,False,annual,False
1699,S-d29830,A-684255,01-07-2024,Ongoing,Basic,9,171.0,2052.0,False,False,False,False,annual,True
1700,S-fc86d6,A-038089,27-06-2024,Ongoing,Pro,5,245.0,2940.0,False,False,False,False,annual,True
1701,S-7179fd,A-bcf664,16-06-2023,Ongoing,Basic,59,1121.0,13452.0,False,False,False,False,monthly,True
1702,S-01daf5,A-9affe6,14-11-2024,Ongoing,Pro,23,1127.0,13524.0,False,False,False,False,monthly,True
1703,S-916876,A-5ed98d,08-09-2024,Ongoing,Pro,24,1176.0,14112.0,False,False,False,False,monthly,True
1704,S-4eef1a,A-3a7284,18-12-2024,Ongoing,Basic,31,589.0,7068.0,False,False,False,False,monthly,True
1705,S-166024,A-443b7c,20-10-2024,Ongoing,Basic,24,456.0,5472.0,False,False,False,False,monthly,True
1706,S-3ee288,A-05d3b3,01-10-2024,Ongoing,Enterprise,19,3781.0,45372.0,False,False,False,False,annual,True
1707,S-4da04b,A-54ecc2,16-09-2024,Ongoing,Pro,7,343.0,4116.0,False,False,True,False,annual,True
1708,S-2d494e,A-922109,01-12-2024,Ongoing,Basic,5,0.0,0.0,True,False,False,False,monthly,True
1709,S-a80511,A-993085,14-09-2024,Ongoing,Pro,31,1519.0,18228.0,False,False,False,False,annual,True
1710,S-bc4da7,A-02cd81,10-09-2024,Ongoing,Basic,44,0.0,0.0,True,False,False,False,annual,True
1711,S-149409,A-0cc442,15-09-2024,28-10-2024,Pro,45,0.0,0.0,True,True,True,True,monthly,True
1712,S-5488ba,A-d3c88e,13-12-2024,Ongoing,Enterprise,16,3184.0,38208.0,False,False,False,False,annual,True
1713,S-d5ce9f,A-acb7f7,20-02-2024,Ongoing,Basic,39,741.0,8892.0,False,False,False,False,monthly,True
1714,S-680dbe,A-b07b56,18-12-2024,Ongoing,Enterprise,25,4975.0,59700.0,False,False,False,False,annual,True
1715,S-129a62,A-8bde0c,15-12-2024,Ongoing,Basic,34,0.0,0.0,True,False,False,False,monthly,False
1716,S-b821f4,A-adc1f3,21-12-2024,Ongoing,Enterprise,5,995.0,11940.0,False,False,False,False,monthly,True
1717,S-b5d3cc,A-d3c88e,29-12-2024,Ongoing,Enterprise,16,3184.0,38208.0,False,False,False,False,monthly,True
1718,S-115510,A-3b37d9,28-05-2024,Ongoing,Enterprise,23,0.0,0.0,True,False,False,False,monthly,True
1719,S-244df8,A-94d3da,28-10-2024,Ongoing,Basic,41,779.0,9348.0,False,False,False,False,monthly,True
1720,S-688851,A-50f3f7,05-04-2024,Ongoing,Basic,51,969.0,11628.0,False,False,False,False,annual,True
1721,S-36aedb,A-2bc93d,10-09-2024,Ongoing,Enterprise,14,2786.0,33432.0,False,True,False,False,annual,False
1722,S-642365,A-bd4513,13-12-2024,Ongoing,Basic,50,950.0,11400.0,False,False,False,False,annual,True
1723,S-4d47e3,A-7f4db3,28-03-2023,17-06-2024,Pro,4,196.0,2352.0,False,False,False,True,monthly,True
1724,S-69b3ac,A-de58ca,07-05-2023,Ongoing,Enterprise,80,0.0,0.0,True,False,False,False,annual,False
1725,S-650c13,A-692f18,06-08-2024,Ongoing,Basic,6,114.0,1368.0,False,False,False,False,monthly,True
1726,S-380617,A-b2225d,10-12-2024,Ongoing,Basic,47,893.0,10716.0,False,False,False,False,annual,True
1727,S-a1874c,A-9174e0,09-12-2024,Ongoing,Pro,37,1813.0,21756.0,False,False,False,False,monthly,True
1728,S-26dbbf,A-432483,17-12-2023,Ongoing,Pro,19,931.0,11172.0,False,False,False,False,monthly,True
1729,S-467918,A-396e5f,19-12-2024,Ongoing,Pro,34,1666.0,19992.0,False,False,False,False,monthly,False
1730,S-5a4fb5,A-462d45,13-02-2024,Ongoing,Pro,13,637.0,7644.0,False,True,False,False,annual,True
1731,S-023f5f,A-b2225d,18-08-2024,Ongoing,Basic,47,893.0,10716.0,False,False,False,False,annual,True
1732,S-4793bb,A-0f7d77,08-12-2024,Ongoing,Pro,3,147.0,1764.0,False,False,False,False,annual,False
1733,S-0da8be,A-cc8c8f,16-07-2024,05-09-2024,Basic,23,0.0,0.0,True,False,False,True,monthly,True
1734,S-6d6ab6,A-54d94a,21-12-2024,Ongoing,Basic,27,513.0,6156.0,False,False,False,False,annual,True
1735,S-c033fa,A-151c9a,26-06-2024,Ongoing,Pro,52,2548.0,30576.0,False,False,False,False,monthly,False
1736,S-330989,A-671f31,27-11-2024,Ongoing,Pro,59,2891.0,34692.0,False,False,False,False,annual,True
1737,S-2632a2,A-5a3eb9,15-03-2024,Ongoing,Basic,18,342.0,4104.0,False,False,True,False,annual,True
1738,S-e195f5,A-956988,26-12-2024,Ongoing,Enterprise,12,2388.0,28656.0,False,False,False,False,monthly,True
1739,S-132103,A-a2485e,08-08-2024,Ongoing,Pro,9,441.0,5292.0,False,False,False,False,monthly,True
1740,S-53361d,A-1ac5e0,30-12-2024,Ongoing,Enterprise,33,0.0,0.0,True,False,False,False,monthly,False
1741,S-0c42bc,A-712426,16-12-2024,Ongoing,Pro,9,441.0,5292.0,False,False,False,False,annual,True
1742,S-b2cfac,A-7f8241,24-12-2024,Ongoing,Enterprise,34,6766.0,81192.0,False,False,False,False,monthly,False
1743,S-fe2139,A-0f6450,28-12-2024,Ongoing,Pro,28,1372.0,16464.0,False,False,False,False,monthly,True
1744,S-0386c2,A-0f6450,28-12-2024,Ongoing,Enterprise,28,5572.0,66864.0,False,False,False,False,annual,True
1745,S-3fb8f4,A-118f1c,28-12-2024,Ongoing,Enterprise,32,6368.0,76416.0,False,False,False,False,annual,False
1746,S-022a1e,A-c42f1f,28-07-2024,Ongoing,Pro,11,539.0,6468.0,False,False,False,False,annual,True
1747,S-a7a7c7,A-2ebb4b,02-11-2023,Ongoing,Basic,41,0.0,0.0,True,False,False,False,monthly,True
1748,S-89d586,A-970c97,02-11-2024,Ongoing,Pro,29,1421.0,17052.0,False,False,False,False,annual,True
1749,S-fdc127,A-7641d3,11-03-2024,Ongoing,Pro,76,0.0,0.0,True,False,False,False,monthly,True
1750,S-5fb9ab,A-7f6b86,27-10-2024,Ongoing,Enterprise,45,0.0,0.0,True,False,False,False,annual,False
1751,S-e36ccb,A-30b4ca,30-06-2024,Ongoing,Enterprise,86,17114.0,205368.0,False,False,False,False,monthly,True
1752,S-88bc66,A-544d0a,24-05-2024,Ongoing,Pro,43,2107.0,25284.0,False,False,False,False,monthly,False
1753,S-6aa72f,A-58b9ff,05-07-2024,Ongoing,Enterprise,3,0.0,0.0,True,False,False,False,annual,False
1754,S-029065,A-4c56c9,28-07-2024,Ongoing,Basic,11,0.0,0.0,True,False,False,False,annual,True
1755,S-7070de,A-bcbe98,24-10-2024,Ongoing,Enterprise,46,9154.0,109848.0,False,False,False,False,annual,True
1756,S-76b06c,A-54d94a,06-08-2024,Ongoing,Pro,27,1323.0,15876.0,False,False,False,False,monthly,True
1757,S-a102aa,A-ccc747,24-06-2024,Ongoing,Pro,37,1813.0,21756.0,False,True,False,False,monthly,False
1758,S-79c82e,A-40906c,11-09-2024,Ongoing,Basic,92,1748.0,20976.0,False,False,False,False,monthly,True
1759,S-af4059,A-acb7f7,07-01-2024,Ongoing,Enterprise,32,6368.0,76416.0,False,False,False,False,annual,True
1760,S-22eb3c,A-0a282f,20-12-2024,Ongoing,Basic,60,1140.0,13680.0,False,False,False,False,monthly,True
1761,S-4e0220,A-fa2041,18-10-2024,Ongoing,Enterprise,15,2985.0,35820.0,False,False,False,False,annual,True
1762,S-0ecec7,A-756192,17-07-2024,Ongoing,Enterprise,19,3781.0,45372.0,False,False,False,False,monthly,True
1763,S-1b8454,A-d4e0d4,27-10-2024,Ongoing,Enterprise,117,23283.0,279396.0,False,False,False,False,monthly,True
1764,S-ad8055,A-bc87bc,07-11-2024,Ongoing,Enterprise,3,597.0,7164.0,False,False,False,False,monthly,True
1765,S-f762a3,A-158f4e,22-03-2024,Ongoing,Enterprise,61,12139.0,145668.0,False,False,False,False,annual,True
1766,S-d29575,A-0cc442,01-09-2024,Ongoing,Enterprise,45,8955.0,107460.0,False,False,False,False,monthly,True
1767,S-0756ce,A-9badbd,15-10-2024,Ongoing,Pro,77,3773.0,45276.0,False,False,False,False,monthly,True
1768,S-f6bb38,A-b2af2e,26-08-2024,Ongoing,Basic,11,209.0,2508.0,False,False,False,False,monthly,False
1769,S-5685bf,A-524364,31-12-2024,Ongoing,Enterprise,108,0.0,0.0,True,False,False,False,annual,True
1770,S-7c727c,A-adc1f3,28-08-2024,Ongoing,Enterprise,8,1592.0,19104.0,False,False,False,False,annual,False
1771,S-1c643d,A-5a92e7,11-12-2024,Ongoing,Basic,6,114.0,1368.0,False,False,False,False,monthly,True
1772,S-7c633c,A-dbc825,10-07-2024,Ongoing,Basic,19,0.0,0.0,True,False,False,False,annual,True
1773,S-5de583,A-dbc825,12-11-2024,Ongoing,Basic,19,361.0,4332.0,False,False,False,False,monthly,True
1774,S-80af53,A-fd7ad3,23-12-2024,29-12-2024,Enterprise,12,2388.0,28656.0,False,True,False,True,monthly,True
1775,S-9210e7,A-dec005,03-03-2024,Ongoing,Enterprise,21,4179.0,50148.0,False,False,False,False,annual,True
1776,S-f9bd62,A-66224b,27-12-2024,Ongoing,Basic,92,0.0,0.0,True,False,False,False,monthly,True
1777,S-d7c21d,A-8145a0,17-12-2024,Ongoing,Basic,15,285.0,3420.0,False,False,False,False,monthly,True
1778,S-0b73bd,A-118d55,24-11-2024,Ongoing,Enterprise,16,3184.0,38208.0,False,False,True,False,monthly,False
1779,S-9a8a30,A-4a267b,15-09-2024,24-12-2024,Enterprise,25,4975.0,59700.0,False,False,False,True,annual,True
1780,S-50e9f3,A-adc1f3,10-08-2024,Ongoing,Enterprise,6,1194.0,14328.0,False,False,False,False,annual,True
1781,S-f5f01f,A-b179bf,24-12-2024,Ongoing,Basic,43,817.0,9804.0,False,False,False,False,annual,True
1782,S-0ec1d3,A-86fc1d,08-08-2024,Ongoing,Pro,56,2744.0,32928.0,False,False,False,False,annual,True
1783,S-b784a1,A-59f724,29-05-2024,Ongoing,Pro,6,294.0,3528.0,False,False,False,False,monthly,True
1784,S-01ae7f,A-b179bf,25-12-2024,Ongoing,Pro,43,0.0,0.0,True,False,False,False,annual,True
1785,S-1fabe5,A-0baac2,10-12-2024,Ongoing,Basic,19,361.0,4332.0,False,False,False,False,monthly,True
1786,S-2b8a8b,A-9f2731,08-11-2024,Ongoing,Pro,13,637.0,7644.0,False,False,False,False,annual,True
1787,S-c455ec,A-856b1e,02-11-2023,Ongoing,Pro,19,931.0,11172.0,False,False,False,False,monthly,True
1788,S-f4d491,A-9779ad,09-05-2024,Ongoing,Enterprise,40,7960.0,95520.0,False,False,False,False,monthly,True
1789,S-30bb47,A-c16cf7,13-11-2024,Ongoing,Enterprise,13,2587.0,31044.0,False,False,False,False,annual,False
1790,S-9dbe8c,A-d3c88e,27-10-2024,Ongoing,Basic,16,0.0,0.0,True,False,False,False,monthly,True
1791,S-679c73,A-271f46,12-01-2024,Ongoing,Pro,38,0.0,0.0,True,False,False,False,monthly,True
1792,S-d9f26e,A-b7724f,27-12-2024,Ongoing,Basic,29,551.0,6612.0,False,False,False,False,monthly,True
1793,S-e6c842,A-8b0451,10-11-2024,Ongoing,Basic,41,779.0,9348.0,False,False,False,False,annual,True
1794,S-b53850,A-cd458b,18-08-2024,14-09-2024,Basic,29,551.0,6612.0,False,False,False,True,annual,True
1795,S-0aba5b,A-180abf,16-12-2024,Ongoing,Pro,64,0.0,0.0,True,False,False,False,monthly,True
1796,S-99271f,A-d62e02,13-11-2024,Ongoing,Enterprise,27,5373.0,64476.0,False,False,False,False,monthly,False
1797,S-b8a352,A-5f7781,07-09-2024,Ongoing,Enterprise,22,4378.0,52536.0,False,False,False,False,annual,True
1798,S-be509c,A-49b828,10-08-2023,Ongoing,Enterprise,6,0.0,0.0,True,False,False,False,annual,True
1799,S-07c2c2,A-f1f639,03-07-2023,Ongoing,Basic,5,95.0,1140.0,False,False,False,False,monthly,True
1800,S-0e057d,A-cc98bc,27-06-2023,Ongoing,Pro,57,2793.0,33516.0,False,False,False,False,annual,True
1801,S-606d6d,A-054577,01-12-2024,Ongoing,Enterprise,14,2786.0,33432.0,False,False,False,False,monthly,True
1802,S-2ae21d,A-0f6450,28-12-2024,Ongoing,Basic,28,532.0,6384.0,False,False,False,False,annual,True
1803,S-e60f46,A-eb7fac,30-03-2024,Ongoing,Enterprise,7,1393.0,16716.0,False,False,False,False,annual,True
1804,S-87e8d3,A-8145a0,07-08-2023,Ongoing,Enterprise,4,796.0,9552.0,False,False,False,False,monthly,True
1805,S-b409d1,A-e98302,21-01-2024,Ongoing,Pro,18,882.0,10584.0,False,False,False,False,annual,True
1806,S-fb6734,A-bd4513,12-11-2024,Ongoing,Enterprise,50,9950.0,119400.0,False,False,False,False,annual,True
1807,S-8a46fe,A-7d514c,05-12-2024,Ongoing,Enterprise,17,3383.0,40596.0,False,False,False,False,monthly,True
1808,S-ee3fa2,A-977ca0,19-03-2024,Ongoing,Pro,6,294.0,3528.0,False,False,False,False,annual,True
1809,S-8bf576,A-cbbe12,16-12-2024,Ongoing,Enterprise,40,7960.0,95520.0,False,False,False,False,monthly,True
1810,S-9fa080,A-c1e51e,24-12-2024,Ongoing,Enterprise,29,5771.0,69252.0,False,True,False,False,monthly,True
1811,S-30e0c1,A-977ca0,02-08-2024,Ongoing,Pro,35,1715.0,20580.0,False,False,False,False,monthly,True
1812,S-9eb13e,A-4c38bc,30-04-2024,Ongoing,Basic,36,684.0,8208.0,False,False,False,False,monthly,True
1813,S-d1b062,A-a6d261,07-03-2024,Ongoing,Enterprise,14,2786.0,33432.0,False,False,False,False,monthly,True
1814,S-9ffb31,A-a8d89d,24-08-2024,Ongoing,Pro,13,637.0,7644.0,False,False,False,False,annual,True
1815,S-9e2819,A-e43bf7,28-07-2024,Ongoing,Enterprise,44,8756.0,105072.0,False,False,False,False,annual,True
1816,S-f9b1d0,A-65a46c,07-03-2024,Ongoing,Basic,18,342.0,4104.0,False,False,False,False,monthly,True
1817,S-7f28f3,A-396e5f,18-10-2024,Ongoing,Pro,10,490.0,5880.0,False,True,True,False,annual,True
1818,S-c1164e,A-4ef964,06-09-2024,Ongoing,Pro,70,3430.0,41160.0,False,False,False,False,monthly,False
1819,S-a9fb74,A-c45b23,04-08-2024,Ongoing,Pro,5,0.0,0.0,True,False,False,False,annual,True
1820,S-3e5a20,A-eafc6e,17-07-2024,Ongoing,Basic,76,1444.0,17328.0,False,False,False,False,monthly,False
1821,S-78da0b,A-b20d99,26-01-2024,Ongoing,Enterprise,20,3980.0,47760.0,False,False,False,False,monthly,True
1822,S-e9bcb2,A-eb2fdc,15-05-2024,Ongoing,Basic,43,817.0,9804.0,False,False,False,False,monthly,True
1823,S-4d30ba,A-600734,25-02-2024,Ongoing,Basic,29,551.0,6612.0,False,False,False,False,annual,True
1824,S-654529,A-8b25f2,17-10-2024,Ongoing,Enterprise,6,0.0,0.0,True,False,False,False,annual,True
1825,S-342708,A-ffc04f,30-11-2024,21-12-2024,Pro,41,2009.0,24108.0,False,False,False,True,annual,True
1826,S-c067fc,A-249769,18-07-2024,Ongoing,Basic,5,95.0,1140.0,False,False,False,False,monthly,True
1827,S-e31e0c,A-977ca0,04-04-2023,Ongoing,Pro,92,4508.0,54096.0,False,False,False,False,monthly,True
1828,S-cd79c0,A-ccabf0,07-11-2023,Ongoing,Enterprise,16,3184.0,38208.0,False,False,False,False,monthly,True
1829,S-b69d76,A-b54c01,28-10-2024,Ongoing,Pro,29,1421.0,17052.0,False,False,False,False,monthly,True
1830,S-612bfb,A-180abf,16-04-2024,Ongoing,Enterprise,64,12736.0,152832.0,False,True,False,False,annual,True
1831,S-51673a,A-5a92e7,17-12-2024,Ongoing,Pro,9,0.0,0.0,True,False,False,False,monthly,True
1832,S-0f9910,A-af0cd2,10-07-2023,15-07-2024,Basic,19,0.0,0.0,True,False,False,True,monthly,True
1833,S-d4a76b,A-a45270,23-09-2024,Ongoing,Basic,29,551.0,6612.0,False,True,False,False,monthly,True
1834,S-2abffe,A-a8b49c,02-03-2024,Ongoing,Pro,9,441.0,5292.0,False,False,False,False,monthly,False
1835,S-938952,A-df1e44,18-12-2024,Ongoing,Pro,12,588.0,7056.0,False,False,False,False,monthly,True
1836,S-4f5eb2,A-781cc0,07-09-2024,Ongoing,Basic,12,228.0,2736.0,False,False,False,False,monthly,False
1837,S-7f92bd,A-4f18f0,04-06-2024,10-08-2024,Basic,24,456.0,5472.0,False,False,True,True,monthly,True
1838,S-ad45ea,A-c1e51e,11-12-2024,Ongoing,Basic,19,361.0,4332.0,False,False,False,False,monthly,True
1839,S-f78a1a,A-fd7ad3,02-11-2024,Ongoing,Basic,3,57.0,684.0,False,False,False,False,annual,True
1840,S-3ad221,A-6f50ae,11-11-2023,Ongoing,Basic,19,361.0,4332.0,False,False,False,False,monthly,True
1841,S-8b3331,A-53f4e3,28-11-2024,Ongoing,Basic,18,342.0,4104.0,False,False,False,False,annual,True
1842,S-e4ce2c,A-5ed98d,14-08-2024,Ongoing,Pro,24,1176.0,14112.0,False,False,False,False,annual,True
1843,S-8b0498,A-180abf,19-02-2024,Ongoing,Pro,64,3136.0,37632.0,False,False,False,False,monthly,False
1844,S-2971ae,A-9c18c4,13-10-2024,Ongoing,Enterprise,11,2189.0,26268.0,False,True,False,False,monthly,True
1845,S-447189,A-378b99,19-09-2024,Ongoing,Basic,68,1292.0,15504.0,False,False,False,False,monthly,True
1846,S-474001,A-adc1f3,19-12-2024,Ongoing,Pro,2,98.0,1176.0,False,False,False,False,annual,False
1847,S-4c7591,A-17939a,30-12-2024,Ongoing,Pro,28,1372.0,16464.0,False,False,False,False,monthly,True
1848,S-477a57,A-ccabf0,29-11-2023,Ongoing,Enterprise,59,11741.0,140892.0,False,False,False,False,monthly,True
1849,S-a60299,A-716841,20-09-2024,Ongoing,Pro,45,0.0,0.0,True,False,False,False,monthly,True
1850,S-f8bff8,A-71615e,20-07-2024,Ongoing,Basic,15,285.0,3420.0,False,False,False,False,annual,True
1851,S-8f181e,A-5790f4,24-12-2024,Ongoing,Enterprise,18,3582.0,42984.0,False,False,False,False,annual,True
1852,S-0ec903,A-039727,18-12-2024,Ongoing,Basic,25,475.0,5700.0,False,False,False,False,annual,True
1853,S-591a64,A-c7e58b,30-08-2023,Ongoing,Basic,3,57.0,684.0,False,False,False,False,annual,True
1854,S-3af70e,A-3b37d9,17-11-2024,Ongoing,Enterprise,23,4577.0,54924.0,False,False,False,False,annual,True
1855,S-d44088,A-0651a4,21-12-2024,23-12-2024,Pro,16,0.0,0.0,True,False,False,True,annual,True
1856,S-fb95f2,A-d4ac0e,28-10-2024,Ongoing,Enterprise,25,4975.0,59700.0,False,False,False,False,annual,True
1857,S-d07886,A-0dbdc6,02-07-2024,Ongoing,Pro,30,1470.0,17640.0,False,False,False,False,annual,True
1858,S-977d49,A-a865bd,11-04-2024,Ongoing,Enterprise,38,7562.0,90744.0,False,False,False,False,monthly,True
1859,S-270e94,A-22f2df,21-12-2024,Ongoing,Basic,6,114.0,1368.0,False,True,False,False,annual,True
1860,S-b8ee76,A-7f4db3,31-10-2023,Ongoing,Pro,6,294.0,3528.0,False,False,False,False,monthly,True
1861,S-c3472f,A-038089,23-07-2024,Ongoing,Pro,36,1764.0,21168.0,False,False,False,False,monthly,True
1862,S-46dfac,A-6dee43,16-10-2024,Ongoing,Pro,17,0.0,0.0,True,False,False,False,annual,True
1863,S-eb8b81,A-1f7acb,31-10-2023,Ongoing,Basic,64,1216.0,14592.0,False,False,False,False,monthly,True
1864,S-7ea264,A-10b8f2,10-04-2024,Ongoing,Enterprise,47,9353.0,112236.0,False,False,False,False,annual,True
1865,S-209456,A-95b24a,18-07-2023,Ongoing,Pro,38,1862.0,22344.0,False,False,False,False,annual,True
1866,S-c63e51,A-cab532,07-07-2024,Ongoing,Pro,11,539.0,6468.0,False,False,False,False,annual,True
1867,S-40d87e,A-f03140,28-05-2024,Ongoing,Pro,28,1372.0,16464.0,False,False,False,False,annual,True
1868,S-2ee7ec,A-c16101,24-10-2024,Ongoing,Basic,12,228.0,2736.0,False,False,False,False,monthly,True
1869,S-2c11c6,A-76fa4d,08-12-2024,28-12-2024,Pro,69,0.0,0.0,True,False,False,True,monthly,True
1870,S-d232ad,A-1619f8,10-06-2024,Ongoing,Pro,29,0.0,0.0,True,False,False,False,monthly,False
1871,S-3a28cc,A-80eeb6,16-02-2024,Ongoing,Basic,33,627.0,7524.0,False,False,False,False,monthly,True
1872,S-775dd1,A-378b99,10-09-2024,Ongoing,Pro,19,931.0,11172.0,False,False,False,False,monthly,True
1873,S-4c2f78,A-533452,24-11-2024,Ongoing,Pro,51,2499.0,29988.0,False,False,False,False,monthly,True
1874,S-91cd9b,A-cdf020,31-01-2024,03-07-2024,Pro,45,2205.0,26460.0,False,False,False,True,annual,True
1875,S-e0a4c5,A-fabe19,26-12-2024,Ongoing,Enterprise,1,0.0,0.0,True,True,False,False,monthly,False
1876,S-76c065,A-716841,14-11-2024,Ongoing,Enterprise,45,8955.0,107460.0,False,False,False,False,annual,True
1877,S-3cae3d,A-ce550d,04-12-2024,Ongoing,Pro,35,1715.0,20580.0,False,False,False,False,annual,False
1878,S-71c67c,A-0f6450,30-12-2024,Ongoing,Pro,28,1372.0,16464.0,False,False,False,False,monthly,True
1879,S-fe6eb1,A-2446e3,09-12-2024,Ongoing,Enterprise,27,5373.0,64476.0,False,False,False,False,monthly,True
1880,S-2dc99d,A-cc102e,04-11-2024,Ongoing,Basic,22,418.0,5016.0,False,False,False,False,monthly,True
1881,S-cd4dcd,A-cb5333,11-07-2024,Ongoing,Pro,33,1617.0,19404.0,False,False,False,False,monthly,True
1882,S-21ebb6,A-0baac2,27-10-2024,Ongoing,Enterprise,31,6169.0,74028.0,False,False,False,False,annual,True
1883,S-94c6a5,A-40de06,22-08-2024,Ongoing,Pro,28,1372.0,16464.0,False,True,False,False,monthly,True
1884,S-89c7ff,A-2f6a32,13-10-2024,Ongoing,Pro,33,1617.0,19404.0,False,False,False,False,annual,True
1885,S-6da42f,A-039727,30-11-2024,Ongoing,Pro,25,1225.0,14700.0,False,True,True,False,monthly,True
1886,S-ec242e,A-8e47ca,26-04-2024,Ongoing,Enterprise,31,6169.0,74028.0,False,False,False,False,monthly,True
1887,S-7003c5,A-038089,30-12-2024,Ongoing,Basic,5,95.0,1140.0,False,False,False,False,annual,True
1888,S-ac6f24,A-fdfc91,03-05-2024,Ongoing,Pro,29,0.0,0.0,True,False,False,False,monthly,True
1889,S-52b74f,A-249769,11-08-2024,Ongoing,Enterprise,7,1393.0,16716.0,False,False,False,False,annual,True
1890,S-e89b90,A-756192,12-12-2024,Ongoing,Pro,38,1862.0,22344.0,False,False,False,False,annual,True
1891,S-70d15d,A-8adedc,22-02-2024,09-03-2024,Enterprise,57,11343.0,136116.0,False,False,False,True,monthly,True
1892,S-0d497d,A-432483,10-01-2024,Ongoing,Enterprise,41,8159.0,97908.0,False,False,False,False,annual,True
1893,S-14f672,A-692f18,10-07-2024,Ongoing,Pro,12,588.0,7056.0,False,False,False,False,monthly,True
1894,S-7be132,A-cea1f0,21-10-2024,Ongoing,Basic,14,266.0,3192.0,False,False,False,False,annual,True
1895,S-0fdcfe,A-4c38bc,24-08-2024,Ongoing,Enterprise,36,7164.0,85968.0,False,True,False,False,annual,True
1896,S-600e05,A-600734,17-04-2024,Ongoing,Basic,29,551.0,6612.0,False,False,False,False,monthly,False
1897,S-2b0a2d,A-c1dfe1,04-02-2024,Ongoing,Basic,26,494.0,5928.0,False,True,False,False,annual,True
1898,S-3a6a71,A-462d45,19-04-2024,Ongoing,Basic,61,1159.0,13908.0,False,False,False,False,monthly,False
1899,S-c27df9,A-6f50ae,05-04-2024,Ongoing,Pro,19,0.0,0.0,True,False,False,False,monthly,True
1900,S-abddce,A-7d514c,01-07-2024,12-11-2024,Enterprise,43,8557.0,102684.0,False,False,False,True,monthly,True
1901,S-5d0af1,A-977ca0,19-04-2023,Ongoing,Pro,17,833.0,9996.0,False,False,False,False,monthly,False
1902,S-a2d132,A-66224b,28-11-2024,Ongoing,Pro,111,0.0,0.0,True,False,False,False,annual,True
1903,S-a610f6,A-98a59a,25-11-2023,Ongoing,Basic,56,1064.0,12768.0,False,False,False,False,annual,False
1904,S-60890c,A-ff3c73,06-04-2023,Ongoing,Pro,21,1029.0,12348.0,False,False,False,False,monthly,False
1905,S-be53ea,A-526d93,28-07-2024,Ongoing,Pro,43,2107.0,25284.0,False,False,False,False,annual,True
1906,S-710a78,A-f6b2fb,21-10-2024,Ongoing,Enterprise,23,0.0,0.0,True,False,False,False,annual,True
1907,S-9bd0ec,A-fe79a5,26-12-2024,Ongoing,Enterprise,9,1791.0,21492.0,False,False,False,False,annual,True
1908,S-f36088,A-8adedc,24-05-2024,Ongoing,Enterprise,43,0.0,0.0,True,False,False,False,annual,True
1909,S-a55d16,A-7da956,23-07-2024,Ongoing,Basic,13,247.0,2964.0,False,False,False,False,monthly,False
1910,S-7f94c2,A-9bfc9f,16-10-2023,Ongoing,Pro,53,0.0,0.0,True,False,False,False,monthly,True
1911,S-bff4f8,A-b07346,21-11-2024,Ongoing,Enterprise,51,10149.0,121788.0,False,False,False,False,annual,False
1912,S-07a006,A-40906c,18-11-2024,Ongoing,Enterprise,92,18308.0,219696.0,False,False,False,False,monthly,True
1913,S-35a9b6,A-c16cf7,27-10-2024,Ongoing,Pro,13,637.0,7644.0,False,False,False,False,annual,False
1914,S-c7190f,A-56962b,08-09-2024,Ongoing,Pro,163,7987.0,95844.0,False,True,False,False,monthly,True
1915,S-7dab19,A-de58ca,24-12-2023,04-11-2024,Basic,47,893.0,10716.0,False,False,False,True,annual,False
1916,S-a7ce33,A-e89151,28-03-2024,Ongoing,Enterprise,23,4577.0,54924.0,False,True,False,False,monthly,True
1917,S-ddf5ff,A-1f559b,21-06-2024,29-09-2024,Basic,58,1102.0,13224.0,False,False,False,True,monthly,False
1918,S-b262a1,A-180abf,09-11-2024,Ongoing,Basic,64,1216.0,14592.0,False,False,False,False,annual,True
1919,S-db37e1,A-4a267b,12-10-2024,Ongoing,Enterprise,63,12537.0,150444.0,False,False,False,False,annual,False
1920,S-a67bb7,A-09316c,19-09-2024,Ongoing,Enterprise,70,13930.0,167160.0,False,False,False,False,monthly,True
1921,S-2ec763,A-068fc6,03-12-2024,Ongoing,Pro,35,1715.0,20580.0,False,False,False,False,monthly,True
1922,S-142456,A-22d9d2,30-04-2024,06-09-2024,Basic,10,0.0,0.0,True,False,False,True,annual,True
1923,S-81d580,A-f03140,09-07-2024,Ongoing,Basic,27,513.0,6156.0,False,False,False,False,annual,False
1924,S-47cfb3,A-22f2df,30-12-2024,Ongoing,Basic,11,209.0,2508.0,False,False,False,False,annual,True
1925,S-d5bf88,A-462d45,21-02-2024,Ongoing,Enterprise,52,10348.0,124176.0,False,False,True,False,annual,True
1926,S-62b93c,A-692f18,19-09-2024,Ongoing,Enterprise,6,0.0,0.0,True,False,False,False,annual,True
1927,S-8bac4e,A-558c72,17-12-2023,Ongoing,Pro,12,588.0,7056.0,False,False,False,False,monthly,True
1928,S-35cf1c,A-1b9609,17-02-2024,Ongoing,Basic,49,931.0,11172.0,False,False,False,False,monthly,True
1929,S-820711,A-71615e,05-11-2024,Ongoing,Enterprise,60,11940.0,143280.0,False,False,False,False,annual,False
1930,S-304196,A-bcf664,02-09-2024,Ongoing,Basic,6,114.0,1368.0,False,False,False,False,monthly,True
1931,S-39e396,A-443b7c,29-11-2024,Ongoing,Basic,8,152.0,1824.0,False,False,False,False,annual,True
1932,S-1e8910,A-9b9fe9,26-05-2024,Ongoing,Pro,5,0.0,0.0,True,False,False,False,monthly,True
1933,S-b465a7,A-66224b,20-10-2024,Ongoing,Enterprise,92,18308.0,219696.0,False,False,False,False,monthly,True
1934,S-5163bd,A-7988d1,18-05-2024,Ongoing,Basic,33,627.0,7524.0,False,False,False,False,annual,True
1935,S-20d02a,A-40a557,11-01-2024,16-01-2024,Enterprise,16,3184.0,38208.0,False,False,False,True,annual,True
1936,S-34b845,A-432483,02-05-2024,Ongoing,Pro,8,392.0,4704.0,False,False,False,False,monthly,True
1937,S-12ca50,A-425e76,21-06-2023,Ongoing,Enterprise,8,1592.0,19104.0,False,True,False,False,monthly,True
1938,S-6dff9e,A-76fa4d,27-11-2024,Ongoing,Enterprise,69,13731.0,164772.0,False,False,False,False,monthly,True
1939,S-a24aa1,A-c608c8,07-03-2024,Ongoing,Pro,21,1029.0,12348.0,False,True,False,False,monthly,True
1940,S-a7360b,A-00bed1,16-11-2023,Ongoing,Basic,61,1159.0,13908.0,False,True,False,False,annual,True
1941,S-1082f7,A-c7ffc2,21-08-2023,Ongoing,Basic,57,1083.0,12996.0,False,False,False,False,annual,True
1942,S-d747bc,A-068fc6,17-03-2024,Ongoing,Basic,35,665.0,7980.0,False,True,False,False,monthly,True
1943,S-4d1a78,A-7dacce,02-11-2024,Ongoing,Basic,49,0.0,0.0,True,False,False,False,monthly,True
1944,S-a79d1f,A-f45426,23-09-2024,Ongoing,Enterprise,9,0.0,0.0,True,False,False,False,monthly,True
1945,S-0bd442,A-ad296b,08-08-2024,Ongoing,Enterprise,38,7562.0,90744.0,False,False,False,False,monthly,True
1946,S-71cefe,A-cb5333,19-06-2024,Ongoing,Basic,33,627.0,7524.0,False,False,False,False,annual,True
1947,S-a36a36,A-4ef964,01-05-2024,Ongoing,Pro,17,833.0,9996.0,False,False,False,False,annual,False
1948,S-9d505c,A-8bde0c,14-12-2024,Ongoing,Basic,61,1159.0,13908.0,False,False,False,False,monthly,True
1949,S-e7416c,A-6dee43,15-05-2024,Ongoing,Pro,16,784.0,9408.0,False,False,False,False,annual,True
1950,S-a7cab8,A-94d3da,26-12-2023,Ongoing,Basic,41,779.0,9348.0,False,False,False,False,monthly,False
1951,S-5ae105,A-296d7c,21-04-2024,Ongoing,Basic,19,361.0,4332.0,False,False,False,False,monthly,True
1952,S-ed9451,A-bd4513,17-12-2024,17-12-2024,Pro,50,2450.0,29400.0,False,False,False,True,annual,True
1953,S-bfd04c,A-2e3bad,03-04-2024,Ongoing,Basic,61,1159.0,13908.0,False,False,False,False,monthly,False
1954,S-fc2742,A-c9bb3e,13-08-2024,Ongoing,Enterprise,11,2189.0,26268.0,False,False,False,False,annual,True
1955,S-8e9e9b,A-4e44e8,06-09-2024,Ongoing,Basic,3,57.0,684.0,False,True,False,False,annual,False
1956,S-2f0291,A-ba6516,24-11-2024,Ongoing,Enterprise,27,5373.0,64476.0,False,False,False,False,annual,True
1957,S-74a274,A-02fac6,06-10-2024,Ongoing,Enterprise,22,4378.0,52536.0,False,False,False,False,monthly,True
1958,S-82848e,A-bece89,18-01-2024,Ongoing,Enterprise,26,5174.0,62088.0,False,False,False,False,annual,True
1959,S-6a0399,A-df1e44,08-09-2024,15-12-2024,Enterprise,12,2388.0,28656.0,False,False,True,True,monthly,True
1960,S-29597a,A-0532a9,17-10-2024,Ongoing,Enterprise,27,5373.0,64476.0,False,False,False,False,annual,False
1961,S-4c8ab8,A-39ddf4,26-12-2024,Ongoing,Pro,40,1960.0,23520.0,False,False,False,False,monthly,True
1962,S-0638dc,A-9779ad,07-04-2024,Ongoing,Enterprise,40,7960.0,95520.0,False,False,False,False,annual,True
1963,S-2557d9,A-692f18,14-12-2024,Ongoing,Enterprise,10,1990.0,23880.0,False,True,False,False,monthly,True
1964,S-bd1ee1,A-bd4708,18-12-2024,Ongoing,Enterprise,37,7363.0,88356.0,False,False,False,False,monthly,True
1965,S-ee3466,A-7d514c,13-02-2024,Ongoing,Enterprise,17,0.0,0.0,True,True,False,False,monthly,True
1966,S-477317,A-d5a319,01-01-2024,Ongoing,Enterprise,70,13930.0,167160.0,False,True,False,False,annual,True
1967,S-5bb13f,A-089363,10-01-2024,Ongoing,Enterprise,15,2985.0,35820.0,False,False,False,False,monthly,False
1968,S-6ee6c9,A-396e5f,19-10-2024,Ongoing,Pro,53,2597.0,31164.0,False,False,False,False,annual,True
1969,S-4a2fc6,A-10b8f2,05-08-2023,Ongoing,Basic,47,0.0,0.0,True,False,False,False,annual,True
1970,S-e768c6,A-9289f6,08-07-2023,Ongoing,Basic,22,418.0,5016.0,False,False,False,False,annual,True
1971,S-5cce27,A-d42431,01-09-2024,Ongoing,Basic,22,418.0,5016.0,False,False,False,False,annual,True
1972,S-8707e7,A-17939a,31-12-2024,Ongoing,Basic,14,266.0,3192.0,False,False,False,False,annual,True
1973,S-2ff0ab,A-712f1c,11-05-2024,Ongoing,Basic,17,323.0,3876.0,False,True,False,False,monthly,True
1974,S-5b58b1,A-87aa7b,19-11-2024,Ongoing,Pro,24,1176.0,14112.0,False,False,False,False,annual,True
1975,S-0ba1fe,A-5a184f,15-01-2024,Ongoing,Enterprise,46,9154.0,109848.0,False,False,True,False,monthly,True
1976,S-c58d66,A-42b791,06-11-2024,Ongoing,Basic,3,57.0,684.0,False,False,False,False,monthly,True
1977,S-2cc962,A-3d957b,16-10-2024,Ongoing,Enterprise,14,2786.0,33432.0,False,False,False,False,annual,False
1978,S-235670,A-3a7284,15-12-2024,Ongoing,Enterprise,33,6567.0,78804.0,False,False,True,False,monthly,True
1979,S-98126d,A-8145a0,09-09-2024,Ongoing,Basic,12,228.0,2736.0,False,False,False,False,monthly,True
1980,S-ebfbbe,A-00cac8,04-08-2024,Ongoing,Basic,8,152.0,1824.0,False,False,False,False,monthly,True
1981,S-7a55d9,A-7e0a10,03-01-2024,Ongoing,Basic,46,874.0,10488.0,False,False,False,False,monthly,True
1982,S-6ce221,A-65aeb5,10-10-2024,03-12-2024,Basic,9,171.0,2052.0,False,False,False,True,annual,True
1983,S-4cff80,A-f97b9a,24-12-2023,Ongoing,Enterprise,16,0.0,0.0,True,False,False,False,monthly,True
1984,S-7e2e5c,A-7df7a7,06-04-2024,Ongoing,Basic,7,133.0,1596.0,False,False,False,False,monthly,False
1985,S-af8f54,A-712426,28-11-2024,26-12-2024,Enterprise,9,1791.0,21492.0,False,False,False,True,monthly,True
1986,S-b152d6,A-c16101,25-12-2024,Ongoing,Pro,7,343.0,4116.0,False,False,False,False,monthly,True
1987,S-276555,A-d792a6,26-01-2024,Ongoing,Pro,36,1764.0,21168.0,False,False,False,False,annual,True
1988,S-fcd20b,A-157070,07-07-2024,Ongoing,Pro,16,784.0,9408.0,False,False,False,False,annual,True
1989,S-41bb1b,A-993085,17-08-2024,Ongoing,Basic,31,589.0,7068.0,False,False,False,False,annual,True
1990,S-0c63de,A-592832,31-12-2024,Ongoing,Pro,18,882.0,10584.0,False,False,False,False,annual,False
1991,S-658f5f,A-716841,27-05-2024,Ongoing,Pro,45,2205.0,26460.0,False,False,False,False,monthly,True
1992,S-4994d6,A-5a3eb9,26-08-2024,Ongoing,Basic,44,836.0,10032.0,False,False,True,False,annual,True
1993,S-3a897f,A-53f4e3,10-10-2024,Ongoing,Pro,93,4557.0,54684.0,False,False,False,False,annual,True
1994,S-afa2a9,A-4f18f0,26-07-2024,Ongoing,Enterprise,24,4776.0,57312.0,False,False,False,False,annual,True
1995,S-998ec2,A-f446b6,17-04-2024,Ongoing,Basic,5,95.0,1140.0,False,False,False,False,annual,True
1996,S-d19797,A-fd7ad3,10-11-2024,Ongoing,Basic,1,19.0,228.0,False,False,False,False,monthly,True
1997,S-40e528,A-a0ca4e,19-11-2024,Ongoing,Enterprise,19,0.0,0.0,True,False,False,False,annual,True
1998,S-5c4b5d,A-4bfa33,19-12-2024,Ongoing,Pro,8,392.0,4704.0,False,False,False,False,annual,True
1999,S-89c6dc,A-55f257,29-06-2024,Ongoing,Pro,24,1176.0,14112.0,False,True,False,False,annual,True
2000,S-4291f7,A-afa505,19-11-2024,Ongoing,Enterprise,70,13930.0,167160.0,False,True,False,False,monthly,False
2001,S-151fce,A-f03140,11-12-2023,Ongoing,Basic,27,513.0,6156.0,False,False,False,False,annual,False
2002,S-dfaf24,A-970c97,15-12-2024,21-12-2024,Basic,27,513.0,6156.0,False,False,False,True,annual,False
2003,S-1dfa14,A-d3c88e,19-11-2024,Ongoing,Enterprise,16,3184.0,38208.0,False,False,False,False,annual,False
2004,S-f9e2ca,A-151c9a,10-06-2024,Ongoing,Enterprise,23,4577.0,54924.0,False,False,False,False,annual,True
2005,S-294fb2,A-bb2f49,26-07-2023,Ongoing,Enterprise,49,9751.0,117012.0,False,False,False,False,annual,True
2006,S-673c51,A-b7ef83,14-09-2024,Ongoing,Enterprise,9,1791.0,21492.0,False,False,False,False,monthly,False
2007,S-c2b60b,A-5a184f,20-10-2024,Ongoing,Basic,1,19.0,228.0,False,False,False,False,annual,True
2008,S-2756ac,A-df1e44,08-03-2024,Ongoing,Enterprise,39,0.0,0.0,True,False,False,False,monthly,True
2009,S-5e7357,A-9f9299,07-07-2024,Ongoing,Pro,32,1568.0,18816.0,False,False,False,False,monthly,True
2010,S-f2be88,A-5c046d,07-09-2024,Ongoing,Enterprise,93,18507.0,222084.0,False,False,False,False,monthly,True
2011,S-461334,A-a0ca4e,06-05-2024,Ongoing,Basic,11,209.0,2508.0,False,False,False,False,annual,True
2012,S-23dcff,A-aa9511,05-10-2024,Ongoing,Enterprise,54,10746.0,128952.0,False,False,False,False,monthly,True
2013,S-ed61a2,A-bb1486,17-11-2024,Ongoing,Pro,69,3381.0,40572.0,False,False,False,False,monthly,True
2014,S-28e491,A-337bc1,28-09-2024,Ongoing,Pro,30,0.0,0.0,True,False,True,False,annual,True
2015,S-e32bf8,A-3ce5b8,05-06-2024,Ongoing,Enterprise,8,1592.0,19104.0,False,False,False,False,annual,True
2016,S-09251c,A-8adedc,17-07-2024,30-10-2024,Enterprise,16,3184.0,38208.0,False,False,False,True,monthly,True
2017,S-9a7851,A-4c38bc,27-12-2024,28-12-2024,Pro,36,1764.0,21168.0,False,False,False,True,annual,True
2018,S-ef398a,A-b44e3e,29-05-2024,Ongoing,Enterprise,40,7960.0,95520.0,False,False,False,False,annual,True
2019,S-e3b379,A-1f559b,08-02-2024,Ongoing,Basic,13,247.0,2964.0,False,False,True,False,monthly,True
2020,S-dbf124,A-659280,25-07-2024,Ongoing,Basic,13,247.0,2964.0,False,False,False,False,monthly,True
2021,S-df3e3d,A-44dc83,26-11-2024,Ongoing,Enterprise,13,0.0,0.0,True,False,False,False,annual,True
2022,S-57f1a7,A-2789e3,06-11-2024,Ongoing,Enterprise,11,2189.0,26268.0,False,False,False,False,annual,True
2023,S-991f61,A-5247b3,18-10-2024,Ongoing,Basic,18,342.0,4104.0,False,False,False,False,monthly,True
2024,S-8fb49f,A-8e47ca,20-05-2024,Ongoing,Enterprise,20,3980.0,47760.0,False,False,False,False,monthly,True
2025,S-450fa9,A-186a44,17-12-2024,25-12-2024,Basic,20,380.0,4560.0,False,False,False,True,monthly,False
2026,S-2d04a6,A-fda07f,04-10-2024,Ongoing,Basic,8,152.0,1824.0,False,True,False,False,monthly,True
2027,S-7c47af,A-396e5f,25-10-2024,Ongoing,Basic,18,342.0,4104.0,False,False,False,False,annual,True
2028,S-fb9972,A-0158bb,31-12-2024,Ongoing,Pro,45,2205.0,26460.0,False,True,False,False,annual,True
2029,S-804fb3,A-b7724f,26-12-2024,Ongoing,Basic,71,1349.0,16188.0,False,False,False,False,monthly,True
2030,S-1883dc,A-05f0e5,28-02-2024,Ongoing,Basic,56,1064.0,12768.0,False,False,False,False,annual,True
2031,S-a8bed8,A-9badbd,28-08-2024,Ongoing,Basic,17,323.0,3876.0,False,False,False,False,annual,True
2032,S-049667,A-ac14bb,03-07-2024,Ongoing,Basic,28,532.0,6384.0,False,True,False,False,annual,True
2033,S-9a952b,A-bcf664,30-08-2023,Ongoing,Basic,5,0.0,0.0,True,False,False,False,monthly,True
2034,S-ac462f,A-313be3,03-12-2024,Ongoing,Basic,47,0.0,0.0,True,False,False,False,monthly,True
2035,S-ff582b,A-3b5cd1,29-12-2023,Ongoing,Enterprise,13,2587.0,31044.0,False,False,False,False,monthly,True
2036,S-05555d,A-4437e4,20-07-2024,Ongoing,Enterprise,16,3184.0,38208.0,False,True,False,False,annual,True
2037,S-9fc9f5,A-970c97,04-11-2024,Ongoing,Pro,14,686.0,8232.0,False,False,False,False,annual,False
2038,S-a30f36,A-dcc2f0,03-10-2024,Ongoing,Pro,15,735.0,8820.0,False,False,False,False,annual,True
2039,S-5521f5,A-098560,13-04-2024,Ongoing,Pro,25,1225.0,14700.0,False,False,False,False,monthly,False
2040,S-9f123c,A-9c18c4,30-07-2024,Ongoing,Enterprise,11,0.0,0.0,True,False,False,False,annual,True
2041,S-694aa7,A-779e4e,18-09-2024,Ongoing,Basic,98,1862.0,22344.0,False,False,False,False,annual,True
2042,S-b72911,A-7c83a1,29-07-2024,Ongoing,Basic,12,228.0,2736.0,False,False,False,False,monthly,False
2043,S-1d5f4e,A-ab438f,11-12-2024,15-12-2024,Pro,13,637.0,7644.0,False,False,False,True,monthly,False
2044,S-dd85c4,A-65c341,26-02-2024,18-07-2024,Enterprise,31,6169.0,74028.0,False,False,False,True,monthly,True
2045,S-cdcf4a,A-22d9d2,08-11-2024,Ongoing,Enterprise,16,3184.0,38208.0,False,False,False,False,annual,False
2046,S-c8fedf,A-fd9422,01-11-2024,Ongoing,Enterprise,58,11542.0,138504.0,False,False,False,False,monthly,True
2047,S-fa8c75,A-43a9e3,08-07-2024,Ongoing,Pro,18,882.0,10584.0,False,False,False,False,monthly,True
2048,S-3abf3f,A-6a7c9d,09-12-2024,Ongoing,Basic,27,513.0,6156.0,False,False,False,False,annual,True
2049,S-58c146,A-e3bd71,21-06-2024,Ongoing,Basic,41,779.0,9348.0,False,False,False,False,annual,False
2050,S-0e594f,A-af0cd2,21-09-2024,Ongoing,Basic,45,0.0,0.0,True,False,False,False,annual,True
2051,S-d3ecc2,A-9123ac,19-10-2024,Ongoing,Enterprise,10,1990.0,23880.0,False,False,False,False,monthly,True
2052,S-7252b5,A-5247b3,25-09-2024,Ongoing,Pro,16,784.0,9408.0,False,False,False,False,monthly,True
2053,S-da0c62,A-d4ac0e,02-07-2024,Ongoing,Enterprise,21,0.0,0.0,True,False,False,False,monthly,True
2054,S-e2a10c,A-118d55,24-12-2024,Ongoing,Basic,18,342.0,4104.0,False,True,True,False,annual,True
2055,S-e8a2fa,A-bf7919,26-12-2024,Ongoing,Basic,10,0.0,0.0,True,False,False,False,annual,True
2056,S-198dbe,A-18793f,19-12-2024,Ongoing,Pro,148,7252.0,87024.0,False,False,False,False,monthly,True
2057,S-4a8ce0,A-5a184f,21-01-2024,Ongoing,Basic,6,114.0,1368.0,False,False,False,False,monthly,True
2058,S-be05fd,A-32728c,23-03-2024,Ongoing,Enterprise,20,0.0,0.0,True,False,False,False,monthly,True
2059,S-afed2d,A-726cfa,30-05-2024,12-12-2024,Pro,11,539.0,6468.0,False,False,False,True,annual,True
2060,S-22e21a,A-ad296b,18-09-2024,Ongoing,Enterprise,38,7562.0,90744.0,False,False,False,False,annual,True
2061,S-a2da20,A-ac9111,13-11-2024,Ongoing,Enterprise,32,6368.0,76416.0,False,False,False,False,monthly,True
2062,S-342037,A-bb3bd4,05-04-2024,Ongoing,Enterprise,23,4577.0,54924.0,False,True,False,False,annual,True
2063,S-e7c172,A-6a4e2d,12-03-2024,Ongoing,Basic,22,418.0,5016.0,False,False,False,False,monthly,True
2064,S-b37b2a,A-78f02b,08-12-2024,Ongoing,Pro,11,539.0,6468.0,False,True,False,False,annual,True
2065,S-3c87b4,A-2ebb4b,10-12-2024,Ongoing,Pro,41,2009.0,24108.0,False,False,False,False,monthly,True
2066,S-4522a0,A-0aaf6e,16-07-2024,Ongoing,Basic,18,0.0,0.0,True,False,False,False,annual,False
2067,S-628884,A-f3ff05,03-08-2024,Ongoing,Basic,19,361.0,4332.0,False,False,False,False,annual,True
2068,S-bf893c,A-6965e1,07-12-2024,Ongoing,Enterprise,38,7562.0,90744.0,False,False,False,False,monthly,False
2069,S-305a67,A-6da850,12-04-2024,Ongoing,Basic,12,228.0,2736.0,False,False,False,False,annual,True
2070,S-58a7c0,A-18793f,24-12-2024,Ongoing,Enterprise,148,0.0,0.0,True,False,False,False,monthly,True
2071,S-4d8612,A-f97b9a,10-09-2023,Ongoing,Enterprise,16,0.0,0.0,True,False,False,False,monthly,False
2072,S-eadebb,A-87aa7b,23-08-2024,Ongoing,Pro,24,1176.0,14112.0,False,False,False,False,annual,True
2073,S-f61f42,A-72799b,17-05-2024,Ongoing,Enterprise,20,3980.0,47760.0,False,False,False,False,monthly,True
2074,S-d3f138,A-560d27,21-10-2024,18-11-2024,Enterprise,23,4577.0,54924.0,False,False,False,True,monthly,False
2075,S-0f3df6,A-68f37c,24-07-2023,Ongoing,Enterprise,121,24079.0,288948.0,False,False,False,False,annual,True
2076,S-7791c3,A-856b1e,13-01-2024,Ongoing,Pro,19,931.0,11172.0,False,False,False,False,monthly,True
2077,S-1bbdb1,A-0651a4,13-12-2024,Ongoing,Basic,54,0.0,0.0,True,False,False,False,annual,False
2078,S-cc4bf0,A-a1bbb6,10-05-2023,Ongoing,Enterprise,28,5572.0,66864.0,False,False,False,False,annual,False
2079,S-46b63b,A-d5a319,29-09-2024,Ongoing,Enterprise,31,6169.0,74028.0,False,False,True,False,monthly,True
2080,S-f020d4,A-50f3f7,17-12-2024,Ongoing,Enterprise,31,6169.0,74028.0,False,False,False,False,annual,True
2081,S-63671f,A-df1e44,12-06-2024,Ongoing,Pro,12,588.0,7056.0,False,False,False,False,annual,True
2082,S-6c9763,A-f9cc74,29-11-2024,Ongoing,Basic,30,570.0,6840.0,False,False,False,False,annual,True
2083,S-e78857,A-432483,09-09-2023,30-12-2024,Enterprise,10,1990.0,23880.0,False,True,False,True,monthly,True
2084,S-5bb58e,A-5a215a,31-01-2024,Ongoing,Basic,87,1653.0,19836.0,False,False,False,False,annual,False
2085,S-cd13b5,A-6e7827,30-04-2024,Ongoing,Pro,35,1715.0,20580.0,False,False,False,False,monthly,True
2086,S-7554c2,A-d40bf7,13-12-2024,Ongoing,Pro,59,0.0,0.0,True,False,False,False,annual,True
2087,S-06c096,A-eb2fdc,02-11-2024,Ongoing,Pro,31,1519.0,18228.0,False,False,False,False,annual,True
2088,S-883efd,A-089363,09-06-2024,Ongoing,Pro,2,0.0,0.0,True,False,False,False,monthly,True
2089,S-a9762e,A-902ef7,05-12-2024,Ongoing,Pro,83,4067.0,48804.0,False,False,False,False,annual,True
2090,S-85c06f,A-bb2f49,13-12-2023,Ongoing,Enterprise,8,1592.0,19104.0,False,True,False,False,annual,True
2091,S-cccce3,A-3b5cd1,18-11-2023,Ongoing,Pro,13,637.0,7644.0,False,True,False,False,monthly,True
2092,S-d69e2c,A-39ddf4,27-12-2024,Ongoing,Pro,40,1960.0,23520.0,False,False,False,False,annual,False
2093,S-16fb78,A-6843f2,15-12-2024,Ongoing,Enterprise,21,4179.0,50148.0,False,False,False,False,monthly,True
2094,S-b01b1c,A-76fa4d,24-12-2024,Ongoing,Pro,69,3381.0,40572.0,False,False,False,False,monthly,True
2095,S-574b52,A-039727,15-11-2024,Ongoing,Enterprise,25,4975.0,59700.0,False,False,False,False,monthly,True
2096,S-de705a,A-f44180,10-12-2024,Ongoing,Basic,17,0.0,0.0,True,False,False,False,annual,False
2097,S-0ae114,A-309e54,27-12-2024,Ongoing,Basic,71,1349.0,16188.0,False,False,False,False,monthly,True
2098,S-8e701b,A-4437e4,21-04-2024,Ongoing,Enterprise,3,597.0,7164.0,False,False,False,False,monthly,False
2099,S-374be8,A-b7ef83,12-06-2024,Ongoing,Basic,23,437.0,5244.0,False,False,False,False,annual,False
2100,S-737994,A-712533,27-11-2024,Ongoing,Basic,24,456.0,5472.0,False,False,False,False,monthly,True
2101,S-41acf0,A-378b99,05-11-2024,Ongoing,Enterprise,16,3184.0,38208.0,False,False,False,False,annual,True
2102,S-faf395,A-a6d261,08-07-2024,Ongoing,Basic,9,171.0,2052.0,False,False,False,False,annual,True
2103,S-ab7022,A-7df7a7,03-03-2023,Ongoing,Basic,85,0.0,0.0,True,False,False,False,monthly,True
2104,S-76cdf1,A-aa9511,16-06-2024,Ongoing,Pro,23,1127.0,13524.0,False,False,False,False,monthly,True
2105,S-cb5020,A-2ebb4b,02-06-2024,Ongoing,Enterprise,41,8159.0,97908.0,False,False,False,False,monthly,True
2106,S-b7cbc2,A-940b8b,11-11-2024,Ongoing,Enterprise,7,0.0,0.0,True,False,False,False,annual,True
2107,S-6b97b7,A-50f3f7,09-11-2024,Ongoing,Enterprise,31,6169.0,74028.0,False,False,False,False,annual,True
2108,S-3c853b,A-22d9d2,27-03-2024,Ongoing,Basic,8,152.0,1824.0,False,False,False,False,monthly,True
2109,S-21bd25,A-7f8241,16-07-2023,Ongoing,Pro,34,1666.0,19992.0,False,False,False,False,monthly,True
2110,S-a175c2,A-d40bf7,15-12-2024,Ongoing,Enterprise,59,0.0,0.0,True,True,False,False,annual,True
2111,S-2f2ba3,A-50f3f7,11-12-2024,Ongoing,Enterprise,31,6169.0,74028.0,False,False,False,False,monthly,True
2112,S-f29e7f,A-bbe56f,15-10-2024,Ongoing,Basic,22,418.0,5016.0,False,False,False,False,annual,True
2113,S-783131,A-51ec1b,03-10-2024,27-11-2024,Enterprise,7,1393.0,16716.0,False,False,False,True,annual,True
2114,S-c87441,A-b07b56,16-11-2024,Ongoing,Basic,25,475.0,5700.0,False,False,False,False,annual,True
2115,S-39a28e,A-08e34e,26-12-2024,Ongoing,Enterprise,14,0.0,0.0,True,False,False,False,monthly,True
2116,S-775719,A-34d880,21-04-2024,Ongoing,Pro,4,196.0,2352.0,False,False,False,False,annual,False
2117,S-8e3b74,A-08e34e,06-11-2024,Ongoing,Enterprise,29,5771.0,69252.0,False,False,False,False,monthly,False
2118,S-7553fb,A-54d94a,29-11-2023,28-01-2024,Enterprise,52,0.0,0.0,True,False,False,True,monthly,False
2119,S-8e5ceb,A-7f4db3,07-11-2024,18-11-2024,Enterprise,9,0.0,0.0,True,False,False,True,monthly,True
2120,S-9c8d9e,A-5f2961,20-12-2024,Ongoing,Pro,24,1176.0,14112.0,False,False,False,False,monthly,True
2121,S-c2c321,A-684255,18-06-2024,09-08-2024,Enterprise,14,0.0,0.0,True,True,False,True,monthly,True
2122,S-43af5a,A-f3ff05,26-11-2024,Ongoing,Pro,4,196.0,2352.0,False,False,False,False,monthly,True
2123,S-39539d,A-2bc93d,19-07-2023,Ongoing,Enterprise,14,2786.0,33432.0,False,False,False,False,annual,True
2124,S-aa0c6b,A-702032,07-07-2024,23-10-2024,Basic,28,0.0,0.0,True,False,False,True,monthly,False
2125,S-a01486,A-52dd88,25-12-2023,Ongoing,Basic,23,437.0,5244.0,False,False,False,False,annual,False
2126,S-951053,A-4814a3,24-11-2024,Ongoing,Pro,87,4263.0,51156.0,False,True,False,False,monthly,False
2127,S-b5e9e7,A-e7a1e2,26-10-2024,Ongoing,Enterprise,12,2388.0,28656.0,False,False,False,False,annual,True
2128,S-246942,A-0b0d6d,31-12-2024,Ongoing,Enterprise,45,8955.0,107460.0,False,False,False,False,monthly,True
2129,S-1d7003,A-a33200,27-09-2024,Ongoing,Enterprise,29,5771.0,69252.0,False,False,False,False,monthly,True
2130,S-3e24ed,A-e2cd1b,22-02-2024,Ongoing,Basic,44,836.0,10032.0,False,False,False,False,monthly,True
2131,S-4bfab2,A-544d0a,07-12-2024,Ongoing,Basic,2,38.0,456.0,False,False,False,False,monthly,True
2132,S-003fc0,A-65c341,03-10-2024,Ongoing,Basic,11,0.0,0.0,True,False,False,False,annual,True
2133,S-b7f657,A-019782,28-08-2023,Ongoing,Enterprise,13,2587.0,31044.0,False,False,False,False,annual,True
2134,S-3d6100,A-854864,24-12-2024,Ongoing,Pro,20,980.0,11760.0,False,False,False,False,annual,True
2135,S-5818be,A-692f18,19-06-2024,Ongoing,Pro,5,245.0,2940.0,False,False,False,False,annual,True
2136,S-125201,A-7f8241,29-11-2023,Ongoing,Enterprise,34,0.0,0.0,True,True,False,False,annual,True
2137,S-987539,A-9c18c4,20-12-2023,Ongoing,Enterprise,19,3781.0,45372.0,False,False,False,False,monthly,True
2138,S-127844,A-f446b6,11-02-2024,Ongoing,Enterprise,7,1393.0,16716.0,False,False,False,False,monthly,True
2139,S-bc5755,A-ffdfd5,20-10-2024,Ongoing,Enterprise,7,1393.0,16716.0,False,False,False,False,monthly,True
2140,S-882f1d,A-249769,21-11-2024,Ongoing,Basic,7,133.0,1596.0,False,False,False,False,annual,True
2141,S-0ec442,A-d4e0d4,12-12-2024,Ongoing,Pro,117,5733.0,68796.0,False,False,False,False,monthly,True
2142,S-62c824,A-0e966d,26-11-2024,30-11-2024,Basic,11,209.0,2508.0,False,False,False,True,annual,True
2143,S-11dba6,A-9badbd,02-11-2024,Ongoing,Basic,41,779.0,9348.0,False,False,False,False,annual,False
2144,S-8fd62c,A-8145a0,27-03-2024,Ongoing,Enterprise,2,398.0,4776.0,False,False,False,False,monthly,True
2145,S-05ad41,A-139c3b,12-12-2024,Ongoing,Pro,41,2009.0,24108.0,False,False,False,False,monthly,False
2146,S-77ca30,A-82d8a6,12-12-2024,Ongoing,Pro,37,1813.0,21756.0,False,True,False,False,monthly,True
2147,S-6450ac,A-b2225d,17-09-2024,Ongoing,Basic,47,0.0,0.0,True,False,False,False,annual,True
2148,S-d2863b,A-ac9111,04-10-2023,01-01-2024,Basic,21,399.0,4788.0,False,False,False,True,annual,True
2149,S-fade3d,A-2edab2,24-07-2024,Ongoing,Basic,17,323.0,3876.0,False,True,False,False,annual,True
2150,S-2223bf,A-5a215a,23-10-2024,26-11-2024,Pro,87,4263.0,51156.0,False,False,False,True,monthly,True
2151,S-6bbf29,A-a09355,22-08-2024,Ongoing,Basic,14,266.0,3192.0,False,False,False,False,annual,True
2152,S-d76f8b,A-e1b9cd,30-03-2024,Ongoing,Basic,40,760.0,9120.0,False,False,False,False,annual,True
2153,S-b7d290,A-7920cc,06-12-2024,Ongoing,Enterprise,69,13731.0,164772.0,False,False,False,False,annual,True
2154,S-b36569,A-ff3c73,23-09-2024,Ongoing,Basic,21,399.0,4788.0,False,True,False,False,annual,True
2155,S-79d1e0,A-ce550d,31-12-2024,31-12-2024,Enterprise,109,21691.0,260292.0,False,False,False,True,monthly,True
2156,S-089fa7,A-9174e0,16-12-2024,Ongoing,Enterprise,37,7363.0,88356.0,False,False,False,False,annual,True
2157,S-de059a,A-35083d,11-05-2024,Ongoing,Enterprise,19,3781.0,45372.0,False,False,False,False,monthly,True
2158,S-eccbe0,A-e3bd71,07-12-2024,Ongoing,Pro,31,1519.0,18228.0,False,False,False,False,annual,False
2159,S-9a4589,A-3a7284,15-12-2024,Ongoing,Pro,31,1519.0,18228.0,False,False,False,False,annual,True
2160,S-e83351,A-bd4708,02-10-2024,Ongoing,Pro,69,3381.0,40572.0,False,True,False,False,annual,True
2161,S-6e8126,A-560d27,04-11-2024,Ongoing,Basic,23,437.0,5244.0,False,False,False,False,annual,False
2162,S-134439,A-cbd1a3,30-11-2024,Ongoing,Pro,6,294.0,3528.0,False,False,False,False,annual,False
2163,S-8bab7f,A-72799b,21-04-2024,30-09-2024,Basic,20,380.0,4560.0,False,False,True,True,monthly,True
2164,S-dd3b36,A-1b7577,26-11-2024,06-12-2024,Basic,4,76.0,912.0,False,False,False,True,monthly,True
2165,S-085f96,A-2bc93d,31-12-2023,Ongoing,Enterprise,40,7960.0,95520.0,False,True,False,False,annual,True
2166,S-6895d0,A-5a92e7,13-06-2024,Ongoing,Pro,29,1421.0,17052.0,False,False,False,False,monthly,False
2167,S-670476,A-8b0451,18-11-2024,31-12-2024,Enterprise,41,8159.0,97908.0,False,False,False,True,monthly,True
2168,S-2d807a,A-34d880,18-04-2024,Ongoing,Enterprise,53,10547.0,126564.0,False,False,False,False,monthly,True
2169,S-2245c0,A-6f50ae,19-11-2024,Ongoing,Enterprise,19,3781.0,45372.0,False,False,False,False,monthly,True
2170,S-0a5cd7,A-ffdfd5,16-11-2024,Ongoing,Enterprise,30,5970.0,71640.0,False,False,False,False,annual,True
2171,S-f93185,A-7df7a7,05-12-2024,Ongoing,Enterprise,10,1990.0,23880.0,False,False,False,False,monthly,False
2172,S-3c072b,A-ced9aa,01-12-2024,Ongoing,Basic,3,57.0,684.0,False,False,False,False,monthly,True
2173,S-7c81dd,A-104f1a,05-09-2024,Ongoing,Pro,40,1960.0,23520.0,False,False,False,False,monthly,True
2174,S-a7a9c3,A-fd9422,01-10-2024,Ongoing,Basic,58,1102.0,13224.0,False,False,False,False,annual,True
2175,S-8856af,A-c70870,09-12-2024,Ongoing,Basic,31,0.0,0.0,True,False,False,False,annual,True
2176,S-0a8acf,A-55f257,16-02-2024,Ongoing,Pro,13,637.0,7644.0,False,True,False,False,monthly,True
2177,S-dbad62,A-58b9ff,16-10-2024,Ongoing,Basic,12,228.0,2736.0,False,False,False,False,annual,False
2178,S-7134c2,A-544d0a,02-09-2024,Ongoing,Pro,29,1421.0,17052.0,False,False,False,False,annual,False
2179,S-18f80d,A-484819,23-02-2023,Ongoing,Enterprise,18,3582.0,42984.0,False,False,False,False,annual,True
2180,S-92d873,A-e83938,25-04-2024,Ongoing,Enterprise,13,0.0,0.0,True,False,False,False,monthly,True
2181,S-37bdb4,A-6dee43,05-04-2024,Ongoing,Enterprise,80,15920.0,191040.0,False,True,False,False,annual,False
2182,S-c226ae,A-b20d99,27-03-2024,Ongoing,Basic,34,646.0,7752.0,False,False,False,False,annual,False
2183,S-16b6dc,A-794a0b,02-04-2024,Ongoing,Pro,23,1127.0,13524.0,False,False,False,False,monthly,True
2184,S-3b98b1,A-0a282f,10-10-2024,Ongoing,Enterprise,29,5771.0,69252.0,False,False,False,False,monthly,True
2185,S-234115,A-bd4513,28-11-2024,Ongoing,Basic,50,950.0,11400.0,False,False,False,False,monthly,False
2186,S-862572,A-6e08f3,14-07-2024,Ongoing,Basic,8,152.0,1824.0,False,False,False,False,monthly,True
2187,S-aad754,A-902ef7,07-11-2024,Ongoing,Basic,83,1577.0,18924.0,False,False,False,False,annual,True
2188,S-59fe1d,A-9badbd,21-10-2024,Ongoing,Basic,21,0.0,0.0,True,False,False,False,monthly,True
2189,S-3a3d0f,A-751c58,20-09-2024,Ongoing,Basic,18,342.0,4104.0,False,False,False,False,annual,True
2190,S-575bef,A-68f37c,01-08-2024,Ongoing,Pro,15,735.0,8820.0,False,False,False,False,annual,True
2191,S-74761f,A-9123ac,23-12-2023,Ongoing,Enterprise,42,8358.0,100296.0,False,False,False,False,annual,True
2192,S-79123c,A-4c38bc,19-10-2024,Ongoing,Enterprise,36,7164.0,85968.0,False,False,False,False,annual,True
2193,S-600ea7,A-726cfa,21-11-2023,Ongoing,Pro,11,539.0,6468.0,False,False,False,False,annual,True
2194,S-fc7e8e,A-0a282f,11-10-2024,Ongoing,Enterprise,2,398.0,4776.0,False,False,False,False,monthly,True
2195,S-b2f038,A-1b707d,24-01-2024,Ongoing,Pro,13,637.0,7644.0,False,False,False,False,monthly,True
2196,S-1170cb,A-84ebe4,19-04-2024,Ongoing,Pro,18,882.0,10584.0,False,False,False,False,annual,True
2197,S-ba69a4,A-0158bb,30-05-2024,Ongoing,Basic,25,0.0,0.0,True,False,False,False,monthly,True
2198,S-56122a,A-ac85cd,30-11-2024,Ongoing,Enterprise,61,12139.0,145668.0,False,False,False,False,annual,True
2199,S-29a901,A-378b99,24-10-2024,Ongoing,Pro,8,392.0,4704.0,False,False,False,False,annual,True
2200,S-c6c2f6,A-4e0e85,22-08-2024,Ongoing,Enterprise,104,0.0,0.0,True,False,False,False,monthly,True
2201,S-13b606,A-5b1bcd,04-10-2024,Ongoing,Pro,73,3577.0,42924.0,False,True,False,False,annual,True
2202,S-1dceca,A-f92792,01-08-2024,Ongoing,Basic,15,285.0,3420.0,False,False,False,False,monthly,False
2203,S-c14f97,A-7e0a10,05-02-2024,Ongoing,Pro,46,2254.0,27048.0,False,True,False,False,monthly,True
2204,S-8a7e47,A-c7ffc2,27-12-2024,Ongoing,Basic,49,931.0,11172.0,False,False,False,False,monthly,False
2205,S-feba2a,A-e3bd71,09-03-2024,Ongoing,Pro,69,0.0,0.0,True,False,False,False,monthly,True
2206,S-02d46a,A-8ed5dd,01-11-2024,Ongoing,Pro,5,245.0,2940.0,False,False,False,False,annual,True
2207,S-b5165e,A-bcf664,11-08-2023,Ongoing,Pro,32,1568.0,18816.0,False,False,False,False,monthly,True
2208,S-bb47b9,A-e4144b,10-11-2024,Ongoing,Enterprise,41,8159.0,97908.0,False,False,False,False,monthly,True
2209,S-4920e0,A-52dd88,05-12-2023,Ongoing,Basic,23,437.0,5244.0,False,False,False,False,annual,True
2210,S-3781d0,A-5a215a,10-05-2024,06-12-2024,Enterprise,87,17313.0,207756.0,False,False,False,True,annual,True
2211,S-fec1cd,A-186a44,04-12-2024,Ongoing,Enterprise,20,3980.0,47760.0,False,True,False,False,monthly,False
2212,S-75cba6,A-5a215a,18-09-2024,Ongoing,Enterprise,87,17313.0,207756.0,False,False,False,False,monthly,True
2213,S-f5ce8e,A-8b25f2,15-12-2024,Ongoing,Enterprise,13,2587.0,31044.0,False,False,False,False,monthly,True
2214,S-444c6a,A-95b24a,07-10-2023,Ongoing,Basic,38,722.0,8664.0,False,False,False,False,annual,False
2215,S-1a2f35,A-832ec2,07-04-2024,Ongoing,Basic,12,228.0,2736.0,False,False,False,False,monthly,False
2216,S-9d8525,A-cab532,21-04-2023,Ongoing,Enterprise,11,2189.0,26268.0,False,False,False,False,monthly,False
2217,S-9b8421,A-6a4e2d,29-05-2023,19-07-2024,Pro,56,0.0,0.0,True,False,False,True,annual,False
2218,S-704cf3,A-5a215a,24-11-2024,Ongoing,Basic,87,1653.0,19836.0,False,False,False,False,monthly,True
2219,S-d31de5,A-f45426,22-11-2024,Ongoing,Pro,17,833.0,9996.0,False,False,True,False,monthly,True
2220,S-383fc5,A-474ad4,03-07-2024,Ongoing,Enterprise,8,0.0,0.0,True,False,False,False,monthly,True
2221,S-ce0d60,A-712426,17-11-2024,Ongoing,Pro,14,686.0,8232.0,False,False,False,False,annual,True
2222,S-5e8d9f,A-df10db,30-05-2024,Ongoing,Enterprise,33,6567.0,78804.0,False,False,False,False,annual,True
2223,S-5bbfe3,A-1ac5e0,29-11-2024,Ongoing,Basic,33,627.0,7524.0,False,False,False,False,monthly,True
2224,S-c935b8,A-684255,14-04-2024,Ongoing,Basic,32,608.0,7296.0,False,False,False,False,annual,True
2225,S-e4b79e,A-2e3bad,06-01-2024,Ongoing,Pro,61,2989.0,35868.0,False,False,False,False,annual,False
2226,S-76767f,A-068fc6,28-10-2023,Ongoing,Pro,35,1715.0,20580.0,False,False,False,False,monthly,True
2227,S-e07b30,A-029f69,13-11-2024,Ongoing,Pro,3,147.0,1764.0,False,True,False,False,annual,True
2228,S-da78bb,A-712426,17-11-2024,Ongoing,Basic,9,171.0,2052.0,False,False,False,False,monthly,True
2229,S-1862f2,A-098560,29-07-2024,21-10-2024,Basic,29,551.0,6612.0,False,False,False,True,annual,True
2230,S-f9cb2b,A-6965e1,18-12-2024,Ongoing,Enterprise,34,6766.0,81192.0,False,False,False,False,annual,False
2231,S-02a3aa,A-e2cd1b,24-06-2024,Ongoing,Basic,15,0.0,0.0,True,False,False,False,annual,True
2232,S-ce61e0,A-f3ff05,02-08-2024,01-09-2024,Basic,2,38.0,456.0,False,True,False,True,monthly,True
2233,S-e98bfd,A-8adedc,18-05-2024,Ongoing,Basic,4,76.0,912.0,False,False,False,False,annual,True
2234,S-1b524a,A-4a4c2d,11-08-2023,Ongoing,Basic,54,1026.0,12312.0,False,False,True,False,annual,True
2235,S-bc2633,A-ba6516,03-11-2024,Ongoing,Pro,27,1323.0,15876.0,False,False,False,False,monthly,True
2236,S-1d69ca,A-cea1f0,24-06-2024,Ongoing,Basic,30,570.0,6840.0,False,False,False,False,monthly,False
2237,S-dcf449,A-adc1f3,20-11-2024,Ongoing,Enterprise,50,9950.0,119400.0,False,False,False,False,annual,True
2238,S-67965d,A-bc87bc,07-12-2024,Ongoing,Pro,3,147.0,1764.0,False,False,False,False,annual,True
2239,S-c86cb0,A-4ae22a,17-10-2024,Ongoing,Enterprise,6,1194.0,14328.0,False,False,False,False,monthly,True
2240,S-9c4090,A-6f50ae,01-05-2024,Ongoing,Basic,19,361.0,4332.0,False,False,False,False,annual,False
2241,S-162441,A-249769,06-09-2024,Ongoing,Enterprise,4,796.0,9552.0,False,False,False,False,monthly,True
2242,S-a63da6,A-157070,10-09-2024,Ongoing,Pro,30,1470.0,17640.0,False,False,False,False,monthly,False
2243,S-4b5470,A-b78bf8,17-11-2024,Ongoing,Enterprise,33,6567.0,78804.0,False,False,False,False,monthly,True
2244,S-fd2307,A-bbe56f,29-08-2023,Ongoing,Enterprise,21,4179.0,50148.0,False,False,False,False,annual,True
2245,S-78f738,A-c70870,29-12-2024,Ongoing,Enterprise,170,33830.0,405960.0,False,False,True,False,monthly,True
2246,S-81d174,A-271f46,02-05-2024,Ongoing,Enterprise,38,7562.0,90744.0,False,False,False,False,annual,True
2247,S-cfd4a3,A-8bde0c,23-12-2024,Ongoing,Pro,93,4557.0,54684.0,False,False,False,False,annual,True
2248,S-86673a,A-ced9aa,08-11-2024,Ongoing,Basic,22,418.0,5016.0,False,False,False,False,monthly,True
2249,S-df262a,A-43a9e3,06-11-2023,Ongoing,Enterprise,28,5572.0,66864.0,False,True,False,False,monthly,True
2250,S-58d2c8,A-a6d261,19-11-2024,Ongoing,Basic,13,247.0,2964.0,False,True,False,False,annual,True
2251,S-02949d,A-bd4708,02-12-2024,Ongoing,Pro,37,1813.0,21756.0,False,False,False,False,annual,True
2252,S-d5c6cc,A-34ea2f,10-10-2024,Ongoing,Pro,83,4067.0,48804.0,False,False,False,False,annual,True
2253,S-35c7c8,A-f51f16,23-02-2024,Ongoing,Basic,4,76.0,912.0,False,False,False,False,monthly,True
2254,S-f9ec8f,A-30b4ca,03-10-2024,Ongoing,Basic,86,1634.0,19608.0,False,False,False,False,annual,True
2255,S-5da1b8,A-684255,28-06-2024,01-08-2024,Pro,20,980.0,11760.0,False,False,False,True,annual,False
2256,S-0e9f1e,A-7c83a1,24-11-2024,Ongoing,Basic,12,228.0,2736.0,False,False,False,False,monthly,True
2257,S-8d516f,A-d535f6,29-09-2024,Ongoing,Enterprise,12,2388.0,28656.0,False,False,False,False,monthly,True
2258,S-34a131,A-2e4581,29-11-2024,Ongoing,Enterprise,9,1791.0,21492.0,False,False,False,False,annual,False
2259,S-ee4c5c,A-5b1bcd,28-10-2023,Ongoing,Enterprise,73,14527.0,174324.0,False,False,False,False,annual,True
2260,S-9781fe,A-40de06,21-09-2023,23-12-2024,Pro,28,1372.0,16464.0,False,False,False,True,annual,True
2261,S-527d18,A-5b1bcd,15-10-2023,Ongoing,Enterprise,73,14527.0,174324.0,False,False,False,False,monthly,True
2262,S-060019,A-d535f6,18-10-2024,Ongoing,Basic,19,0.0,0.0,True,False,True,False,annual,True
2263,S-bc2ca5,A-7988d1,29-04-2024,Ongoing,Basic,33,627.0,7524.0,False,False,False,False,monthly,True
2264,S-abdeb7,A-40de06,02-06-2024,Ongoing,Enterprise,28,0.0,0.0,True,False,False,False,annual,True
2265,S-d55d8a,A-dec005,28-08-2024,Ongoing,Enterprise,21,4179.0,50148.0,False,False,False,False,monthly,True
2266,S-99aaa4,A-f6b2fb,14-08-2024,Ongoing,Basic,23,437.0,5244.0,False,True,False,False,annual,True
2267,S-cb117a,A-671f31,07-12-2024,Ongoing,Enterprise,59,11741.0,140892.0,False,False,False,False,annual,True
2268,S-e5fdf9,A-9208f0,09-08-2024,Ongoing,Basic,17,0.0,0.0,True,False,False,False,annual,True
2269,S-455183,A-22d9d2,05-06-2024,Ongoing,Pro,8,392.0,4704.0,False,False,False,False,monthly,True
2270,S-57bdc2,A-c70870,14-11-2024,Ongoing,Pro,31,0.0,0.0,True,False,False,False,monthly,True
2271,S-96b8d5,A-659280,15-02-2024,Ongoing,Basic,20,380.0,4560.0,False,False,False,False,annual,False
2272,S-bc7cab,A-cc8c8f,19-12-2024,Ongoing,Basic,48,0.0,0.0,True,False,True,False,annual,True
2273,S-751802,A-592832,03-11-2024,Ongoing,Basic,18,342.0,4104.0,False,False,False,False,monthly,True
2274,S-2e2d6c,A-f6b2fb,01-08-2024,Ongoing,Enterprise,24,4776.0,57312.0,False,False,False,False,monthly,True
2275,S-90a2c8,A-44dc83,17-06-2024,Ongoing,Basic,24,456.0,5472.0,False,False,False,False,annual,True
2276,S-08fc73,A-7df7a7,07-05-2024,Ongoing,Enterprise,7,1393.0,16716.0,False,False,False,False,annual,True
2277,S-89e27e,A-94f8c9,23-12-2024,Ongoing,Basic,13,247.0,2964.0,False,False,True,False,monthly,True
2278,S-e4df5d,A-65c341,15-02-2024,Ongoing,Pro,17,833.0,9996.0,False,False,False,False,annual,True
2279,S-73d0eb,A-592832,09-10-2024,Ongoing,Basic,60,1140.0,13680.0,False,False,False,False,monthly,True
2280,S-cb38be,A-f92792,05-09-2024,Ongoing,Basic,2,38.0,456.0,False,False,True,False,annual,True
2281,S-415065,A-9174e0,24-12-2024,Ongoing,Enterprise,37,7363.0,88356.0,False,False,False,False,monthly,True
2282,S-0e1d53,A-016043,02-08-2024,Ongoing,Basic,6,114.0,1368.0,False,False,False,False,annual,False
2283,S-20a297,A-34ea2f,05-09-2024,Ongoing,Basic,8,152.0,1824.0,False,False,False,False,monthly,True
2284,S-bf424e,A-8b0451,22-12-2024,Ongoing,Enterprise,41,8159.0,97908.0,False,False,False,False,annual,True
2285,S-0b80b4,A-659280,08-02-2024,Ongoing,Pro,47,2303.0,27636.0,False,True,False,False,annual,True
2286,S-c5cfb0,A-8b0451,05-10-2024,Ongoing,Basic,41,0.0,0.0,True,False,False,False,monthly,False
2287,S-f4a4c8,A-c37cab,05-10-2024,13-12-2024,Enterprise,98,19502.0,234024.0,False,True,False,True,monthly,True
2288,S-16a545,A-592832,30-09-2024,Ongoing,Basic,35,665.0,7980.0,False,False,False,False,annual,True
2289,S-f95951,A-02fac6,10-09-2024,Ongoing,Pro,22,1078.0,12936.0,False,False,False,False,monthly,True
2290,S-1e349b,A-2e4581,13-11-2024,Ongoing,Basic,102,1938.0,23256.0,False,False,False,False,monthly,True
2291,S-d660d6,A-cab532,01-05-2024,Ongoing,Basic,33,627.0,7524.0,False,False,True,False,annual,True
2292,S-1bb4f4,A-6843f2,19-12-2024,Ongoing,Basic,21,399.0,4788.0,False,False,False,False,annual,True
2293,S-c43200,A-94c3cd,15-12-2024,Ongoing,Enterprise,32,6368.0,76416.0,False,False,False,False,monthly,True
2294,S-1da72c,A-4bfa33,12-12-2024,Ongoing,Basic,20,380.0,4560.0,False,False,False,False,monthly,True
2295,S-9e15d0,A-02fac6,19-01-2024,Ongoing,Pro,22,1078.0,12936.0,False,False,False,False,monthly,True
2296,S-9e7060,A-c62e55,15-01-2024,Ongoing,Basic,10,190.0,2280.0,False,False,False,False,annual,False
2297,S-15a8c0,A-700ade,29-12-2024,Ongoing,Basic,50,950.0,11400.0,False,False,False,False,monthly,False
2298,S-27ab7f,A-dcc2f0,23-12-2023,Ongoing,Basic,25,475.0,5700.0,False,False,False,False,annual,True
2299,S-bedd26,A-20736a,03-09-2024,Ongoing,Enterprise,50,9950.0,119400.0,False,False,False,False,monthly,True
2300,S-1319ac,A-e3bd71,02-06-2024,Ongoing,Basic,91,1729.0,20748.0,False,False,False,False,annual,True
2301,S-abd9be,A-2b9d3e,23-03-2024,Ongoing,Pro,18,882.0,10584.0,False,True,False,False,monthly,True
2302,S-56ed05,A-bbc346,24-12-2024,Ongoing,Pro,19,0.0,0.0,True,False,True,False,annual,True
2303,S-d20d7c,A-970c97,14-07-2024,Ongoing,Enterprise,28,5572.0,66864.0,False,False,False,False,monthly,False
2304,S-da4a98,A-d4e0d4,18-10-2024,Ongoing,Basic,117,2223.0,26676.0,False,False,False,False,monthly,True
2305,S-4a90fd,A-d27f50,26-08-2024,Ongoing,Pro,44,2156.0,25872.0,False,False,False,False,annual,False
2306,S-cd4d67,A-40de06,08-09-2024,Ongoing,Basic,28,532.0,6384.0,False,True,False,False,monthly,True
2307,S-d6cffe,A-e7a1e2,10-10-2024,Ongoing,Enterprise,6,0.0,0.0,True,False,False,False,annual,True
2308,S-53bced,A-a1bbb6,06-07-2023,13-11-2023,Pro,5,245.0,2940.0,False,False,False,True,monthly,False
2309,S-772ef0,A-c7ffc2,25-02-2024,Ongoing,Pro,30,1470.0,17640.0,False,False,False,False,annual,True
2310,S-f4059b,A-c70870,15-12-2024,Ongoing,Pro,43,0.0,0.0,True,True,False,False,annual,True
2311,S-71827b,A-65c341,15-11-2024,23-11-2024,Pro,39,1911.0,22932.0,False,False,False,True,monthly,True
2312,S-063586,A-13466a,23-05-2024,27-09-2024,Enterprise,22,4378.0,52536.0,False,False,False,True,annual,True
2313,S-478ae9,A-e4bf56,26-11-2024,Ongoing,Pro,35,1715.0,20580.0,False,False,True,False,monthly,False
2314,S-018501,A-a865bd,19-09-2024,Ongoing,Pro,56,2744.0,32928.0,False,False,False,False,monthly,False
2315,S-7536e5,A-3f9cc0,25-06-2024,Ongoing,Basic,22,418.0,5016.0,False,False,False,False,annual,True
2316,S-c80ac4,A-43a9e3,29-11-2023,Ongoing,Basic,18,342.0,4104.0,False,False,False,False,annual,True
2317,S-9f4914,A-417d2f,31-10-2024,Ongoing,Basic,37,703.0,8436.0,False,False,False,False,monthly,True
2318,S-67c2c9,A-396e5f,15-11-2024,Ongoing,Pro,7,343.0,4116.0,False,False,False,False,monthly,True
2319,S-5eeb46,A-37f969,05-06-2024,Ongoing,Basic,30,570.0,6840.0,False,False,False,False,annual,True
2320,S-e71f4a,A-5a184f,20-01-2024,Ongoing,Basic,7,133.0,1596.0,False,False,False,False,monthly,True
2321,S-812c7c,A-f5641b,08-06-2024,Ongoing,Basic,31,0.0,0.0,True,False,False,False,monthly,False
2322,S-18356d,A-779e4e,28-01-2023,Ongoing,Enterprise,18,3582.0,42984.0,False,True,False,False,annual,True
2323,S-23a6c5,A-dfbd31,31-12-2023,Ongoing,Enterprise,24,0.0,0.0,True,False,False,False,monthly,True
2324,S-934bd4,A-ccc747,04-11-2024,Ongoing,Basic,16,304.0,3648.0,False,False,False,False,annual,True
2325,S-695606,A-0f3e88,31-12-2023,Ongoing,Basic,16,304.0,3648.0,False,False,False,False,monthly,True
2326,S-c59d50,A-7a0d69,21-07-2024,Ongoing,Basic,40,0.0,0.0,True,False,False,False,monthly,False
2327,S-009027,A-1b7577,28-10-2024,Ongoing,Enterprise,9,1791.0,21492.0,False,False,False,False,annual,True
2328,S-f6f97e,A-02cd81,29-06-2024,03-08-2024,Pro,44,2156.0,25872.0,False,False,False,True,annual,True
2329,S-8b3e35,A-e693b6,19-07-2024,Ongoing,Enterprise,55,0.0,0.0,True,False,False,False,annual,True
2330,S-d1201a,A-b2af2e,27-08-2024,Ongoing,Pro,18,882.0,10584.0,False,False,False,False,monthly,False
2331,S-c7c366,A-9208f0,11-07-2023,Ongoing,Enterprise,38,0.0,0.0,True,False,False,False,monthly,True
2332,S-c1d6cf,A-dcc2f0,15-01-2024,Ongoing,Enterprise,16,3184.0,38208.0,False,False,False,False,monthly,True
2333,S-ba672b,A-1b9609,01-05-2024,Ongoing,Pro,4,196.0,2352.0,False,False,False,False,annual,False
2334,S-1f149a,A-5a3eb9,18-08-2024,Ongoing,Pro,21,1029.0,12348.0,False,False,False,False,annual,True
2335,S-e14e00,A-a7bd4b,05-10-2023,Ongoing,Pro,6,294.0,3528.0,False,False,False,False,monthly,True
2336,S-7b3464,A-c16101,17-09-2024,Ongoing,Enterprise,7,1393.0,16716.0,False,False,True,False,annual,False
2337,S-ea3c2c,A-d792a6,31-05-2023,Ongoing,Enterprise,9,1791.0,21492.0,False,False,False,False,monthly,True
2338,S-d90f5e,A-bd4513,15-12-2024,22-12-2024,Basic,50,950.0,11400.0,False,False,False,True,annual,True
2339,S-9cca23,A-3a5ad8,20-12-2024,Ongoing,Enterprise,9,1791.0,21492.0,False,False,False,False,monthly,True
2340,S-b7d291,A-f6b2fb,17-10-2024,17-12-2024,Pro,23,1127.0,13524.0,False,False,False,True,annual,True
2341,S-ae1278,A-2ebb4b,02-07-2024,13-08-2024,Pro,41,2009.0,24108.0,False,False,False,True,monthly,True
2342,S-a5d949,A-e19ff6,11-08-2024,Ongoing,Enterprise,2,0.0,0.0,True,False,False,False,annual,False
2343,S-cfa635,A-503d5a,07-03-2024,Ongoing,Basic,50,950.0,11400.0,False,False,False,False,monthly,True
2344,S-001561,A-1b7577,12-12-2024,Ongoing,Enterprise,6,1194.0,14328.0,False,False,False,False,annual,True
2345,S-c5e371,A-956988,15-12-2024,Ongoing,Pro,41,2009.0,24108.0,False,False,False,False,monthly,True
2346,S-539566,A-4e960a,11-03-2024,Ongoing,Basic,12,228.0,2736.0,False,False,False,False,monthly,True
2347,S-36b46e,A-202b67,27-03-2024,Ongoing,Pro,11,539.0,6468.0,False,False,False,False,monthly,True
2348,S-b94bce,A-f51f16,06-04-2024,Ongoing,Enterprise,2,0.0,0.0,True,False,False,False,monthly,True
2349,S-f8357e,A-f17767,01-11-2023,Ongoing,Basic,2,38.0,456.0,False,False,False,False,monthly,True
2350,S-1bdc35,A-bcf87c,28-10-2024,Ongoing,Basic,10,190.0,2280.0,False,False,False,False,monthly,True
2351,S-56c529,A-856b1e,17-12-2023,Ongoing,Pro,30,1470.0,17640.0,False,False,False,False,monthly,True
2352,S-cdfe99,A-296d7c,26-11-2024,Ongoing,Pro,6,294.0,3528.0,False,False,False,False,annual,True
2353,S-e11518,A-3ce5b8,15-12-2023,Ongoing,Pro,189,9261.0,111132.0,False,False,False,False,annual,True
2354,S-82a7dd,A-309e54,20-12-2024,Ongoing,Basic,15,285.0,3420.0,False,False,False,False,monthly,True
2355,S-f110db,A-86902e,22-06-2024,Ongoing,Enterprise,34,6766.0,81192.0,False,False,False,False,monthly,True
2356,S-651c01,A-bd4708,28-08-2024,Ongoing,Basic,37,0.0,0.0,True,False,False,False,annual,True
2357,S-531970,A-ff3c73,17-09-2024,Ongoing,Basic,45,855.0,10260.0,False,False,False,False,annual,False
2358,S-93ce26,A-726cfa,03-12-2023,27-07-2024,Enterprise,11,0.0,0.0,True,False,False,True,monthly,True
2359,S-b520e9,A-427b69,15-09-2024,Ongoing,Enterprise,26,5174.0,62088.0,False,False,False,False,monthly,True
2360,S-ade2d5,A-bcbe98,22-09-2024,Ongoing,Enterprise,46,0.0,0.0,True,False,False,False,monthly,False
2361,S-767957,A-751c58,28-08-2024,Ongoing,Enterprise,15,0.0,0.0,True,True,False,False,annual,True
2362,S-2c80ba,A-4ae22a,26-11-2024,Ongoing,Basic,6,114.0,1368.0,False,False,False,False,annual,True
2363,S-cd0f21,A-b78bf8,08-12-2024,Ongoing,Enterprise,49,9751.0,117012.0,False,True,True,False,annual,True
2364,S-18f498,A-684255,29-10-2024,Ongoing,Basic,28,532.0,6384.0,False,False,False,False,monthly,False
2365,S-d61475,A-89ee83,20-12-2024,Ongoing,Basic,3,57.0,684.0,False,True,False,False,monthly,True
2366,S-66ffe0,A-625d0b,21-11-2024,Ongoing,Pro,38,1862.0,22344.0,False,False,False,False,monthly,True
2367,S-fd790e,A-7920cc,30-11-2023,Ongoing,Basic,39,0.0,0.0,True,False,False,False,annual,True
2368,S-d1a6c6,A-443b7c,26-12-2024,29-12-2024,Basic,17,323.0,3876.0,False,False,False,True,monthly,False
2369,S-6c1ca5,A-977ca0,07-01-2024,06-06-2024,Basic,6,114.0,1368.0,False,False,False,True,monthly,True
2370,S-ea71b5,A-bad8c1,12-12-2023,Ongoing,Enterprise,10,0.0,0.0,True,True,False,False,annual,True
2371,S-61c27e,A-158f4e,02-06-2023,Ongoing,Basic,61,1159.0,13908.0,False,False,False,False,monthly,True
2372,S-a7d34e,A-a7bd4b,31-05-2024,Ongoing,Pro,51,2499.0,29988.0,False,False,False,False,annual,True
2373,S-0eba5a,A-fb186e,22-12-2024,Ongoing,Enterprise,29,5771.0,69252.0,False,False,False,False,monthly,True
2374,S-1d661c,A-9c18c4,30-11-2023,Ongoing,Enterprise,12,2388.0,28656.0,False,True,False,False,annual,True
2375,S-6a56f1,A-684255,17-10-2024,Ongoing,Pro,12,588.0,7056.0,False,False,False,False,annual,False
2376,S-ff4a47,A-f03140,04-10-2024,Ongoing,Enterprise,27,5373.0,64476.0,False,True,False,False,monthly,True
2377,S-9e74ba,A-b48f73,06-12-2024,Ongoing,Enterprise,80,0.0,0.0,True,False,False,False,annual,True
2378,S-d53c0a,A-8e47ca,28-03-2024,Ongoing,Enterprise,19,3781.0,45372.0,False,True,False,False,annual,False
2379,S-22cbb3,A-92a3af,30-10-2024,Ongoing,Pro,77,3773.0,45276.0,False,False,True,False,monthly,False
2380,S-5313fa,A-e40f45,17-05-2024,Ongoing,Enterprise,21,4179.0,50148.0,False,False,False,False,monthly,True
2381,S-d8fa45,A-5a215a,18-10-2024,Ongoing,Basic,87,1653.0,19836.0,False,False,False,False,monthly,True
2382,S-24d19a,A-34ea2f,10-09-2024,Ongoing,Pro,8,392.0,4704.0,False,False,False,False,annual,False
2383,S-c87391,A-fe79a5,08-12-2024,Ongoing,Pro,9,0.0,0.0,True,False,False,False,monthly,True
2384,S-a9952f,A-0aaf6e,18-08-2024,Ongoing,Pro,11,0.0,0.0,True,False,False,False,monthly,True
2385,S-3867d6,A-e60f9d,23-12-2024,Ongoing,Pro,29,0.0,0.0,True,False,False,False,annual,True
2386,S-60cb51,A-4c38bc,21-04-2024,25-10-2024,Basic,36,684.0,8208.0,False,False,False,True,monthly,False
2387,S-8ba974,A-cc98bc,03-07-2024,23-08-2024,Pro,32,1568.0,18816.0,False,False,False,True,annual,True
2388,S-f7e37f,A-794a0b,07-08-2023,Ongoing,Pro,23,0.0,0.0,True,False,False,False,annual,True
2389,S-ff1b11,A-dcc2f0,30-11-2024,Ongoing,Basic,32,608.0,7296.0,False,False,False,False,annual,False
2390,S-f6e116,A-4d1e75,31-10-2024,Ongoing,Pro,20,980.0,11760.0,False,False,True,False,monthly,True
2391,S-ed7a72,A-533452,21-11-2024,Ongoing,Pro,25,1225.0,14700.0,False,False,False,False,monthly,True
2392,S-27e42e,A-600734,02-03-2024,Ongoing,Pro,29,1421.0,17052.0,False,False,False,False,monthly,True
2393,S-bd3e24,A-ffc04f,21-12-2024,21-12-2024,Pro,13,637.0,7644.0,False,False,False,True,annual,True
2394,S-9e64bd,A-c7e58b,07-09-2024,Ongoing,Pro,16,0.0,0.0,True,False,False,False,monthly,True
2395,S-ad5d94,A-35083d,30-11-2023,Ongoing,Basic,19,0.0,0.0,True,False,False,False,annual,False
2396,S-44483e,A-bbc346,30-09-2024,22-10-2024,Enterprise,19,0.0,0.0,True,False,True,True,monthly,True
2397,S-b75a31,A-a8b49c,10-11-2023,Ongoing,Pro,7,343.0,4116.0,False,False,False,False,annual,True
2398,S-731ee3,A-9077b0,09-11-2024,07-12-2024,Enterprise,14,2786.0,33432.0,False,False,False,True,annual,True
2399,S-0c91c4,A-2789e3,11-10-2024,Ongoing,Enterprise,11,2189.0,26268.0,False,False,True,False,annual,True
2400,S-148506,A-3a5ad8,01-01-2024,Ongoing,Basic,9,171.0,2052.0,False,False,False,False,annual,True
2401,S-23d802,A-ad64c6,24-07-2024,Ongoing,Basic,54,0.0,0.0,True,False,False,False,monthly,True
2402,S-3e3033,A-e60f9d,11-12-2024,Ongoing,Pro,31,0.0,0.0,True,False,False,False,annual,True
2403,S-d5ac8c,A-ef84cf,22-05-2024,Ongoing,Enterprise,34,6766.0,81192.0,False,False,False,False,annual,True
2404,S-ad31b0,A-5b051a,29-12-2024,Ongoing,Pro,22,1078.0,12936.0,False,False,False,False,monthly,True
2405,S-a61006,A-8bde0c,24-12-2024,Ongoing,Enterprise,12,2388.0,28656.0,False,True,False,False,monthly,True
2406,S-467d4a,A-1b7577,14-11-2024,Ongoing,Pro,9,441.0,5292.0,False,False,False,False,annual,True
2407,S-e1dc0b,A-e5d6ab,16-09-2023,Ongoing,Pro,17,0.0,0.0,True,False,False,False,monthly,True
2408,S-4b7873,A-0651a4,25-11-2024,Ongoing,Basic,16,304.0,3648.0,False,False,False,False,annual,True
2409,S-9f57f5,A-96e141,04-05-2024,Ongoing,Enterprise,14,2786.0,33432.0,False,False,False,False,monthly,True
2410,S-a82473,A-fda07f,12-09-2024,Ongoing,Enterprise,16,3184.0,38208.0,False,False,False,False,annual,True
2411,S-15582c,A-600734,05-09-2024,Ongoing,Basic,29,551.0,6612.0,False,False,False,False,monthly,True
2412,S-caca4f,A-e83938,06-12-2024,Ongoing,Basic,54,1026.0,12312.0,False,False,False,False,annual,False
2413,S-4911f9,A-bb2f49,07-12-2024,Ongoing,Basic,8,152.0,1824.0,False,False,False,False,annual,True
2414,S-f7f6d7,A-425e76,07-05-2024,Ongoing,Basic,14,266.0,3192.0,False,False,False,False,monthly,True
2415,S-1a0f22,A-d26ab4,20-12-2024,Ongoing,Enterprise,18,3582.0,42984.0,False,False,False,False,monthly,True
2416,S-3037ab,A-b9eed8,27-08-2024,Ongoing,Basic,17,323.0,3876.0,False,False,True,False,annual,True
2417,S-722103,A-a09355,27-10-2024,Ongoing,Enterprise,14,0.0,0.0,True,False,False,False,monthly,True
2418,S-ca1cb9,A-5a215a,16-09-2024,13-11-2024,Enterprise,87,17313.0,207756.0,False,False,False,True,annual,False
2419,S-00f31d,A-410e86,02-12-2024,Ongoing,Pro,24,1176.0,14112.0,False,False,False,False,annual,False
2420,S-3236ee,A-0b0d6d,31-12-2024,Ongoing,Basic,13,247.0,2964.0,False,False,False,False,monthly,True
2421,S-5cb87c,A-e89151,20-04-2024,Ongoing,Pro,24,1176.0,14112.0,False,False,False,False,monthly,True
2422,S-3baf90,A-5a3eb9,19-06-2024,Ongoing,Basic,40,760.0,9120.0,False,False,False,False,annual,False
2423,S-3110d9,A-692f18,20-08-2024,Ongoing,Enterprise,17,3383.0,40596.0,False,False,True,False,annual,False
2424,S-a0a5e3,A-6a7c9d,29-11-2024,Ongoing,Enterprise,26,5174.0,62088.0,False,False,False,False,monthly,True
2425,S-fc2bf2,A-f3ff05,01-08-2024,Ongoing,Basic,28,532.0,6384.0,False,False,False,False,monthly,True
2426,S-9c67ab,A-c62e55,04-04-2024,Ongoing,Basic,8,152.0,1824.0,False,True,False,False,annual,True
2427,S-f22b7f,A-b44e3e,27-12-2024,27-12-2024,Enterprise,40,7960.0,95520.0,False,False,False,True,annual,True
2428,S-71d31c,A-bd4708,16-12-2024,Ongoing,Basic,37,0.0,0.0,True,False,False,False,annual,False
2429,S-64d8c9,A-34ea2f,30-11-2024,Ongoing,Basic,41,779.0,9348.0,False,True,False,False,monthly,True
2430,S-f4335b,A-075038,19-08-2024,Ongoing,Enterprise,17,3383.0,40596.0,False,False,False,False,annual,False
2431,S-1ad9cb,A-4d1e75,10-10-2024,Ongoing,Pro,20,980.0,11760.0,False,False,False,False,monthly,True
2432,S-866608,A-88c6ca,23-12-2024,Ongoing,Pro,23,1127.0,13524.0,False,False,False,False,annual,True
2433,S-fccc09,A-1f0ac7,20-12-2024,Ongoing,Pro,24,1176.0,14112.0,False,True,False,False,monthly,True
2434,S-19858e,A-92a3af,17-09-2024,Ongoing,Pro,30,1470.0,17640.0,False,False,True,False,annual,True
2435,S-db0f41,A-afa505,26-07-2024,Ongoing,Enterprise,70,13930.0,167160.0,False,False,False,False,monthly,False
2436,S-897d69,A-0a282f,20-12-2024,Ongoing,Pro,55,2695.0,32340.0,False,False,False,False,monthly,True
2437,S-b57dcd,A-e5d6ab,11-05-2023,Ongoing,Basic,5,95.0,1140.0,False,False,False,False,annual,True
2438,S-6d3477,A-cd458b,25-10-2024,Ongoing,Enterprise,47,9353.0,112236.0,False,False,False,False,annual,True
2439,S-6c3700,A-9779ad,24-06-2024,Ongoing,Enterprise,40,7960.0,95520.0,False,False,False,False,annual,True
2440,S-50334b,A-f17767,21-08-2024,Ongoing,Pro,12,588.0,7056.0,False,False,False,False,monthly,True
2441,S-9f9dfe,A-c62e55,28-11-2024,Ongoing,Pro,30,1470.0,17640.0,False,False,False,False,monthly,True
2442,S-fa2170,A-ad3abd,14-10-2024,Ongoing,Pro,44,2156.0,25872.0,False,False,False,False,monthly,True
2443,S-f50851,A-c58f49,07-11-2024,Ongoing,Enterprise,70,13930.0,167160.0,False,False,False,False,monthly,True
2444,S-89e98a,A-c222ab,27-12-2024,Ongoing,Pro,32,1568.0,18816.0,False,False,False,False,monthly,True
2445,S-51dd23,A-7c6b6b,14-12-2024,Ongoing,Basic,6,114.0,1368.0,False,False,False,False,monthly,True
2446,S-532e80,A-993085,30-09-2023,Ongoing,Enterprise,31,6169.0,74028.0,False,False,False,False,annual,False
2447,S-1682d4,A-c16b88,26-12-2024,Ongoing,Enterprise,23,4577.0,54924.0,False,False,False,False,annual,False
2448,S-dcbf45,A-0f3e88,01-01-2024,Ongoing,Pro,22,1078.0,12936.0,False,True,False,False,monthly,True
2449,S-7151d9,A-eb7c38,12-04-2024,Ongoing,Basic,102,1938.0,23256.0,False,True,False,False,annual,True
2450,S-523cce,A-1b9609,28-08-2024,Ongoing,Enterprise,30,5970.0,71640.0,False,False,False,False,monthly,True
2451,S-c069ab,A-956988,05-12-2024,Ongoing,Enterprise,55,10945.0,131340.0,False,False,False,False,annual,True
2452,S-d66d63,A-6c093d,25-08-2023,Ongoing,Pro,13,637.0,7644.0,False,False,False,False,annual,True
2453,S-6f75be,A-65a46c,05-03-2024,Ongoing,Enterprise,78,15522.0,186264.0,False,False,False,False,monthly,True
2454,S-ea3d54,A-439b2f,30-05-2024,Ongoing,Enterprise,1,199.0,2388.0,False,False,False,False,monthly,False
2455,S-dc6a2a,A-309e54,21-12-2024,Ongoing,Pro,15,0.0,0.0,True,False,False,False,monthly,True
2456,S-e21910,A-50f3f7,02-02-2024,Ongoing,Basic,31,589.0,7068.0,False,False,False,False,monthly,True
2457,S-6cfb27,A-a8d89d,29-09-2024,Ongoing,Basic,13,247.0,2964.0,False,False,False,False,monthly,True
2458,S-37a280,A-40906c,28-05-2024,Ongoing,Basic,92,0.0,0.0,True,False,False,False,monthly,True
2459,S-81caea,A-3932db,15-02-2024,Ongoing,Basic,19,361.0,4332.0,False,True,True,False,monthly,True
2460,S-af430c,A-1b7577,29-12-2024,Ongoing,Pro,11,539.0,6468.0,False,False,False,False,monthly,True
2461,S-e2c20a,A-3be56b,16-12-2023,Ongoing,Pro,62,3038.0,36456.0,False,False,False,False,monthly,True
2462,S-cbfd83,A-fa2041,16-06-2024,Ongoing,Pro,52,2548.0,30576.0,False,False,False,False,monthly,True
2463,S-864157,A-039727,15-12-2024,Ongoing,Pro,25,1225.0,14700.0,False,False,False,False,annual,True
2464,S-d9d6ac,A-054577,17-07-2024,Ongoing,Enterprise,3,597.0,7164.0,False,False,True,False,annual,True
2465,S-67da25,A-5a92e7,22-07-2024,Ongoing,Basic,7,133.0,1596.0,False,False,False,False,annual,True
2466,S-80016a,A-1b9609,11-01-2024,Ongoing,Enterprise,5,995.0,11940.0,False,False,False,False,monthly,True
2467,S-817cf0,A-378b99,14-10-2024,Ongoing,Pro,9,441.0,5292.0,False,False,False,False,annual,True
2468,S-c9e261,A-dcc3f1,29-10-2024,Ongoing,Enterprise,21,4179.0,50148.0,False,False,True,False,monthly,True
2469,S-49b0da,A-fe79a5,14-11-2024,Ongoing,Enterprise,9,1791.0,21492.0,False,False,False,False,annual,True
2470,S-765100,A-b7ef83,29-06-2024,Ongoing,Basic,43,817.0,9804.0,False,False,False,False,monthly,True
2471,S-62fb8e,A-ef84cf,12-03-2024,Ongoing,Enterprise,8,0.0,0.0,True,False,False,False,monthly,True
2472,S-3e0382,A-425e76,24-05-2024,Ongoing,Basic,27,513.0,6156.0,False,False,False,False,monthly,True
2473,S-fc4ac6,A-ac14bb,22-02-2024,13-06-2024,Basic,21,399.0,4788.0,False,False,False,True,monthly,True
2474,S-798707,A-6e7827,02-08-2023,Ongoing,Pro,8,392.0,4704.0,False,True,False,False,annual,True
2475,S-039a8e,A-331424,16-02-2024,12-08-2024,Basic,11,209.0,2508.0,False,False,False,True,annual,False
2476,S-d9f518,A-09540c,14-11-2024,Ongoing,Pro,67,3283.0,39396.0,False,False,False,False,annual,True
2477,S-eb23dd,A-4ef964,27-09-2024,29-10-2024,Basic,38,722.0,8664.0,False,False,False,True,monthly,True
2478,S-816354,A-186a44,20-05-2024,Ongoing,Pro,20,0.0,0.0,True,False,False,False,monthly,True
2479,S-4e4b10,A-4e631b,22-08-2024,Ongoing,Basic,22,418.0,5016.0,False,False,False,False,monthly,False
2480,S-2fd486,A-18793f,29-12-2024,Ongoing,Pro,148,7252.0,87024.0,False,False,False,False,annual,True
2481,S-70a8d6,A-bcbe98,20-11-2024,Ongoing,Pro,46,2254.0,27048.0,False,True,False,False,annual,True
2482,S-3bb8a2,A-659280,28-04-2024,Ongoing,Enterprise,19,3781.0,45372.0,False,False,False,False,monthly,False
2483,S-b0e621,A-ced9aa,23-11-2024,Ongoing,Pro,3,147.0,1764.0,False,False,False,False,monthly,True
2484,S-7018bf,A-625d0b,17-10-2024,Ongoing,Pro,42,2058.0,24696.0,False,False,False,False,monthly,False
2485,S-326577,A-fda07f,22-09-2024,Ongoing,Basic,7,133.0,1596.0,False,False,False,False,annual,True
2486,S-26deeb,A-8adedc,07-09-2024,Ongoing,Pro,68,3332.0,39984.0,False,False,False,False,annual,True
2487,S-59c612,A-aa9511,25-10-2023,Ongoing,Basic,23,437.0,5244.0,False,False,False,False,monthly,True
2488,S-d933e7,A-fdfc91,31-03-2024,Ongoing,Pro,29,1421.0,17052.0,False,False,False,False,monthly,True
2489,S-45ee20,A-1619f8,21-07-2024,Ongoing,Basic,29,551.0,6612.0,False,False,False,False,monthly,True
2490,S-8c9649,A-c9bb3e,30-09-2024,Ongoing,Pro,10,490.0,5880.0,False,False,False,False,monthly,False
2491,S-83b708,A-2d1036,02-09-2024,Ongoing,Basic,69,1311.0,15732.0,False,False,False,False,monthly,True
2492,S-f84a6f,A-d27f50,22-07-2024,14-10-2024,Enterprise,44,8756.0,105072.0,False,False,False,True,monthly,True
2493,S-369495,A-b3fe05,20-10-2024,18-11-2024,Pro,8,392.0,4704.0,False,False,False,True,monthly,True
2494,S-6f0aa3,A-1986ca,16-11-2023,Ongoing,Enterprise,20,0.0,0.0,True,False,False,False,monthly,True
2495,S-da198f,A-b07346,06-11-2024,Ongoing,Basic,51,969.0,11628.0,False,False,False,False,annual,True
2496,S-c0a7d8,A-0dbdc6,26-10-2024,Ongoing,Enterprise,30,5970.0,71640.0,False,False,False,False,monthly,True
2497,S-b6aefa,A-6da850,01-09-2024,Ongoing,Pro,5,245.0,2940.0,False,False,False,False,annual,True
2498,S-d19216,A-17939a,28-12-2024,29-12-2024,Basic,86,1634.0,19608.0,False,False,False,True,monthly,True
2499,S-330457,A-ad3abd,20-07-2024,Ongoing,Pro,44,2156.0,25872.0,False,False,False,False,monthly,False
2500,S-495d33,A-50f3f7,24-07-2024,Ongoing,Basic,31,589.0,7068.0,False,False,False,False,monthly,True
2501,S-adf00a,A-de24d5,15-11-2024,Ongoing,Enterprise,17,3383.0,40596.0,False,False,False,False,annual,True
2502,S-a54381,A-149a69,05-12-2024,Ongoing,Basic,34,646.0,7752.0,False,False,False,False,monthly,False
2503,S-21b68e,A-4f18f0,25-04-2024,Ongoing,Enterprise,25,0.0,0.0,True,False,False,False,monthly,True
2504,S-4040a9,A-6f50ae,14-05-2024,Ongoing,Pro,19,931.0,11172.0,False,False,False,False,monthly,False
2505,S-8966c9,A-cd458b,26-09-2024,Ongoing,Basic,27,513.0,6156.0,False,False,False,False,monthly,True
2506,S-70275b,A-f45426,09-08-2024,Ongoing,Basic,20,380.0,4560.0,False,False,True,False,annual,True
2507,S-6cff51,A-c37601,23-12-2024,Ongoing,Pro,28,1372.0,16464.0,False,False,False,False,annual,True
2508,S-0185ce,A-50f3f7,01-06-2024,Ongoing,Pro,31,0.0,0.0,True,False,False,False,annual,False
2509,S-e5bed6,A-05f0e5,23-11-2024,Ongoing,Pro,58,2842.0,34104.0,False,False,False,False,annual,True
2510,S-3e453b,A-883b7d,21-04-2024,Ongoing,Pro,17,833.0,9996.0,False,False,False,False,annual,False
2511,S-c341e1,A-bb2f49,04-09-2024,Ongoing,Pro,14,686.0,8232.0,False,False,False,False,monthly,True
2512,S-2bef13,A-c16b88,10-06-2024,Ongoing,Enterprise,45,8955.0,107460.0,False,False,False,False,monthly,False
2513,S-ccf9c8,A-956988,14-12-2024,Ongoing,Basic,1,19.0,228.0,False,False,False,False,monthly,False
2514,S-8eff6d,A-9b9fe9,20-11-2023,Ongoing,Pro,9,441.0,5292.0,False,False,True,False,annual,True
2515,S-927235,A-e61e98,15-01-2024,Ongoing,Basic,19,361.0,4332.0,False,False,False,False,monthly,True
2516,S-0ff1eb,A-cb5333,30-09-2024,Ongoing,Enterprise,33,6567.0,78804.0,False,False,False,False,monthly,True
2517,S-c287ef,A-6dee43,29-07-2024,Ongoing,Basic,23,437.0,5244.0,False,False,False,False,annual,False
2518,S-8eb955,A-bcbe98,09-08-2024,Ongoing,Basic,46,874.0,10488.0,False,False,False,False,monthly,True
2519,S-0891f1,A-e1b9cd,03-01-2024,Ongoing,Basic,40,760.0,9120.0,False,False,True,False,annual,False
2520,S-266ada,A-794a0b,24-06-2024,Ongoing,Pro,23,1127.0,13524.0,False,False,False,False,monthly,True
2521,S-e50f43,A-4a4c2d,20-09-2023,Ongoing,Enterprise,54,10746.0,128952.0,False,False,False,False,annual,True
2522,S-3647aa,A-94d3da,09-09-2023,Ongoing,Pro,41,0.0,0.0,True,False,False,False,monthly,True
2523,S-cfb886,A-54d94a,19-12-2024,Ongoing,Pro,27,1323.0,15876.0,False,False,False,False,annual,True
2524,S-15d2d2,A-96bbc6,07-06-2024,Ongoing,Enterprise,39,7761.0,93132.0,False,False,False,False,monthly,True
2525,S-462bd2,A-e7a1e2,23-10-2024,Ongoing,Enterprise,3,0.0,0.0,True,False,False,False,annual,True
2526,S-83e7bb,A-781cc0,09-10-2024,Ongoing,Pro,16,0.0,0.0,True,True,False,False,annual,True
2527,S-5178de,A-e61e98,06-12-2023,Ongoing,Pro,40,1960.0,23520.0,False,False,False,False,annual,False
2528,S-375190,A-d4ac0e,01-06-2024,Ongoing,Pro,25,1225.0,14700.0,False,False,False,False,monthly,True
2529,S-2c5e1c,A-4814a3,08-12-2024,Ongoing,Enterprise,87,17313.0,207756.0,False,False,True,False,monthly,True
2530,S-84e146,A-d82ef9,21-07-2024,24-11-2024,Basic,53,1007.0,12084.0,False,False,False,True,monthly,True
2531,S-5fea89,A-2e3bad,19-08-2023,Ongoing,Enterprise,61,12139.0,145668.0,False,False,False,False,monthly,True
2532,S-a18bb2,A-09540c,22-12-2024,Ongoing,Pro,67,3283.0,39396.0,False,False,False,False,monthly,True
2533,S-41d4ca,A-90a8c8,19-09-2024,Ongoing,Pro,21,0.0,0.0,True,True,False,False,monthly,True
2534,S-c6acda,A-1e1b80,10-07-2024,Ongoing,Enterprise,50,0.0,0.0,True,False,False,False,annual,True
2535,S-918151,A-855a48,29-05-2024,Ongoing,Enterprise,27,5373.0,64476.0,False,False,False,False,annual,False
2536,S-38a5fb,A-6843f2,14-12-2024,Ongoing,Enterprise,21,4179.0,50148.0,False,False,False,False,monthly,True
2537,S-dea1f5,A-bb1eaa,14-07-2024,Ongoing,Basic,21,399.0,4788.0,False,False,True,False,annual,True
2538,S-fee7b2,A-1986ca,07-05-2024,Ongoing,Enterprise,31,6169.0,74028.0,False,True,False,False,monthly,True
2539,S-875645,A-2d1036,24-09-2024,Ongoing,Basic,69,1311.0,15732.0,False,False,False,False,monthly,True
2540,S-f018e9,A-019782,25-06-2024,Ongoing,Basic,14,266.0,3192.0,False,False,False,False,annual,True
2541,S-8a74bb,A-ac9111,30-10-2024,Ongoing,Enterprise,36,0.0,0.0,True,False,False,False,monthly,True
2542,S-2aa395,A-c45b23,31-07-2024,Ongoing,Basic,5,95.0,1140.0,False,False,False,False,monthly,False
2543,S-7de656,A-f17767,15-02-2023,25-08-2023,Pro,14,686.0,8232.0,False,False,False,True,annual,True
2544,S-f2ccdd,A-956988,30-12-2024,Ongoing,Enterprise,32,6368.0,76416.0,False,False,False,False,annual,True
2545,S-e2fd71,A-158f4e,29-11-2023,Ongoing,Basic,61,1159.0,13908.0,False,False,False,False,monthly,True
2546,S-9b493e,A-5b051a,23-11-2024,Ongoing,Basic,22,418.0,5016.0,False,False,False,False,monthly,True
2547,S-742e23,A-aa9511,23-06-2024,Ongoing,Pro,23,1127.0,13524.0,False,False,False,False,annual,True
2548,S-e7fe6f,A-35083d,22-07-2024,Ongoing,Pro,42,2058.0,24696.0,False,True,False,False,annual,True
2549,S-2940a5,A-b2225d,02-04-2024,Ongoing,Enterprise,47,0.0,0.0,True,False,True,False,annual,False
2550,S-0fc93f,A-5fe118,04-12-2024,Ongoing,Basic,39,741.0,8892.0,False,False,False,False,annual,False
2551,S-81a509,A-8b25f2,10-09-2024,Ongoing,Basic,11,209.0,2508.0,False,True,False,False,annual,True
2552,S-62f5b1,A-20736a,23-11-2024,Ongoing,Enterprise,50,9950.0,119400.0,False,True,False,False,annual,True
2553,S-a801d1,A-4c38bc,03-04-2024,Ongoing,Enterprise,36,7164.0,85968.0,False,False,False,False,monthly,True
2554,S-ad1e4a,A-d3c88e,01-11-2024,Ongoing,Basic,16,0.0,0.0,True,True,False,False,monthly,True
2555,S-ad3ef7,A-35083d,03-06-2023,Ongoing,Enterprise,19,0.0,0.0,True,False,False,False,annual,True
2556,S-a5a40b,A-180abf,16-09-2023,06-11-2023,Enterprise,64,12736.0,152832.0,False,False,False,True,annual,False
2557,S-05b245,A-e61e98,01-09-2024,Ongoing,Enterprise,34,6766.0,81192.0,False,False,False,False,annual,True
2558,S-3cc641,A-3be56b,14-05-2024,Ongoing,Basic,7,133.0,1596.0,False,True,False,False,monthly,False
2559,S-f973d4,A-5247b3,27-07-2024,Ongoing,Pro,24,1176.0,14112.0,False,True,False,False,monthly,True
2560,S-f25e72,A-66224b,13-11-2024,Ongoing,Pro,92,4508.0,54096.0,False,False,False,False,annual,True
2561,S-4f81c2,A-ed510f,18-09-2024,Ongoing,Pro,42,2058.0,24696.0,False,False,False,False,monthly,False
2562,S-b65ff3,A-c37601,11-11-2024,Ongoing,Enterprise,6,1194.0,14328.0,False,False,False,False,annual,True
2563,S-5f5b36,A-d42431,26-08-2024,Ongoing,Enterprise,22,4378.0,52536.0,False,False,False,False,monthly,True
2564,S-e5c35c,A-66224b,27-11-2024,Ongoing,Enterprise,92,18308.0,219696.0,False,False,False,False,monthly,True
2565,S-bc66af,A-157070,12-02-2024,02-10-2024,Pro,18,882.0,10584.0,False,False,False,True,monthly,True
2566,S-eff39c,A-118f1c,31-10-2024,Ongoing,Enterprise,32,6368.0,76416.0,False,False,False,False,annual,True
2567,S-3c0075,A-9123ac,27-05-2024,Ongoing,Basic,11,209.0,2508.0,False,False,False,False,monthly,True
2568,S-aaaa83,A-712533,26-04-2024,Ongoing,Basic,45,0.0,0.0,True,False,False,False,monthly,True
2569,S-a09141,A-e3bd71,03-04-2023,Ongoing,Enterprise,31,6169.0,74028.0,False,False,False,False,annual,False
2570,S-19edee,A-55f257,19-08-2024,Ongoing,Enterprise,21,4179.0,50148.0,False,False,False,False,monthly,False
2571,S-6f0169,A-86cdb4,23-10-2024,06-11-2024,Pro,3,147.0,1764.0,False,False,False,True,monthly,True
2572,S-bfdb45,A-cb6cc6,20-04-2023,Ongoing,Enterprise,13,0.0,0.0,True,False,False,False,annual,True
2573,S-9da0f3,A-1d5444,13-05-2024,Ongoing,Enterprise,41,8159.0,97908.0,False,True,False,False,monthly,True
2574,S-68adfa,A-7f29a7,06-10-2024,Ongoing,Basic,41,0.0,0.0,True,False,False,False,monthly,True
2575,S-fcd231,A-712426,31-12-2024,Ongoing,Enterprise,63,0.0,0.0,True,False,False,False,annual,True
2576,S-9a1e04,A-de24d5,06-12-2024,Ongoing,Enterprise,5,995.0,11940.0,False,False,False,False,annual,True
2577,S-38b3b4,A-533452,28-11-2024,Ongoing,Enterprise,26,5174.0,62088.0,False,False,False,False,annual,True
2578,S-b69fa2,A-029f69,09-09-2024,Ongoing,Pro,27,1323.0,15876.0,False,False,False,False,monthly,False
2579,S-a924c2,A-3cc791,08-07-2024,Ongoing,Pro,6,294.0,3528.0,False,False,False,False,annual,True
2580,S-05553e,A-bc87bc,26-11-2024,Ongoing,Enterprise,31,6169.0,74028.0,False,False,False,False,annual,True
2581,S-6ace80,A-6f8ad2,16-09-2024,Ongoing,Enterprise,7,1393.0,16716.0,False,False,False,False,monthly,True
2582,S-0b2faf,A-c45b23,05-07-2024,Ongoing,Basic,15,0.0,0.0,True,False,False,False,monthly,True
2583,S-c01d79,A-296d7c,19-07-2024,Ongoing,Basic,24,0.0,0.0,True,False,False,False,monthly,True
2584,S-df69fe,A-e7a1e2,29-12-2024,Ongoing,Enterprise,44,8756.0,105072.0,False,False,False,False,annual,True
2585,S-f9d635,A-a1b80b,11-03-2024,Ongoing,Enterprise,52,10348.0,124176.0,False,False,False,False,monthly,False
2586,S-d96652,A-503d5a,01-05-2024,Ongoing,Enterprise,7,0.0,0.0,True,False,False,False,monthly,True
2587,S-869bba,A-b9f5b1,31-10-2023,Ongoing,Enterprise,15,0.0,0.0,True,False,False,False,annual,False
2588,S-7c1eb9,A-d3c88e,24-12-2024,Ongoing,Basic,21,399.0,4788.0,False,False,False,False,annual,False
2589,S-3f00dc,A-6f50ae,02-09-2024,Ongoing,Pro,19,931.0,11172.0,False,False,False,False,annual,True
2590,S-60ea07,A-3be56b,22-08-2024,Ongoing,Pro,14,686.0,8232.0,False,False,False,False,annual,True
2591,S-7052a5,A-d5a319,15-11-2023,Ongoing,Basic,16,304.0,3648.0,False,False,False,False,annual,True
2592,S-1b713e,A-1d5444,26-11-2024,Ongoing,Basic,24,0.0,0.0,True,True,False,False,annual,False
2593,S-63e79e,A-7c5768,20-10-2024,Ongoing,Enterprise,25,0.0,0.0,True,False,False,False,annual,True
2594,S-a54fb2,A-8ae05d,01-06-2024,Ongoing,Basic,86,1634.0,19608.0,False,False,False,False,annual,False
2595,S-07734f,A-b7ef83,20-11-2024,Ongoing,Basic,8,152.0,1824.0,False,False,False,False,annual,True
2596,S-6015db,A-b179bf,15-11-2024,Ongoing,Enterprise,43,8557.0,102684.0,False,False,False,False,annual,True
2597,S-1e3a06,A-2b9d3e,26-12-2024,Ongoing,Enterprise,2,398.0,4776.0,False,False,False,False,monthly,True
2598,S-82a67a,A-712426,11-12-2024,13-12-2024,Pro,15,735.0,8820.0,False,False,False,True,annual,True
2599,S-531e3a,A-e5d6ab,22-07-2024,Ongoing,Basic,39,741.0,8892.0,False,False,False,False,monthly,True
2600,S-7d8dde,A-3932db,29-11-2024,Ongoing,Enterprise,35,6965.0,83580.0,False,False,False,False,monthly,True
2601,S-f00f7e,A-35083d,09-09-2024,Ongoing,Pro,25,1225.0,14700.0,False,False,False,False,monthly,True
2602,S-92f78a,A-6e08f3,22-02-2024,Ongoing,Enterprise,11,2189.0,26268.0,False,False,False,False,monthly,True
2603,S-1200b3,A-32fb14,19-11-2023,Ongoing,Basic,26,494.0,5928.0,False,False,False,False,annual,False
2604,S-e2799b,A-4c56c9,13-05-2024,Ongoing,Enterprise,13,2587.0,31044.0,False,False,False,False,monthly,False
2605,S-155b3e,A-18793f,19-12-2024,Ongoing,Enterprise,148,29452.0,353424.0,False,False,False,False,annual,False
2606,S-691bff,A-9174e0,27-12-2024,Ongoing,Basic,37,703.0,8436.0,False,False,False,False,annual,False
2607,S-5ddf8d,A-7f6b86,06-12-2024,Ongoing,Basic,45,855.0,10260.0,False,False,False,False,annual,True
2608,S-57019e,A-ad296b,23-07-2024,Ongoing,Pro,38,0.0,0.0,True,False,False,False,annual,True
2609,S-36480d,A-52dd88,04-12-2024,Ongoing,Pro,30,1470.0,17640.0,False,False,False,False,annual,True
2610,S-ad7716,A-af0cd2,13-04-2023,Ongoing,Pro,19,931.0,11172.0,False,False,False,False,annual,False
2611,S-6cd38d,A-202b67,28-08-2024,Ongoing,Basic,22,418.0,5016.0,False,False,False,False,annual,True
2612,S-88c79e,A-e3bd71,18-02-2024,29-04-2024,Enterprise,31,6169.0,74028.0,False,False,False,True,monthly,True
2613,S-42fb01,A-bece89,08-02-2024,Ongoing,Pro,28,1372.0,16464.0,False,False,False,False,monthly,True
2614,S-393c51,A-ba6516,02-04-2024,Ongoing,Basic,27,513.0,6156.0,False,False,True,False,annual,True
2615,S-29ec80,A-625d0b,29-12-2024,Ongoing,Enterprise,9,1791.0,21492.0,False,False,False,False,annual,True
2616,S-9bf16e,A-533452,23-11-2024,20-12-2024,Pro,9,441.0,5292.0,False,False,False,True,monthly,True
2617,S-5d5a8d,A-2922b6,17-12-2024,28-12-2024,Pro,15,735.0,8820.0,False,False,False,True,annual,True
2618,S-b18d59,A-bd4708,20-10-2024,Ongoing,Pro,37,1813.0,21756.0,False,False,False,False,annual,True
2619,S-56cb4f,A-cab532,23-07-2024,Ongoing,Pro,23,1127.0,13524.0,False,False,False,False,annual,True
2620,S-3fa87d,A-81edc3,13-11-2023,Ongoing,Enterprise,5,995.0,11940.0,False,False,False,False,monthly,True
2621,S-96e3e8,A-d3c88e,10-12-2024,Ongoing,Basic,16,304.0,3648.0,False,True,False,False,monthly,True
2622,S-b834a9,A-dcc3f1,29-05-2024,Ongoing,Basic,26,494.0,5928.0,False,False,False,False,annual,True
2623,S-7452a4,A-118d55,30-12-2024,31-12-2024,Enterprise,29,5771.0,69252.0,False,False,False,True,monthly,True
2624,S-7b65f4,A-7f29a7,07-11-2024,02-12-2024,Basic,41,779.0,9348.0,False,False,False,True,monthly,False
2625,S-a3300f,A-81edc3,16-12-2024,Ongoing,Enterprise,5,995.0,11940.0,False,False,False,False,annual,True
2626,S-a9b904,A-7641d3,12-04-2023,Ongoing,Basic,8,152.0,1824.0,False,False,False,False,monthly,True
2627,S-43b6e9,A-bbc346,13-12-2024,Ongoing,Enterprise,27,5373.0,64476.0,False,False,False,False,monthly,True
2628,S-eec4d5,A-0532a9,10-12-2024,Ongoing,Basic,19,361.0,4332.0,False,False,False,False,annual,True
2629,S-7ac30a,A-54ecc2,16-10-2024,Ongoing,Enterprise,5,995.0,11940.0,False,False,False,False,annual,True
2630,S-c696fa,A-db5e9e,12-11-2024,Ongoing,Basic,9,171.0,2052.0,False,False,False,False,monthly,True
2631,S-86ed20,A-3f9cc0,25-07-2024,Ongoing,Enterprise,22,4378.0,52536.0,False,False,False,False,monthly,False
2632,S-dda681,A-8bde0c,21-12-2024,Ongoing,Pro,12,588.0,7056.0,False,False,False,False,monthly,False
2633,S-88d746,A-0aaf6e,26-12-2024,Ongoing,Enterprise,18,3582.0,42984.0,False,False,False,False,monthly,True
2634,S-fc01ba,A-ba6516,14-09-2024,Ongoing,Pro,35,0.0,0.0,True,False,True,False,monthly,True
2635,S-0586ad,A-7920cc,28-07-2024,Ongoing,Enterprise,39,7761.0,93132.0,False,False,False,False,monthly,True
2636,S-24631a,A-4d1e75,07-09-2024,Ongoing,Basic,20,380.0,4560.0,False,False,False,False,monthly,True
2637,S-3d0e5c,A-dcc2f0,22-11-2023,Ongoing,Enterprise,19,0.0,0.0,True,False,False,False,monthly,True
2638,S-519509,A-1ac5e0,15-11-2024,Ongoing,Basic,33,627.0,7524.0,False,False,False,False,annual,False
2639,S-8b9deb,A-6c093d,12-09-2024,01-11-2024,Pro,7,343.0,4116.0,False,False,False,True,monthly,True
2640,S-31178d,A-b7ef83,29-06-2024,Ongoing,Pro,26,1274.0,15288.0,False,False,False,False,annual,True
2641,S-b29d83,A-51ec1b,10-02-2024,Ongoing,Basic,11,209.0,2508.0,False,False,False,False,annual,True
2642,S-a384d2,A-d62e02,10-12-2024,Ongoing,Enterprise,21,4179.0,50148.0,False,False,False,False,monthly,True
2643,S-a61485,A-d922bf,21-11-2023,Ongoing,Enterprise,32,6368.0,76416.0,False,False,False,False,monthly,True
2644,S-d1f12e,A-3a5ad8,15-02-2024,Ongoing,Enterprise,31,6169.0,74028.0,False,False,False,False,monthly,True
2645,S-021985,A-66224b,22-12-2024,30-12-2024,Enterprise,92,18308.0,219696.0,False,False,False,True,monthly,False
2646,S-6cb472,A-922109,27-09-2024,Ongoing,Pro,8,392.0,4704.0,False,False,False,False,annual,True
2647,S-fdb8f1,A-09316c,23-09-2024,Ongoing,Enterprise,70,13930.0,167160.0,False,False,False,False,annual,True
2648,S-d9d52b,A-22d9d2,09-08-2024,Ongoing,Pro,30,1470.0,17640.0,False,False,False,False,annual,True
2649,S-6754a4,A-1f559b,17-10-2024,Ongoing,Basic,10,190.0,2280.0,False,False,False,False,annual,False
2650,S-b11cdb,A-05d3b3,05-08-2024,12-08-2024,Basic,24,456.0,5472.0,False,False,False,True,annual,True
2651,S-a84e7f,A-e89151,14-11-2023,Ongoing,Enterprise,8,1592.0,19104.0,False,False,False,False,annual,True
2652,S-4f3f73,A-1b9609,04-08-2024,12-08-2024,Pro,4,196.0,2352.0,False,False,False,True,annual,True
2653,S-164594,A-c42f1f,26-10-2024,Ongoing,Basic,15,285.0,3420.0,False,False,False,False,annual,False
2654,S-aef18a,A-4a267b,06-11-2024,Ongoing,Pro,25,0.0,0.0,True,True,False,False,annual,True
2655,S-16dc40,A-ce550d,16-11-2024,Ongoing,Pro,51,2499.0,29988.0,False,True,False,False,monthly,True
2656,S-a8299c,A-e60f9d,03-12-2024,Ongoing,Enterprise,29,5771.0,69252.0,False,False,False,False,monthly,True
2657,S-842582,A-104f1a,24-09-2024,Ongoing,Pro,45,0.0,0.0,True,False,False,False,annual,True
2658,S-6956dc,A-40906c,06-06-2024,Ongoing,Pro,92,4508.0,54096.0,False,False,False,False,annual,True
2659,S-2aad81,A-700ade,25-11-2024,Ongoing,Basic,7,133.0,1596.0,False,False,False,False,annual,True
2660,S-f09511,A-4437e4,14-05-2024,Ongoing,Enterprise,3,597.0,7164.0,False,True,False,False,monthly,True
2661,S-52d03a,A-342303,30-11-2024,Ongoing,Enterprise,10,0.0,0.0,True,False,False,False,annual,True
2662,S-70b537,A-526d93,26-09-2024,Ongoing,Enterprise,43,8557.0,102684.0,False,True,False,False,annual,False
2663,S-8e7d28,A-7f6b86,05-07-2024,Ongoing,Pro,45,0.0,0.0,True,False,False,False,monthly,True
2664,S-3128b4,A-30b4ca,27-05-2024,Ongoing,Enterprise,86,17114.0,205368.0,False,False,False,False,monthly,False
2665,S-ce9977,A-42e5e1,02-08-2024,Ongoing,Enterprise,53,0.0,0.0,True,True,False,False,monthly,True
2666,S-16486d,A-0651a4,15-12-2024,Ongoing,Pro,16,784.0,9408.0,False,False,False,False,monthly,True
2667,S-c5835c,A-812c5b,25-06-2024,Ongoing,Basic,55,0.0,0.0,True,False,False,False,monthly,True
2668,S-890baf,A-6e7827,22-04-2024,Ongoing,Pro,3,147.0,1764.0,False,False,False,False,monthly,True
2669,S-ec0efa,A-45ce7a,04-04-2024,Ongoing,Basic,22,418.0,5016.0,False,False,False,False,monthly,True
2670,S-09ada1,A-87aa7b,23-11-2024,Ongoing,Basic,24,456.0,5472.0,False,False,False,False,annual,True
2671,S-2ecaea,A-756192,28-06-2024,Ongoing,Enterprise,25,4975.0,59700.0,False,False,False,False,monthly,True
2672,S-0d86a4,A-700ade,11-11-2024,Ongoing,Pro,12,588.0,7056.0,False,False,False,False,monthly,False
2673,S-a2f231,A-1f559b,21-04-2024,Ongoing,Pro,59,2891.0,34692.0,False,False,False,False,monthly,False
2674,S-dbcf87,A-a8d89d,26-09-2024,Ongoing,Enterprise,13,2587.0,31044.0,False,False,False,False,monthly,True
2675,S-d6e421,A-fd7ad3,17-11-2024,Ongoing,Pro,10,0.0,0.0,True,False,False,False,annual,True
2676,S-50815c,A-e3bd71,11-01-2024,Ongoing,Basic,31,589.0,7068.0,False,False,False,False,monthly,True
2677,S-25ec8c,A-6965e1,05-12-2024,Ongoing,Pro,16,0.0,0.0,True,False,False,False,monthly,False
2678,S-180b6c,A-f3ff05,02-12-2024,Ongoing,Basic,30,570.0,6840.0,False,False,False,False,monthly,True
2679,S-ae20d8,A-9289f6,04-07-2023,09-07-2023,Basic,12,228.0,2736.0,False,True,False,True,annual,True
2680,S-cb3c72,A-69b156,16-06-2024,Ongoing,Enterprise,13,2587.0,31044.0,False,False,False,False,monthly,True
2681,S-7bb339,A-fa3095,06-12-2023,Ongoing,Enterprise,70,13930.0,167160.0,False,False,False,False,annual,True
2682,S-374d5f,A-fabe19,24-11-2024,Ongoing,Enterprise,5,995.0,11940.0,False,False,False,False,annual,True
2683,S-2f7250,A-3ce5b8,05-03-2024,Ongoing,Pro,36,1764.0,21168.0,False,False,False,False,monthly,True
2684,S-1d081a,A-ad3abd,10-05-2023,20-07-2024,Pro,44,2156.0,25872.0,False,False,False,True,annual,True
2685,S-0e9f04,A-7c83a1,24-05-2024,Ongoing,Enterprise,12,2388.0,28656.0,False,False,False,False,monthly,True
2686,S-d7163c,A-118d55,27-12-2024,Ongoing,Pro,11,539.0,6468.0,False,False,True,False,monthly,True
2687,S-3bdedd,A-378b99,03-11-2024,Ongoing,Basic,59,1121.0,13452.0,False,False,False,False,monthly,True
2688,S-14a95a,A-ffc04f,22-10-2024,Ongoing,Pro,20,980.0,11760.0,False,False,False,False,monthly,True
2689,S-f15008,A-0aaf6e,07-12-2024,15-12-2024,Pro,12,588.0,7056.0,False,False,False,True,annual,False
2690,S-c76699,A-f9cc74,26-11-2024,Ongoing,Basic,30,570.0,6840.0,False,False,False,False,monthly,False
2691,S-7456c5,A-8ae3fc,09-09-2024,Ongoing,Basic,9,171.0,2052.0,False,False,False,False,monthly,True
2692,S-947b62,A-34ea2f,25-12-2024,Ongoing,Enterprise,16,3184.0,38208.0,False,False,False,False,annual,False
2693,S-7b2efe,A-af0cd2,27-09-2024,Ongoing,Basic,19,361.0,4332.0,False,False,False,False,monthly,False
2694,S-92421b,A-4e631b,12-11-2024,Ongoing,Pro,22,0.0,0.0,True,False,False,False,monthly,True
2695,S-ede618,A-463db0,15-12-2024,Ongoing,Pro,15,735.0,8820.0,False,False,False,False,annual,True
2696,S-65b963,A-e888d1,04-03-2024,Ongoing,Basic,22,0.0,0.0,True,False,False,False,monthly,True
2697,S-adbb41,A-9289f6,11-12-2024,Ongoing,Enterprise,24,0.0,0.0,True,False,False,False,annual,False
2698,S-ce6528,A-4a4c2d,04-07-2023,Ongoing,Basic,54,1026.0,12312.0,False,False,False,False,annual,True
2699,S-c45df0,A-a45270,15-11-2024,Ongoing,Enterprise,3,597.0,7164.0,False,False,False,False,monthly,False
2700,S-faee8b,A-56962b,15-05-2024,Ongoing,Pro,163,0.0,0.0,True,False,False,False,monthly,False
2701,S-9bb9da,A-0be015,24-12-2024,Ongoing,Pro,26,0.0,0.0,True,False,False,False,monthly,True
2702,S-913134,A-bbc346,29-11-2024,Ongoing,Basic,40,760.0,9120.0,False,False,False,False,monthly,True
2703,S-0ada66,A-c4ea60,29-07-2024,Ongoing,Enterprise,18,3582.0,42984.0,False,False,False,False,monthly,False
2704,S-75fe32,A-3793ee,13-03-2024,Ongoing,Pro,49,2401.0,28812.0,False,False,False,False,annual,True
2705,S-1dfdd0,A-712426,30-12-2024,Ongoing,Basic,13,247.0,2964.0,False,False,False,False,monthly,True
2706,S-4815a3,A-19b2c8,01-08-2023,Ongoing,Basic,22,418.0,5016.0,False,False,False,False,monthly,True
2707,S-691d69,A-cea1f0,18-10-2024,Ongoing,Enterprise,22,4378.0,52536.0,False,True,False,False,monthly,True
2708,S-e90e70,A-f51f16,27-08-2024,Ongoing,Basic,2,38.0,456.0,False,False,False,False,annual,True
2709,S-8eb6df,A-c7ffc2,17-02-2024,Ongoing,Enterprise,30,5970.0,71640.0,False,False,False,False,monthly,True
2710,S-4dae4f,A-6e08f3,09-05-2024,Ongoing,Enterprise,20,3980.0,47760.0,False,False,False,False,monthly,True
2711,S-f4376f,A-9ee962,21-05-2024,Ongoing,Basic,9,171.0,2052.0,False,False,False,False,annual,False
2712,S-ce5e0e,A-158f4e,17-09-2023,Ongoing,Pro,61,2989.0,35868.0,False,False,False,False,annual,True
2713,S-5bc71c,A-d77f4c,24-10-2023,19-02-2024,Basic,8,152.0,1824.0,False,False,False,True,monthly,True
2714,S-80af85,A-2edab2,22-11-2023,Ongoing,Basic,17,323.0,3876.0,False,False,False,False,annual,True
2715,S-9a115f,A-f5641b,29-12-2024,Ongoing,Enterprise,45,8955.0,107460.0,False,False,False,False,monthly,True
2716,S-a959a3,A-ad3abd,18-03-2023,Ongoing,Enterprise,44,8756.0,105072.0,False,False,False,False,monthly,False
2717,S-6def60,A-1e1b80,11-10-2023,Ongoing,Basic,50,950.0,11400.0,False,False,False,False,monthly,True
2718,S-2a57b3,A-7e0a10,29-06-2024,Ongoing,Basic,46,874.0,10488.0,False,False,False,False,annual,True
2719,S-b39049,A-4e44e8,08-11-2024,Ongoing,Pro,18,0.0,0.0,True,False,False,False,monthly,True
2720,S-802cc6,A-eafc6e,15-11-2023,Ongoing,Enterprise,34,6766.0,81192.0,False,False,False,False,annual,True
2721,S-19c44c,A-8b0451,09-12-2024,Ongoing,Basic,41,779.0,9348.0,False,False,False,False,monthly,True
2722,S-396a83,A-1b7577,28-11-2024,Ongoing,Enterprise,4,796.0,9552.0,False,False,False,False,monthly,True
2723,S-d1aacf,A-c70870,06-12-2024,Ongoing,Basic,31,589.0,7068.0,False,True,False,False,annual,True
2724,S-2beaee,A-ffdfd5,14-09-2024,Ongoing,Pro,92,4508.0,54096.0,False,False,False,False,annual,False
2725,S-16e21f,A-82d8a6,13-12-2024,Ongoing,Enterprise,27,5373.0,64476.0,False,False,False,False,annual,False
2726,S-a918f3,A-d27f50,05-12-2024,Ongoing,Enterprise,44,8756.0,105072.0,False,False,False,False,monthly,True
2727,S-b4b400,A-35083d,16-04-2024,Ongoing,Pro,19,931.0,11172.0,False,True,False,False,annual,True
2728,S-52699f,A-df10db,25-08-2023,03-12-2024,Basic,14,266.0,3192.0,False,False,False,True,monthly,True
2729,S-52404a,A-cd458b,26-10-2024,Ongoing,Basic,26,494.0,5928.0,False,False,False,False,annual,True
2730,S-dacc80,A-6965e1,30-12-2024,Ongoing,Basic,13,247.0,2964.0,False,False,False,False,monthly,True
2731,S-91c435,A-dfbd31,09-12-2024,Ongoing,Basic,14,266.0,3192.0,False,False,False,False,monthly,True
2732,S-64d514,A-65aeb5,06-09-2024,Ongoing,Enterprise,56,11144.0,133728.0,False,False,False,False,annual,False
2733,S-006fed,A-ac9111,09-10-2023,20-06-2024,Basic,21,399.0,4788.0,False,False,False,True,monthly,True
2734,S-2aafa6,A-bbc346,03-10-2024,Ongoing,Enterprise,19,3781.0,45372.0,False,False,False,False,annual,True
2735,S-1577c3,A-544d0a,29-11-2024,Ongoing,Basic,3,0.0,0.0,True,False,False,False,monthly,True
2736,S-3ea3af,A-019782,16-05-2024,Ongoing,Pro,11,539.0,6468.0,False,False,False,False,monthly,False
2737,S-615537,A-7f4db3,30-03-2024,Ongoing,Pro,16,784.0,9408.0,False,False,False,False,annual,True
2738,S-fc8463,A-4e44e8,16-10-2024,Ongoing,Basic,10,190.0,2280.0,False,False,False,False,annual,True
2739,S-8106d9,A-3a5ad8,06-11-2024,Ongoing,Pro,36,1764.0,21168.0,False,False,False,False,monthly,False
2740,S-5b699e,A-b7b7b7,16-09-2024,Ongoing,Basic,24,456.0,5472.0,False,False,False,False,annual,True
2741,S-021297,A-5ed98d,28-06-2024,Ongoing,Enterprise,24,4776.0,57312.0,False,False,False,False,annual,True
2742,S-0f7a92,A-700ade,23-12-2024,Ongoing,Pro,1,49.0,588.0,False,False,False,False,monthly,False
2743,S-85caaf,A-089363,03-06-2023,Ongoing,Pro,2,98.0,1176.0,False,True,False,False,annual,True
2744,S-d8a52e,A-cc102e,19-11-2024,Ongoing,Enterprise,15,2985.0,35820.0,False,False,False,False,monthly,True
2745,S-7b3fd3,A-5a92e7,08-07-2024,15-10-2024,Enterprise,4,796.0,9552.0,False,False,False,True,annual,True
2746,S-9a1297,A-b11cd0,20-07-2024,Ongoing,Pro,26,1274.0,15288.0,False,False,False,False,annual,True
2747,S-858aa0,A-6da850,09-10-2024,Ongoing,Enterprise,25,4975.0,59700.0,False,False,False,False,annual,False
2748,S-8b345c,A-c43359,10-12-2024,Ongoing,Pro,38,0.0,0.0,True,False,True,False,monthly,True
2749,S-456829,A-f92792,07-07-2024,Ongoing,Pro,26,1274.0,15288.0,False,False,False,False,annual,False
2750,S-c2cc5c,A-2bc93d,24-11-2023,Ongoing,Enterprise,20,3980.0,47760.0,False,False,False,False,annual,True
2751,S-2126cd,A-f45426,29-12-2024,Ongoing,Pro,9,441.0,5292.0,False,False,False,False,monthly,False
2752,S-91ab2e,A-c62e55,15-11-2023,Ongoing,Pro,34,1666.0,19992.0,False,False,False,False,annual,False
2753,S-8cba1c,A-4814a3,19-10-2024,Ongoing,Enterprise,87,0.0,0.0,True,False,False,False,monthly,False
2754,S-6ee525,A-9badbd,05-09-2024,Ongoing,Enterprise,23,4577.0,54924.0,False,False,False,False,annual,True
2755,S-400e62,A-0f3e88,18-04-2024,Ongoing,Basic,14,266.0,3192.0,False,False,False,False,annual,False
2756,S-5f2554,A-81edc3,07-11-2023,Ongoing,Pro,12,588.0,7056.0,False,False,False,False,monthly,False
2757,S-877508,A-b3fe05,06-06-2024,Ongoing,Pro,11,0.0,0.0,True,False,False,False,annual,True
2758,S-37b367,A-a8d89d,17-09-2024,Ongoing,Basic,13,247.0,2964.0,False,False,False,False,annual,True
2759,S-ac6547,A-b20d99,19-07-2024,Ongoing,Basic,20,380.0,4560.0,False,False,False,False,annual,True
2760,S-525864,A-a09355,29-12-2024,Ongoing,Pro,14,686.0,8232.0,False,False,False,False,monthly,True
2761,S-856627,A-b48f73,24-11-2024,Ongoing,Pro,80,3920.0,47040.0,False,False,False,False,annual,False
2762,S-195cd5,A-ae052e,28-11-2024,06-12-2024,Pro,40,1960.0,23520.0,False,False,False,True,monthly,True
2763,S-4e4ab7,A-eb1312,08-10-2024,Ongoing,Basic,25,475.0,5700.0,False,False,False,False,monthly,False
2764,S-cfca40,A-7d514c,01-04-2024,Ongoing,Enterprise,34,6766.0,81192.0,False,False,False,False,monthly,True
2765,S-a82909,A-3a5ad8,19-11-2024,Ongoing,Enterprise,70,13930.0,167160.0,False,False,False,False,annual,True
2766,S-ab212b,A-f1f639,16-01-2024,Ongoing,Basic,2,38.0,456.0,False,True,False,False,monthly,True
2767,S-92e1fc,A-45ce7a,13-04-2024,Ongoing,Pro,16,0.0,0.0,True,False,False,False,monthly,True
2768,S-add36b,A-e3bd71,20-03-2024,Ongoing,Enterprise,31,6169.0,74028.0,False,True,True,False,monthly,True
2769,S-dcde3f,A-ffc04f,05-08-2024,Ongoing,Pro,13,0.0,0.0,True,False,False,False,monthly,False
2770,S-94fa70,A-1b7577,30-12-2024,Ongoing,Pro,41,2009.0,24108.0,False,False,False,False,monthly,True
2771,S-80f65d,A-474ad4,06-01-2024,Ongoing,Basic,23,437.0,5244.0,False,False,False,False,monthly,True
2772,S-1b373c,A-5b1bcd,04-07-2024,Ongoing,Pro,73,3577.0,42924.0,False,False,False,False,annual,False
2773,S-54a3ed,A-f446b6,21-07-2024,Ongoing,Pro,5,245.0,2940.0,False,False,False,False,monthly,True
2774,S-77c22b,A-6c093d,13-03-2024,Ongoing,Enterprise,7,1393.0,16716.0,False,False,False,False,annual,True
2775,S-bf9e6d,A-9779ad,23-10-2024,Ongoing,Enterprise,40,7960.0,95520.0,False,False,False,False,annual,True
2776,S-9daaad,A-e693b6,21-03-2024,Ongoing,Enterprise,55,0.0,0.0,True,False,False,False,monthly,True
2777,S-d316df,A-726cfa,12-07-2024,Ongoing,Basic,33,627.0,7524.0,False,False,False,False,annual,True
2778,S-d106d4,A-19b2c8,06-11-2023,Ongoing,Enterprise,20,3980.0,47760.0,False,False,False,False,monthly,True
2779,S-4757c8,A-32728c,17-09-2024,Ongoing,Basic,42,798.0,9576.0,False,False,False,False,annual,True
2780,S-504bce,A-474ad4,28-11-2024,30-12-2024,Enterprise,41,0.0,0.0,True,False,False,True,annual,True
2781,S-16be20,A-9c18c4,03-03-2024,Ongoing,Pro,11,539.0,6468.0,False,False,False,False,monthly,True
2782,S-2ae5d8,A-c9bb3e,08-06-2024,Ongoing,Pro,5,245.0,2940.0,False,False,False,False,monthly,True
2783,S-6522e4,A-9f0b68,17-05-2024,Ongoing,Basic,22,418.0,5016.0,False,False,False,False,annual,False
2784,S-bc736c,A-d49cc5,28-09-2024,Ongoing,Basic,50,950.0,11400.0,False,False,False,False,monthly,True
2785,S-1b7677,A-ced9aa,04-12-2024,20-12-2024,Enterprise,6,1194.0,14328.0,False,False,False,True,annual,True
2786,S-b8d2f6,A-17939a,28-12-2024,30-12-2024,Basic,19,0.0,0.0,True,False,False,True,monthly,True
2787,S-509f0d,A-794a0b,05-02-2024,Ongoing,Pro,35,1715.0,20580.0,False,False,False,False,monthly,True
2788,S-708ac6,A-ab438f,23-10-2024,Ongoing,Enterprise,30,5970.0,71640.0,False,False,False,False,monthly,True
2789,S-81510a,A-b54c01,29-10-2024,Ongoing,Pro,29,1421.0,17052.0,False,False,False,False,annual,True
2790,S-80c24c,A-139c3b,26-11-2024,31-12-2024,Pro,17,833.0,9996.0,False,True,False,True,monthly,True
2791,S-843a53,A-bb1eaa,11-09-2024,Ongoing,Enterprise,21,4179.0,50148.0,False,False,False,False,annual,True
2792,S-3b5031,A-dcc2f0,13-03-2024,Ongoing,Pro,22,1078.0,12936.0,False,True,False,False,annual,True
2793,S-a29ba3,A-95b24a,12-10-2023,Ongoing,Enterprise,38,7562.0,90744.0,False,False,False,False,monthly,False
2794,S-ce7c30,A-075038,02-07-2024,Ongoing,Enterprise,17,3383.0,40596.0,False,False,False,False,monthly,True
2795,S-90c2a9,A-ced9aa,07-11-2024,Ongoing,Pro,3,147.0,1764.0,False,False,False,False,annual,True
2796,S-3c52a6,A-2f6a32,25-09-2024,16-11-2024,Basic,19,361.0,4332.0,False,False,False,True,annual,True
2797,S-44ed0c,A-993085,30-10-2023,Ongoing,Enterprise,31,6169.0,74028.0,False,False,True,False,annual,False
2798,S-2c9cea,A-df1e44,03-06-2024,Ongoing,Basic,35,0.0,0.0,True,False,False,False,annual,True
2799,S-47cf94,A-e5d6ab,02-10-2023,03-05-2024,Basic,35,665.0,7980.0,False,False,False,True,annual,True
2800,S-f3d5d7,A-49b828,22-11-2024,Ongoing,Enterprise,20,3980.0,47760.0,False,False,False,False,annual,True
2801,S-519f1c,A-0354fe,03-11-2024,Ongoing,Basic,34,646.0,7752.0,False,False,False,False,monthly,False
2802,S-b75eaa,A-bf7919,24-12-2024,Ongoing,Basic,12,228.0,2736.0,False,False,False,False,monthly,False
2803,S-106283,A-a45270,27-07-2024,Ongoing,Enterprise,23,4577.0,54924.0,False,False,False,False,annual,True
2804,S-f093d0,A-f19b24,17-03-2024,Ongoing,Pro,29,1421.0,17052.0,False,False,False,False,monthly,True
2805,S-9c19fe,A-bd4513,20-12-2024,Ongoing,Enterprise,50,9950.0,119400.0,False,False,False,False,monthly,False
2806,S-f27134,A-d4ac0e,17-09-2024,Ongoing,Basic,29,551.0,6612.0,False,False,False,False,annual,True
2807,S-ef83b4,A-a09355,04-11-2024,Ongoing,Enterprise,33,6567.0,78804.0,False,False,False,False,monthly,True
2808,S-00fcc5,A-40de06,23-06-2023,Ongoing,Basic,62,1178.0,14136.0,False,False,False,False,annual,False
2809,S-a6f0f1,A-d792a6,26-04-2024,Ongoing,Pro,4,196.0,2352.0,False,False,False,False,annual,True
2810,S-2c4527,A-6965e1,22-12-2024,Ongoing,Pro,13,637.0,7644.0,False,False,False,False,annual,True
2811,S-0144ac,A-5a215a,13-03-2024,Ongoing,Enterprise,87,17313.0,207756.0,False,False,False,False,monthly,True
2812,S-8a50a0,A-cb5333,11-12-2024,Ongoing,Basic,33,627.0,7524.0,False,False,False,False,monthly,True
2813,S-363c29,A-e7beab,23-10-2023,21-08-2024,Enterprise,21,4179.0,50148.0,False,False,False,True,annual,True
2814,S-f28cde,A-cdf020,13-07-2024,Ongoing,Pro,23,1127.0,13524.0,False,True,False,False,annual,True
2815,S-ef00f5,A-e36807,06-09-2024,Ongoing,Basic,6,114.0,1368.0,False,False,False,False,annual,True
2816,S-dbe2ac,A-5f7781,13-09-2024,Ongoing,Basic,22,418.0,5016.0,False,True,False,False,annual,True
2817,S-b8fcc5,A-dbc825,29-06-2024,20-11-2024,Basic,85,1615.0,19380.0,False,True,False,True,annual,False
2818,S-37b6b2,A-4c6f11,10-05-2024,Ongoing,Pro,24,1176.0,14112.0,False,False,False,False,annual,False
2819,S-a83bf1,A-089363,04-11-2023,Ongoing,Basic,40,760.0,9120.0,False,False,False,False,monthly,False
2820,S-e301c9,A-1e1b80,22-09-2024,Ongoing,Enterprise,50,0.0,0.0,True,False,False,False,monthly,True
2821,S-762cae,A-6e08f3,11-08-2024,Ongoing,Pro,18,882.0,10584.0,False,False,False,False,annual,True
2822,S-261a8d,A-b2225d,01-09-2024,Ongoing,Pro,47,2303.0,27636.0,False,True,False,False,monthly,True
2823,S-1c5955,A-378b99,07-10-2024,Ongoing,Pro,12,588.0,7056.0,False,False,False,False,annual,True
2824,S-a99771,A-3c1a3f,18-12-2023,Ongoing,Basic,25,0.0,0.0,True,False,False,False,annual,True
2825,S-ad02b5,A-c58f49,05-10-2024,Ongoing,Enterprise,70,13930.0,167160.0,False,True,False,False,monthly,True
2826,S-e267d1,A-4a4c2d,25-12-2023,Ongoing,Enterprise,54,10746.0,128952.0,False,False,False,False,annual,False
2827,S-0c4162,A-a8b49c,24-11-2023,Ongoing,Basic,19,0.0,0.0,True,False,False,False,monthly,True
2828,S-49b640,A-956988,02-12-2024,Ongoing,Enterprise,9,1791.0,21492.0,False,False,False,False,monthly,True
2829,S-327a60,A-1f0ac7,03-05-2024,Ongoing,Basic,47,893.0,10716.0,False,False,False,False,annual,True
2830,S-9a41e6,A-9289f6,14-03-2024,Ongoing,Enterprise,10,1990.0,23880.0,False,False,False,False,annual,True
2831,S-e1081c,A-5fe118,05-12-2024,Ongoing,Enterprise,39,7761.0,93132.0,False,False,False,False,monthly,True
2832,S-f44c76,A-58b9ff,24-09-2024,Ongoing,Pro,14,686.0,8232.0,False,False,False,False,monthly,True
2833,S-8e169f,A-0dbdc6,14-06-2023,Ongoing,Pro,30,0.0,0.0,True,False,False,False,annual,True
2834,S-68e134,A-dbc825,20-05-2024,Ongoing,Basic,19,361.0,4332.0,False,False,False,False,monthly,True
2835,S-7820a5,A-019782,16-08-2023,Ongoing,Pro,15,735.0,8820.0,False,False,False,False,monthly,True
2836,S-d8c527,A-0a62f5,21-12-2024,Ongoing,Basic,25,475.0,5700.0,False,False,False,False,monthly,True
2837,S-d30894,A-71615e,27-06-2024,Ongoing,Enterprise,15,2985.0,35820.0,False,False,False,False,annual,True
2838,S-632337,A-7da956,26-09-2024,29-12-2024,Enterprise,14,2786.0,33432.0,False,False,False,True,monthly,True
2839,S-3d4f7a,A-ed510f,21-12-2024,Ongoing,Pro,42,2058.0,24696.0,False,False,False,False,monthly,True
2840,S-956036,A-d922bf,29-10-2023,Ongoing,Enterprise,30,5970.0,71640.0,False,False,False,False,annual,True
2841,S-873a22,A-fabe19,16-12-2024,Ongoing,Enterprise,12,2388.0,28656.0,False,True,False,False,monthly,False
2842,S-868325,A-ac85cd,02-08-2024,Ongoing,Basic,53,1007.0,12084.0,False,False,False,False,monthly,True
2843,S-0e8b21,A-8adedc,21-08-2024,Ongoing,Basic,22,418.0,5016.0,False,False,False,False,monthly,True
2844,S-f50afe,A-117171,11-11-2024,Ongoing,Basic,45,855.0,10260.0,False,False,False,False,annual,True
2845,S-28a4b7,A-1e1b80,16-12-2023,Ongoing,Enterprise,50,9950.0,119400.0,False,False,False,False,annual,True
2846,S-3d46f8,A-3932db,10-12-2023,Ongoing,Basic,23,437.0,5244.0,False,False,False,False,monthly,True
2847,S-bc0806,A-d792a6,04-07-2024,Ongoing,Enterprise,4,796.0,9552.0,False,False,False,False,monthly,True
2848,S-9171f0,A-43a9e3,26-03-2024,Ongoing,Basic,27,513.0,6156.0,False,False,False,False,annual,True
2849,S-38eb77,A-417d2f,02-02-2024,03-05-2024,Enterprise,26,5174.0,62088.0,False,True,False,True,monthly,True
2850,S-f3ff06,A-249769,18-10-2024,Ongoing,Pro,8,392.0,4704.0,False,False,False,False,annual,True
2851,S-ecb8d5,A-df1e44,17-12-2024,Ongoing,Basic,35,665.0,7980.0,False,False,False,False,annual,True
2852,S-1fddda,A-51ec1b,05-08-2024,Ongoing,Enterprise,18,3582.0,42984.0,False,False,False,False,monthly,False
2853,S-876f0b,A-4c56c9,21-05-2024,Ongoing,Basic,9,171.0,2052.0,False,False,False,False,annual,True
2854,S-5a5bdb,A-96bbc6,08-09-2024,Ongoing,Pro,64,3136.0,37632.0,False,False,False,False,annual,True
2855,S-76a214,A-00bed1,14-05-2024,Ongoing,Enterprise,49,9751.0,117012.0,False,False,False,False,annual,True
2856,S-4a89a7,A-10b8f2,19-04-2023,Ongoing,Basic,47,893.0,10716.0,False,False,False,False,monthly,False
2857,S-c43a91,A-0e966d,06-09-2024,Ongoing,Pro,13,637.0,7644.0,False,False,False,False,annual,True
2858,S-0a8200,A-5b1bcd,20-01-2024,Ongoing,Enterprise,73,14527.0,174324.0,False,False,False,False,annual,True
2859,S-ece5a5,A-9ee962,27-08-2023,Ongoing,Pro,30,1470.0,17640.0,False,False,False,False,annual,False
2860,S-80ed6b,A-b7b7b7,29-07-2024,Ongoing,Pro,24,1176.0,14112.0,False,False,False,False,annual,True
2861,S-19950d,A-f9cc74,28-10-2024,Ongoing,Pro,30,1470.0,17640.0,False,False,False,False,annual,False
2862,S-aaf847,A-ffc04f,19-09-2024,Ongoing,Enterprise,13,2587.0,31044.0,False,False,False,False,monthly,False
2863,S-5d0f41,A-956988,18-12-2024,Ongoing,Pro,23,1127.0,13524.0,False,False,False,False,monthly,True
2864,S-d041d2,A-054577,01-12-2024,Ongoing,Pro,2,0.0,0.0,True,False,False,False,monthly,True
2865,S-4c6ee1,A-8bde0c,23-12-2024,Ongoing,Pro,15,735.0,8820.0,False,False,False,False,annual,True
2866,S-991d05,A-cdf020,25-01-2024,Ongoing,Pro,39,1911.0,22932.0,False,False,False,False,annual,False
2867,S-a3ab14,A-fdfc91,31-07-2024,10-11-2024,Pro,29,1421.0,17052.0,False,False,False,True,annual,False
2868,S-70c743,A-a2485e,17-08-2024,Ongoing,Pro,68,3332.0,39984.0,False,False,False,False,annual,False
2869,S-c52d77,A-6e7827,05-11-2023,Ongoing,Pro,1,49.0,588.0,False,True,False,False,monthly,False
2870,S-5d5250,A-afa505,12-08-2024,Ongoing,Pro,70,3430.0,41160.0,False,False,True,False,monthly,True
2871,S-5f40a3,A-6da850,28-12-2024,Ongoing,Basic,5,0.0,0.0,True,False,False,False,monthly,False
2872,S-b23d8d,A-2d1036,21-11-2024,Ongoing,Basic,69,1311.0,15732.0,False,False,False,False,annual,True
2873,S-87db32,A-526d93,24-04-2024,Ongoing,Enterprise,49,9751.0,117012.0,False,False,False,False,monthly,False
2874,S-38dcab,A-ad3abd,25-03-2024,11-09-2024,Basic,44,836.0,10032.0,False,False,False,True,annual,True
2875,S-aa7247,A-c7ffc2,15-08-2024,Ongoing,Basic,30,570.0,6840.0,False,False,False,False,monthly,True
2876,S-58ccb4,A-bb1486,18-11-2024,Ongoing,Pro,41,2009.0,24108.0,False,False,True,False,monthly,True
2877,S-3b5458,A-98a59a,12-09-2024,Ongoing,Enterprise,56,11144.0,133728.0,False,False,False,False,monthly,True
2878,S-a9b8a2,A-b78bf8,25-11-2024,Ongoing,Pro,33,1617.0,19404.0,False,False,False,False,annual,True
2879,S-41cf50,A-fa2041,23-07-2024,Ongoing,Enterprise,15,2985.0,35820.0,False,False,False,False,monthly,False
2880,S-48d2b5,A-9c18c4,09-08-2023,14-10-2024,Basic,12,228.0,2736.0,False,False,False,True,monthly,True
2881,S-be655e,A-7f29a7,24-11-2024,Ongoing,Basic,41,779.0,9348.0,False,False,False,False,annual,True
2882,S-8985d3,A-016043,02-12-2024,Ongoing,Basic,26,494.0,5928.0,False,False,False,False,monthly,False
2883,S-9bf1a0,A-3932db,06-03-2024,Ongoing,Basic,41,779.0,9348.0,False,False,False,False,monthly,True
2884,S-4571b1,A-df1e44,28-06-2024,Ongoing,Basic,12,228.0,2736.0,False,False,False,False,annual,False
2885,S-1b4be3,A-b44e3e,15-04-2024,Ongoing,Pro,40,1960.0,23520.0,False,True,False,False,annual,True
2886,S-ab37ae,A-f92792,11-09-2024,Ongoing,Basic,6,0.0,0.0,True,False,False,False,monthly,True
2887,S-c23126,A-a45270,31-10-2024,Ongoing,Enterprise,11,2189.0,26268.0,False,False,False,False,annual,False
2888,S-150930,A-592832,26-09-2024,Ongoing,Enterprise,42,8358.0,100296.0,False,False,False,False,monthly,False
2889,S-7dcec3,A-c37601,17-12-2024,29-12-2024,Enterprise,15,2985.0,35820.0,False,False,False,True,annual,True
2890,S-88338a,A-503d5a,19-12-2024,Ongoing,Enterprise,56,11144.0,133728.0,False,False,False,False,annual,False
2891,S-869430,A-9affe6,16-02-2024,Ongoing,Pro,29,1421.0,17052.0,False,False,False,False,monthly,True
2892,S-5e6790,A-ba6516,17-03-2024,Ongoing,Pro,27,1323.0,15876.0,False,False,False,False,monthly,False
2893,S-55ef07,A-94f8c9,11-08-2024,Ongoing,Enterprise,13,2587.0,31044.0,False,False,False,False,annual,True
2894,S-8cc2e2,A-4437e4,12-02-2024,Ongoing,Pro,27,1323.0,15876.0,False,False,False,False,monthly,True
2895,S-f71bb0,A-e51ec7,18-04-2024,Ongoing,Enterprise,2,398.0,4776.0,False,True,False,False,annual,False
2896,S-cb7ea9,A-51ec1b,01-04-2024,Ongoing,Enterprise,7,1393.0,16716.0,False,True,True,False,monthly,True
2897,S-9c06f8,A-692f18,05-04-2024,Ongoing,Pro,19,931.0,11172.0,False,False,False,False,annual,True
2898,S-637b20,A-ac9111,18-02-2024,Ongoing,Enterprise,56,0.0,0.0,True,False,False,False,monthly,True
2899,S-0b46b0,A-de24d5,19-11-2024,Ongoing,Enterprise,7,1393.0,16716.0,False,False,False,False,monthly,True
2900,S-071ade,A-aa9511,07-11-2024,Ongoing,Basic,23,437.0,5244.0,False,False,True,False,annual,True
2901,S-08a5fd,A-b9eed8,24-10-2024,Ongoing,Enterprise,34,6766.0,81192.0,False,False,False,False,monthly,True
2902,S-acf8ce,A-78f02b,06-12-2024,Ongoing,Pro,179,8771.0,105252.0,False,False,False,False,monthly,False
2903,S-104941,A-fdfc91,30-07-2023,Ongoing,Basic,29,551.0,6612.0,False,True,False,False,monthly,True
2904,S-a91e0c,A-22f2df,29-12-2024,Ongoing,Enterprise,5,995.0,11940.0,False,False,True,False,monthly,True
2905,S-115423,A-7f8241,05-08-2023,Ongoing,Pro,34,1666.0,19992.0,False,False,False,False,annual,True
2906,S-6ef81d,A-0b0d6d,30-12-2024,31-12-2024,Basic,25,475.0,5700.0,False,False,False,True,annual,True
2907,S-fe25ff,A-410e86,29-11-2024,Ongoing,Enterprise,24,4776.0,57312.0,False,False,False,False,annual,True
2908,S-c3d2f9,A-1d5444,04-04-2024,Ongoing,Basic,24,456.0,5472.0,False,False,False,False,annual,True
2909,S-decbf7,A-a33200,26-11-2024,Ongoing,Enterprise,29,5771.0,69252.0,False,False,False,False,annual,False
2910,S-ae4310,A-5790f4,22-12-2024,Ongoing,Pro,20,0.0,0.0,True,False,False,False,monthly,True
2911,S-9e8ce0,A-7f29a7,28-11-2024,Ongoing,Pro,41,2009.0,24108.0,False,False,False,False,annual,True
2912,S-6d51c5,A-2f6a32,25-10-2024,Ongoing,Pro,23,1127.0,13524.0,False,False,False,False,annual,True
2913,S-c0127d,A-5c9849,03-12-2024,Ongoing,Enterprise,19,0.0,0.0,True,False,False,False,monthly,True
2914,S-9b08ae,A-ccabf0,29-12-2023,Ongoing,Pro,21,1029.0,12348.0,False,False,False,False,monthly,True
2915,S-26836c,A-4437e4,20-11-2023,Ongoing,Basic,9,0.0,0.0,True,False,False,False,monthly,True
2916,S-a603dd,A-560d27,12-11-2024,Ongoing,Basic,23,437.0,5244.0,False,False,False,False,monthly,True
2917,S-94b283,A-186a44,28-10-2024,Ongoing,Basic,20,0.0,0.0,True,False,False,False,monthly,True
2918,S-f7b517,A-427b69,09-12-2024,Ongoing,Pro,17,0.0,0.0,True,False,False,False,monthly,True
2919,S-09c1df,A-b7724f,15-09-2024,02-10-2024,Pro,1,49.0,588.0,False,False,False,True,annual,True
2920,S-50aaaa,A-af0cd2,12-01-2023,Ongoing,Pro,19,931.0,11172.0,False,False,False,False,monthly,True
2921,S-fbee8e,A-8ed5dd,25-04-2024,Ongoing,Enterprise,5,995.0,11940.0,False,True,False,False,annual,True
2922,S-7e145e,A-0b0d6d,31-12-2024,Ongoing,Enterprise,52,10348.0,124176.0,False,False,False,False,annual,True
2923,S-0e12c9,A-bcf87c,10-12-2024,Ongoing,Basic,51,0.0,0.0,True,False,False,False,monthly,True
2924,S-4f3461,A-b78bf8,18-12-2024,Ongoing,Enterprise,33,0.0,0.0,True,False,False,False,monthly,True
2925,S-56886a,A-e19ff6,11-08-2024,Ongoing,Enterprise,3,0.0,0.0,True,False,False,False,annual,False
2926,S-fd0d21,A-2446e3,02-09-2024,Ongoing,Basic,27,0.0,0.0,True,False,False,False,annual,False
2927,S-f0081e,A-b7ef83,06-12-2024,10-12-2024,Enterprise,45,8955.0,107460.0,False,False,False,True,monthly,True
2928,S-cf30e2,A-2789e3,14-12-2024,Ongoing,Pro,11,0.0,0.0,True,False,False,False,monthly,True
2929,S-3c9178,A-17939a,29-12-2024,Ongoing,Basic,11,209.0,2508.0,False,False,False,False,monthly,False
2930,S-86a4e3,A-e693b6,01-08-2023,Ongoing,Basic,55,1045.0,12540.0,False,False,False,False,annual,True
2931,S-27514e,A-3f9cc0,21-07-2024,Ongoing,Basic,22,418.0,5016.0,False,False,True,False,monthly,True
2932,S-aea1bf,A-d49cc5,10-05-2024,Ongoing,Pro,50,2450.0,29400.0,False,False,False,False,monthly,True
2933,S-41128b,A-45ce7a,13-11-2024,Ongoing,Enterprise,16,3184.0,38208.0,False,False,False,False,monthly,True
2934,S-a80c62,A-bad8c1,22-02-2024,Ongoing,Enterprise,12,2388.0,28656.0,False,True,False,False,monthly,True
2935,S-d7497b,A-39b19f,07-11-2024,Ongoing,Basic,13,247.0,2964.0,False,False,False,False,monthly,True
2936,S-0e7e70,A-50f3f7,15-05-2024,Ongoing,Pro,31,1519.0,18228.0,False,False,False,False,annual,True
2937,S-2f0815,A-22d9d2,14-10-2024,Ongoing,Pro,8,392.0,4704.0,False,False,False,False,monthly,True
2938,S-06770c,A-1b7577,15-11-2024,Ongoing,Basic,81,1539.0,18468.0,False,False,False,False,monthly,True
2939,S-a525b3,A-df10db,05-12-2023,Ongoing,Pro,7,343.0,4116.0,False,True,False,False,monthly,False
2940,S-f030d4,A-7e0a10,30-12-2024,Ongoing,Enterprise,70,13930.0,167160.0,False,False,False,False,annual,True
2941,S-b83d8d,A-86902e,11-12-2024,Ongoing,Enterprise,34,6766.0,81192.0,False,False,False,False,annual,True
2942,S-e78c09,A-b9f5b1,15-10-2024,Ongoing,Enterprise,15,2985.0,35820.0,False,False,False,False,annual,True
2943,S-19465f,A-039727,12-11-2024,Ongoing,Basic,25,475.0,5700.0,False,False,False,False,monthly,True
2944,S-b45bc6,A-425e76,18-08-2023,01-11-2023,Enterprise,32,6368.0,76416.0,False,False,False,True,monthly,True
2945,S-35ff7e,A-271f46,09-06-2024,Ongoing,Basic,38,722.0,8664.0,False,False,False,False,annual,True
2946,S-f932c0,A-1b7577,02-11-2024,Ongoing,Basic,14,0.0,0.0,True,False,False,False,annual,True
2947,S-c58b17,A-e1462e,07-07-2024,Ongoing,Pro,46,2254.0,27048.0,False,False,False,False,annual,True
2948,S-b32a70,A-3ce5b8,30-09-2024,Ongoing,Basic,8,152.0,1824.0,False,False,False,False,monthly,True
2949,S-e3dff3,A-e98302,14-07-2024,Ongoing,Pro,23,1127.0,13524.0,False,False,False,False,annual,True
2950,S-2b2fa8,A-ed510f,16-05-2024,Ongoing,Pro,42,2058.0,24696.0,False,True,False,False,annual,True
2951,S-6b3ac8,A-7641d3,03-08-2024,Ongoing,Pro,61,2989.0,35868.0,False,False,True,False,monthly,True
2952,S-e964b6,A-bcbe98,30-12-2024,Ongoing,Basic,46,874.0,10488.0,False,False,False,False,monthly,True
2953,S-6c1ca6,A-e1b9cd,05-12-2024,Ongoing,Pro,40,1960.0,23520.0,False,False,False,False,monthly,False
2954,S-ce887e,A-cd458b,04-10-2024,Ongoing,Enterprise,10,1990.0,23880.0,False,False,False,False,annual,True
2955,S-95c2e3,A-86cdb4,19-12-2024,Ongoing,Pro,8,392.0,4704.0,False,False,False,False,monthly,True
2956,S-f55146,A-417d2f,21-09-2024,Ongoing,Enterprise,14,0.0,0.0,True,False,False,False,annual,True
2957,S-04ec2f,A-faa28c,11-02-2024,Ongoing,Pro,48,2352.0,28224.0,False,False,False,False,annual,True
2958,S-89a8a2,A-72799b,21-10-2024,Ongoing,Pro,61,2989.0,35868.0,False,False,False,False,annual,True
2959,S-ac8fd3,A-484819,13-11-2024,Ongoing,Enterprise,18,3582.0,42984.0,False,True,False,False,monthly,True
2960,S-70addb,A-692f18,05-10-2024,Ongoing,Basic,10,190.0,2280.0,False,False,False,False,monthly,False
2961,S-1261fb,A-fd7ad3,29-11-2024,Ongoing,Pro,1,49.0,588.0,False,False,False,False,monthly,False
2962,S-561d54,A-0a282f,10-11-2024,Ongoing,Pro,1,49.0,588.0,False,False,False,False,annual,True
2963,S-f6f848,A-c37601,28-12-2024,Ongoing,Pro,6,294.0,3528.0,False,False,False,False,annual,True
2964,S-c021c2,A-bd4708,24-07-2024,Ongoing,Enterprise,37,7363.0,88356.0,False,False,False,False,annual,True
2965,S-b91501,A-ce66f8,19-07-2024,Ongoing,Pro,29,1421.0,17052.0,False,False,False,False,annual,True
2966,S-d507da,A-aa9511,01-11-2023,Ongoing,Enterprise,23,4577.0,54924.0,False,False,False,False,annual,True
2967,S-6bf118,A-50f3f7,06-11-2024,Ongoing,Basic,117,2223.0,26676.0,False,False,False,False,monthly,True
2968,S-f2f40c,A-7f4db3,29-06-2024,Ongoing,Enterprise,45,8955.0,107460.0,False,False,False,False,annual,True
2969,S-a9bfe0,A-4bfa33,12-12-2024,29-12-2024,Pro,9,441.0,5292.0,False,False,False,True,monthly,False
2970,S-96bb5c,A-832ec2,26-05-2024,Ongoing,Basic,12,228.0,2736.0,False,True,False,False,monthly,False
2971,S-fd12a3,A-ed510f,17-07-2023,09-10-2023,Basic,42,798.0,9576.0,False,False,False,True,annual,False
2972,S-7e5af5,A-1d5444,19-03-2024,Ongoing,Basic,24,456.0,5472.0,False,False,False,False,annual,True
2973,S-3a5c75,A-a8d89d,05-12-2024,Ongoing,Basic,17,323.0,3876.0,False,False,False,False,annual,True
2974,S-211bc2,A-3b5cd1,24-11-2024,Ongoing,Enterprise,13,2587.0,31044.0,False,False,False,False,annual,False
2975,S-1f5faf,A-34ea2f,03-10-2024,20-12-2024,Enterprise,8,0.0,0.0,True,False,False,True,monthly,False
2976,S-54b286,A-0532a9,20-12-2024,Ongoing,Pro,26,1274.0,15288.0,False,True,False,False,monthly,False
2977,S-8cfc1b,A-798a3f,14-08-2024,Ongoing,Enterprise,26,5174.0,62088.0,False,False,False,False,annual,True
2978,S-3c3a3e,A-0baac2,02-06-2024,13-09-2024,Enterprise,29,5771.0,69252.0,False,False,False,True,annual,True
2979,S-d735d1,A-0f3e88,23-09-2023,Ongoing,Basic,24,456.0,5472.0,False,False,False,False,monthly,True
2980,S-87b9f7,A-39868b,28-11-2024,Ongoing,Basic,17,0.0,0.0,True,False,False,False,annual,False
2981,S-bfc2c2,A-7f8241,06-09-2023,Ongoing,Pro,34,1666.0,19992.0,False,False,False,False,monthly,True
2982,S-d19da0,A-7da956,04-11-2024,Ongoing,Basic,13,247.0,2964.0,False,False,False,False,annual,True
2983,S-683e1e,A-91e948,09-11-2024,Ongoing,Enterprise,41,8159.0,97908.0,False,False,False,False,monthly,True
2984,S-b38152,A-f97b9a,14-04-2024,Ongoing,Enterprise,30,5970.0,71640.0,False,False,False,False,annual,True
2985,S-5f4cc6,A-378b99,14-10-2024,Ongoing,Pro,16,0.0,0.0,True,False,False,False,monthly,True
2986,S-0fa88d,A-54ecc2,27-09-2024,Ongoing,Basic,6,114.0,1368.0,False,False,False,False,monthly,True
2987,S-0d4d11,A-d77f4c,10-11-2023,Ongoing,Basic,41,0.0,0.0,True,False,True,False,monthly,True
2988,S-21393c,A-65a46c,14-04-2024,Ongoing,Enterprise,9,1791.0,21492.0,False,True,False,False,monthly,True
2989,S-cdde2b,A-c7ffc2,19-07-2023,Ongoing,Basic,30,570.0,6840.0,False,True,False,False,monthly,False
2990,S-965b1c,A-a8d89d,16-06-2024,Ongoing,Pro,14,686.0,8232.0,False,False,False,False,monthly,True
2991,S-b4dd00,A-4c56c9,24-12-2024,Ongoing,Basic,52,988.0,11856.0,False,False,False,False,annual,True
2992,S-c284ce,A-0f3e88,03-02-2024,Ongoing,Enterprise,11,2189.0,26268.0,False,False,False,False,monthly,True
2993,S-4d260c,A-d5a319,27-06-2023,Ongoing,Pro,15,0.0,0.0,True,False,False,False,annual,True
2994,S-d9821f,A-faa28c,20-06-2024,Ongoing,Basic,48,912.0,10944.0,False,False,False,False,annual,True
2995,S-dd8371,A-fa2041,25-07-2024,Ongoing,Basic,15,285.0,3420.0,False,False,False,False,annual,True
2996,S-7ab68f,A-bcbe98,18-09-2024,Ongoing,Basic,46,0.0,0.0,True,False,False,False,annual,True
2997,S-c619d6,A-ae052e,02-09-2024,Ongoing,Pro,39,1911.0,22932.0,False,False,False,False,annual,True
2998,S-4e00a0,A-eb7c38,01-11-2024,Ongoing,Pro,14,686.0,8232.0,False,False,False,False,annual,True
2999,S-a0af0a,A-e60f9d,19-12-2024,Ongoing,Enterprise,29,5771.0,69252.0,False,False,False,False,monthly,True
3000,S-a67e83,A-c4ea60,28-10-2024,Ongoing,Pro,18,882.0,10584.0,False,False,False,False,monthly,True
3001,S-9c735f,A-d49cc5,06-07-2024,Ongoing,Basic,50,950.0,11400.0,False,False,False,False,annual,True
3002,S-4970c1,A-56962b,03-09-2024,Ongoing,Basic,163,3097.0,37164.0,False,False,False,False,annual,True
3003,S-a46dd4,A-5a215a,18-09-2024,Ongoing,Enterprise,87,17313.0,207756.0,False,False,False,False,annual,True
3004,S-96ead2,A-6a4e2d,13-09-2024,Ongoing,Basic,26,494.0,5928.0,False,False,False,False,annual,True
3005,S-4d8633,A-e83938,17-07-2024,Ongoing,Pro,31,1519.0,18228.0,False,False,False,False,monthly,True
3006,S-788739,A-700ade,07-11-2024,Ongoing,Enterprise,13,2587.0,31044.0,False,False,False,False,monthly,True
3007,S-0380a3,A-922109,06-04-2024,Ongoing,Pro,3,147.0,1764.0,False,False,False,False,annual,True
3008,S-e8eb5c,A-dfbd31,17-09-2024,Ongoing,Pro,43,2107.0,25284.0,False,True,False,False,monthly,True
3009,S-cb100e,A-ff79f2,21-10-2024,Ongoing,Basic,53,1007.0,12084.0,False,True,False,False,annual,True
3010,S-c26c22,A-dec005,17-10-2023,Ongoing,Basic,21,0.0,0.0,True,False,False,False,annual,False
3011,S-1cf9b0,A-922109,15-07-2024,27-12-2024,Pro,9,441.0,5292.0,False,False,False,True,monthly,False
3012,S-26bf58,A-65a46c,05-05-2024,Ongoing,Pro,37,1813.0,21756.0,False,False,False,False,monthly,True
3013,S-106bf6,A-09540c,04-08-2024,Ongoing,Basic,67,1273.0,15276.0,False,False,False,False,monthly,True
3014,S-511e50,A-3c1a3f,13-10-2024,Ongoing,Enterprise,1,199.0,2388.0,False,False,False,False,annual,True
3015,S-69b070,A-a6d261,18-09-2024,Ongoing,Enterprise,27,5373.0,64476.0,False,True,False,False,annual,True
3016,S-648397,A-5fe118,02-12-2024,Ongoing,Pro,123,6027.0,72324.0,False,False,False,False,monthly,True
3017,S-3ceff3,A-029f69,14-09-2024,Ongoing,Enterprise,15,2985.0,35820.0,False,False,False,False,annual,True
3018,S-3d8c2f,A-51ec1b,20-10-2024,27-11-2024,Pro,23,1127.0,13524.0,False,True,True,True,monthly,True
3019,S-1be5a9,A-d26ab4,21-11-2024,Ongoing,Enterprise,27,5373.0,64476.0,False,False,False,False,monthly,True
3020,S-507731,A-e43bf7,02-06-2024,Ongoing,Pro,44,2156.0,25872.0,False,False,False,False,annual,True
3021,S-04b127,A-a6d261,13-12-2023,Ongoing,Basic,9,171.0,2052.0,False,False,False,False,monthly,True
3022,S-e27e43,A-700ade,19-11-2024,Ongoing,Enterprise,48,9552.0,114624.0,False,False,False,False,monthly,True
3023,S-b099ea,A-ac9111,21-12-2024,Ongoing,Enterprise,21,4179.0,50148.0,False,False,False,False,monthly,True
3024,S-dcc084,A-526d93,01-10-2024,Ongoing,Basic,43,817.0,9804.0,False,False,False,False,monthly,True
3025,S-165850,A-d5a319,25-09-2023,Ongoing,Pro,15,735.0,8820.0,False,False,False,False,annual,True
3026,S-367d84,A-68f37c,31-12-2023,Ongoing,Pro,11,539.0,6468.0,False,False,False,False,monthly,True
3027,S-db7c1d,A-4814a3,05-10-2024,Ongoing,Basic,87,1653.0,19836.0,False,False,False,False,monthly,True
3028,S-303f63,A-ba6516,03-04-2024,Ongoing,Basic,27,513.0,6156.0,False,False,False,False,monthly,True
3029,S-f2b79f,A-65aeb5,08-05-2024,Ongoing,Pro,9,441.0,5292.0,False,False,True,False,monthly,False
3030,S-806d7b,A-cb5333,29-07-2024,Ongoing,Basic,37,703.0,8436.0,False,False,False,False,annual,True
3031,S-04fd47,A-0a282f,27-10-2024,Ongoing,Basic,12,228.0,2736.0,False,False,False,False,annual,True
3032,S-cc9b9d,A-94f8c9,25-11-2024,Ongoing,Enterprise,13,2587.0,31044.0,False,False,False,False,annual,True
3033,S-76bf6c,A-1f559b,21-12-2023,Ongoing,Pro,5,245.0,2940.0,False,False,False,False,annual,True
3034,S-46852c,A-58b9ff,26-09-2024,Ongoing,Enterprise,76,15124.0,181488.0,False,False,False,False,monthly,True
3035,S-9a0b2f,A-756192,17-09-2023,Ongoing,Pro,19,0.0,0.0,True,True,False,False,monthly,True
3036,S-06447b,A-17939a,27-12-2024,Ongoing,Pro,1,49.0,588.0,False,False,False,False,annual,True
3037,S-c6e62c,A-a09355,21-10-2024,Ongoing,Enterprise,14,2786.0,33432.0,False,False,False,False,annual,True
3038,S-b5162d,A-202b67,09-10-2024,Ongoing,Enterprise,29,5771.0,69252.0,False,False,False,False,monthly,True
3039,S-e98121,A-56962b,15-12-2024,Ongoing,Enterprise,163,32437.0,389244.0,False,False,False,False,monthly,True
3040,S-2852dd,A-e51ec7,19-12-2024,Ongoing,Enterprise,10,1990.0,23880.0,False,False,False,False,monthly,True
3041,S-128f55,A-751c58,16-09-2024,Ongoing,Pro,45,2205.0,26460.0,False,False,False,False,annual,True
3042,S-615487,A-fa3095,16-05-2024,Ongoing,Basic,70,1330.0,15960.0,False,False,False,False,annual,True
3043,S-c95ecc,A-bb1eaa,30-06-2024,Ongoing,Enterprise,21,4179.0,50148.0,False,False,False,False,monthly,True
3044,S-a2ee32,A-2922b6,15-12-2024,Ongoing,Basic,15,285.0,3420.0,False,False,False,False,monthly,True
3045,S-8eab5b,A-2e3bad,14-01-2024,01-03-2024,Pro,61,2989.0,35868.0,False,False,False,True,annual,True
3046,S-3223a2,A-13466a,20-09-2024,Ongoing,Basic,9,171.0,2052.0,False,False,False,False,annual,True
3047,S-b81ed3,A-ee42db,10-02-2024,Ongoing,Pro,13,0.0,0.0,True,False,False,False,annual,True
3048,S-d031a4,A-cdf020,09-10-2024,Ongoing,Pro,44,2156.0,25872.0,False,False,False,False,monthly,True
3049,S-5a2a05,A-9f9299,04-04-2024,Ongoing,Basic,28,532.0,6384.0,False,False,False,False,monthly,True
3050,S-aa3dd4,A-aa9511,23-09-2024,Ongoing,Enterprise,58,0.0,0.0,True,False,False,False,monthly,True
3051,S-cfcb11,A-b3fe05,20-12-2024,Ongoing,Basic,19,0.0,0.0,True,False,False,False,annual,False
3052,S-a5a9b8,A-94c3cd,29-09-2024,Ongoing,Basic,45,855.0,10260.0,False,False,False,False,annual,False
3053,S-b559da,A-e19ff6,09-08-2023,Ongoing,Basic,8,152.0,1824.0,False,False,False,False,annual,True
3054,S-43c80c,A-118d55,25-12-2024,Ongoing,Pro,12,588.0,7056.0,False,False,False,False,annual,True
3055,S-5d5699,A-1b9609,16-06-2024,Ongoing,Enterprise,35,6965.0,83580.0,False,False,False,False,annual,True
3056,S-e44044,A-eb2fdc,19-12-2024,Ongoing,Basic,31,589.0,7068.0,False,False,False,False,annual,True
3057,S-83f2e5,A-e1462e,01-12-2023,Ongoing,Enterprise,29,5771.0,69252.0,False,True,False,False,monthly,True
3058,S-ba3fc7,A-dcc2f0,25-10-2024,Ongoing,Enterprise,15,2985.0,35820.0,False,False,False,False,annual,True
3059,S-b51d34,A-2d1036,13-10-2024,24-11-2024,Enterprise,69,13731.0,164772.0,False,False,False,True,annual,True
3060,S-8a3abd,A-6f8ad2,23-08-2024,Ongoing,Pro,26,1274.0,15288.0,False,False,False,False,annual,True
3061,S-f677d3,A-dec005,22-09-2024,Ongoing,Basic,21,399.0,4788.0,False,False,False,False,monthly,True
3062,S-e7e4bd,A-1f0ac7,15-02-2024,Ongoing,Enterprise,24,4776.0,57312.0,False,False,False,False,annual,True
3063,S-1c23d2,A-186a44,14-11-2024,Ongoing,Pro,20,0.0,0.0,True,False,False,False,monthly,True
3064,S-22778a,A-328bd0,28-02-2024,Ongoing,Basic,18,342.0,4104.0,False,False,False,False,monthly,False
3065,S-c3b622,A-82d8a6,29-12-2024,Ongoing,Pro,5,0.0,0.0,True,True,False,False,annual,True
3066,S-33598f,A-32fb14,09-11-2024,Ongoing,Enterprise,26,5174.0,62088.0,False,False,False,False,annual,True
3067,S-32e881,A-029f69,10-10-2024,16-11-2024,Pro,3,0.0,0.0,True,False,False,True,monthly,True
3068,S-0b054a,A-4e960a,01-06-2024,Ongoing,Basic,40,760.0,9120.0,False,False,False,False,annual,True
3069,S-71c55a,A-296d7c,08-06-2024,Ongoing,Basic,2,38.0,456.0,False,False,False,False,annual,False
3070,S-269b4a,A-5b1bcd,15-02-2024,Ongoing,Enterprise,73,14527.0,174324.0,False,False,False,False,monthly,True
3071,S-93592e,A-202b67,18-05-2024,Ongoing,Pro,61,2989.0,35868.0,False,False,False,False,monthly,True
3072,S-bba658,A-e4bf56,17-12-2024,Ongoing,Basic,17,323.0,3876.0,False,False,False,False,monthly,False
3073,S-073381,A-2bc93d,11-09-2024,27-09-2024,Basic,14,266.0,3192.0,False,False,False,True,monthly,False
3074,S-c0820a,A-6a7c9d,26-12-2024,Ongoing,Pro,26,1274.0,15288.0,False,False,False,False,annual,True
3075,S-dd73ac,A-39b19f,17-05-2024,Ongoing,Enterprise,14,2786.0,33432.0,False,False,False,False,monthly,False
3076,S-e32b16,A-d77f4c,20-11-2024,Ongoing,Enterprise,29,5771.0,69252.0,False,False,False,False,annual,True
3077,S-070d42,A-684255,23-05-2024,Ongoing,Pro,23,1127.0,13524.0,False,True,False,False,annual,True
3078,S-396546,A-832ec2,02-02-2024,Ongoing,Enterprise,19,3781.0,45372.0,False,False,False,False,monthly,False
3079,S-c22c29,A-692f18,15-12-2024,17-12-2024,Enterprise,28,5572.0,66864.0,False,False,False,True,annual,True
3080,S-e73cdf,A-b7ef83,08-11-2024,Ongoing,Enterprise,44,8756.0,105072.0,False,False,False,False,annual,False
3081,S-1976bb,A-eb2fdc,13-06-2024,Ongoing,Basic,31,589.0,7068.0,False,False,False,False,monthly,True
3082,S-3f08d7,A-d792a6,13-10-2023,Ongoing,Enterprise,4,796.0,9552.0,False,False,True,False,monthly,True
3083,S-db6454,A-0f3e88,08-10-2024,Ongoing,Basic,11,209.0,2508.0,False,False,False,False,monthly,True
3084,S-6ab430,A-b07b56,24-11-2024,Ongoing,Pro,25,1225.0,14700.0,False,False,False,False,monthly,True
3085,S-04d260,A-d82ef9,14-07-2024,Ongoing,Pro,26,0.0,0.0,True,False,False,False,annual,False
3086,S-77f7fd,A-425e76,06-08-2024,Ongoing,Pro,27,1323.0,15876.0,False,False,False,False,monthly,True
3087,S-456d47,A-7da956,08-10-2024,Ongoing,Enterprise,13,2587.0,31044.0,False,False,False,False,monthly,True
3088,S-9780e9,A-dcc2f0,02-09-2024,Ongoing,Basic,15,0.0,0.0,True,False,False,False,annual,True
3089,S-e477e9,A-c16101,06-09-2024,Ongoing,Pro,7,343.0,4116.0,False,False,False,False,monthly,True
3090,S-020dce,A-10b8da,05-07-2024,Ongoing,Enterprise,14,2786.0,33432.0,False,False,False,False,monthly,False
3091,S-ae6295,A-50f3f7,06-05-2024,Ongoing,Pro,31,1519.0,18228.0,False,False,True,False,annual,True
3092,S-067c38,A-3b5cd1,03-01-2024,Ongoing,Basic,16,304.0,3648.0,False,False,False,False,monthly,True
3093,S-0aedf8,A-a7bd4b,13-01-2024,Ongoing,Basic,48,912.0,10944.0,False,False,False,False,monthly,True
3094,S-8bb388,A-883b7d,22-08-2024,Ongoing,Enterprise,50,9950.0,119400.0,False,False,False,False,annual,True
3095,S-e8d48e,A-2edab2,19-06-2024,Ongoing,Enterprise,17,3383.0,40596.0,False,False,False,False,annual,True
3096,S-2d63e2,A-4e960a,03-08-2024,Ongoing,Pro,12,588.0,7056.0,False,False,False,False,monthly,True
3097,S-4695b8,A-ad64c6,15-08-2024,11-11-2024,Pro,12,588.0,7056.0,False,False,False,True,annual,True
3098,S-2e84f2,A-ee42db,10-08-2024,Ongoing,Enterprise,13,2587.0,31044.0,False,False,False,False,annual,True
3099,S-9de4eb,A-039727,06-12-2024,Ongoing,Enterprise,25,4975.0,59700.0,False,False,False,False,monthly,True
3100,S-6100a4,A-b30291,21-10-2024,Ongoing,Pro,47,0.0,0.0,True,False,False,False,annual,True
3101,S-18565e,A-463db0,26-12-2024,Ongoing,Enterprise,42,8358.0,100296.0,False,False,False,False,monthly,False
3102,S-012b26,A-df1e44,29-10-2024,Ongoing,Enterprise,13,2587.0,31044.0,False,False,False,False,annual,True
3103,S-7b7e04,A-7f8241,12-10-2023,Ongoing,Enterprise,34,6766.0,81192.0,False,False,False,False,annual,True
3104,S-896e2f,A-712426,28-11-2024,Ongoing,Pro,18,882.0,10584.0,False,True,False,False,annual,True
3105,S-f482de,A-cdf020,11-04-2024,Ongoing,Basic,23,0.0,0.0,True,False,False,False,monthly,True
3106,S-140813,A-2b9d3e,21-11-2023,Ongoing,Enterprise,5,995.0,11940.0,False,False,False,False,annual,True
3107,S-a7524a,A-54ecc2,25-08-2024,Ongoing,Pro,13,637.0,7644.0,False,False,False,False,monthly,True
3108,S-2fc028,A-3b37d9,13-11-2023,27-11-2024,Enterprise,23,4577.0,54924.0,False,True,False,True,annual,True
3109,S-606747,A-65aeb5,04-08-2024,Ongoing,Enterprise,9,1791.0,21492.0,False,False,False,False,monthly,True
3110,S-92a38d,A-779e4e,14-09-2024,Ongoing,Basic,19,361.0,4332.0,False,False,False,False,monthly,True
3111,S-c89bff,A-68f37c,23-02-2024,Ongoing,Basic,12,228.0,2736.0,False,False,False,False,monthly,True
3112,S-3d5e0c,A-b07b56,26-11-2024,Ongoing,Basic,25,0.0,0.0,True,False,False,False,monthly,True
3113,S-2359a2,A-c7ffc2,12-03-2024,Ongoing,Enterprise,30,5970.0,71640.0,False,False,False,False,annual,False
3114,S-63c794,A-158f4e,11-10-2023,Ongoing,Pro,61,2989.0,35868.0,False,False,False,False,annual,True
3115,S-87ebe6,A-d27f50,20-10-2024,Ongoing,Enterprise,44,8756.0,105072.0,False,False,False,False,monthly,False
3116,S-12c163,A-bb3bd4,16-12-2024,Ongoing,Enterprise,23,0.0,0.0,True,False,False,False,annual,True
3117,S-684915,A-bd4708,05-12-2024,Ongoing,Enterprise,37,0.0,0.0,True,False,False,False,annual,True
3118,S-6b7487,A-e61e98,13-05-2024,Ongoing,Pro,19,931.0,11172.0,False,True,False,False,annual,True
3119,S-911e27,A-4c6f11,14-07-2024,Ongoing,Basic,35,665.0,7980.0,False,False,False,False,monthly,False
3120,S-a0a358,A-af0cd2,25-10-2023,Ongoing,Basic,19,361.0,4332.0,False,False,False,False,annual,True
3121,S-373490,A-756192,28-09-2024,Ongoing,Enterprise,19,0.0,0.0,True,False,False,False,monthly,True
3122,S-94aaef,A-098560,10-12-2023,Ongoing,Pro,35,1715.0,20580.0,False,True,False,False,annual,False
3123,S-ea66df,A-712533,01-10-2024,Ongoing,Pro,36,1764.0,21168.0,False,False,False,False,monthly,True
3124,S-2176da,A-cbd1a3,26-11-2024,Ongoing,Enterprise,18,3582.0,42984.0,False,False,False,False,monthly,True
3125,S-a64940,A-2922b6,23-12-2024,Ongoing,Enterprise,35,6965.0,83580.0,False,False,False,False,monthly,True
3126,S-289702,A-00bed1,01-09-2024,Ongoing,Enterprise,28,5572.0,66864.0,False,False,False,False,annual,False
3127,S-30fa6f,A-e1b9cd,21-03-2023,04-12-2024,Pro,40,1960.0,23520.0,False,False,False,True,monthly,True
3128,S-65bb33,A-157070,26-08-2024,Ongoing,Enterprise,16,3184.0,38208.0,False,False,False,False,annual,False
3129,S-5d434f,A-82861f,18-05-2024,Ongoing,Pro,41,2009.0,24108.0,False,False,False,False,monthly,True
3130,S-9ea111,A-0354fe,10-12-2024,Ongoing,Enterprise,34,6766.0,81192.0,False,False,False,False,monthly,False
3131,S-46526e,A-39ddf4,10-12-2024,Ongoing,Pro,44,2156.0,25872.0,False,False,False,False,annual,False
3132,S-f713a1,A-cb5333,26-07-2024,Ongoing,Basic,33,627.0,7524.0,False,False,False,False,annual,True
3133,S-5a5338,A-5ed98d,21-12-2024,Ongoing,Basic,38,0.0,0.0,True,False,False,False,annual,True
3134,S-a94ec7,A-f92792,17-09-2024,Ongoing,Basic,18,342.0,4104.0,False,False,False,False,monthly,False
3135,S-f9e5e9,A-f19409,27-10-2024,Ongoing,Pro,23,1127.0,13524.0,False,False,False,False,annual,True
3136,S-8486d2,A-7df7a7,28-12-2024,Ongoing,Enterprise,30,5970.0,71640.0,False,False,False,False,annual,True
3137,S-b479cd,A-f17767,30-07-2023,Ongoing,Pro,9,441.0,5292.0,False,False,False,False,monthly,True
3138,S-a5d1e3,A-e19ff6,01-07-2024,Ongoing,Basic,18,342.0,4104.0,False,False,False,False,monthly,True
3139,S-c1eb68,A-81edc3,02-11-2024,Ongoing,Basic,32,608.0,7296.0,False,True,False,False,monthly,False
3140,S-f429e0,A-b44e3e,28-02-2024,Ongoing,Enterprise,79,15721.0,188652.0,False,True,False,False,annual,True
3141,S-0ed0cb,A-cc102e,11-12-2024,Ongoing,Pro,13,0.0,0.0,True,False,False,False,monthly,True
3142,S-0c43c2,A-0f6450,30-12-2024,Ongoing,Pro,28,1372.0,16464.0,False,False,False,False,monthly,False
3143,S-73fc8f,A-0dbdc6,25-10-2024,Ongoing,Enterprise,30,5970.0,71640.0,False,False,False,False,monthly,False
3144,S-4ad7b1,A-3c1a3f,28-04-2024,Ongoing,Enterprise,2,398.0,4776.0,False,False,True,False,monthly,True
3145,S-909b7f,A-eafc6e,16-08-2024,Ongoing,Enterprise,27,5373.0,64476.0,False,False,False,False,monthly,True
3146,S-2de449,A-702032,24-04-2024,Ongoing,Enterprise,28,5572.0,66864.0,False,False,False,False,annual,True
3147,S-7bcd95,A-9123ac,25-10-2023,Ongoing,Basic,9,171.0,2052.0,False,False,False,False,monthly,True
3148,S-3fb251,A-87aa7b,22-07-2024,Ongoing,Enterprise,50,0.0,0.0,True,True,False,False,monthly,False
3149,S-69a807,A-40de06,28-10-2023,Ongoing,Pro,28,1372.0,16464.0,False,False,False,False,annual,True
3150,S-cfaa97,A-c9bb3e,13-09-2024,Ongoing,Basic,26,494.0,5928.0,False,False,False,False,monthly,True
3151,S-0e6b77,A-7c5768,04-11-2024,Ongoing,Basic,50,950.0,11400.0,False,False,False,False,annual,True
3152,S-224bca,A-3b5cd1,27-02-2024,Ongoing,Enterprise,18,3582.0,42984.0,False,False,False,False,monthly,False
3153,S-a68b52,A-e89151,17-12-2024,Ongoing,Enterprise,44,8756.0,105072.0,False,False,False,False,annual,True
3154,S-aabbf4,A-54d94a,06-01-2024,Ongoing,Pro,52,2548.0,30576.0,False,True,False,False,annual,True
3155,S-1cefc9,A-10b8f2,16-12-2024,Ongoing,Pro,48,2352.0,28224.0,False,False,False,False,annual,True
3156,S-61cc6f,A-d4e0d4,14-12-2024,Ongoing,Enterprise,117,23283.0,279396.0,False,True,False,False,annual,True
3157,S-3b7f8e,A-625d0b,07-10-2024,Ongoing,Enterprise,9,1791.0,21492.0,False,False,False,False,monthly,True
3158,S-104ed3,A-855a48,02-03-2024,Ongoing,Basic,14,266.0,3192.0,False,False,False,False,annual,True
3159,S-b86304,A-462d45,07-05-2024,Ongoing,Pro,19,931.0,11172.0,False,False,False,False,annual,True
3160,S-b192d9,A-ffdfd5,09-09-2024,Ongoing,Pro,14,0.0,0.0,True,True,False,False,monthly,True
3161,S-b156cf,A-625d0b,22-11-2024,Ongoing,Pro,9,441.0,5292.0,False,False,False,False,annual,True
3162,S-b859e7,A-ffdfd5,24-11-2024,Ongoing,Enterprise,4,0.0,0.0,True,False,False,False,annual,True
3163,S-4c9107,A-9208f0,19-09-2023,Ongoing,Basic,4,76.0,912.0,False,True,False,False,annual,True
3164,S-57e129,A-b11cd0,17-02-2024,Ongoing,Pro,36,1764.0,21168.0,False,False,False,False,monthly,True
3165,S-79ab7e,A-956988,13-12-2024,22-12-2024,Enterprise,72,0.0,0.0,True,False,False,True,monthly,False
3166,S-8f4f5b,A-7f6b86,30-08-2023,Ongoing,Pro,45,0.0,0.0,True,False,False,False,annual,True
3167,S-2574a3,A-40de06,09-10-2024,Ongoing,Enterprise,28,5572.0,66864.0,False,False,False,False,annual,True
3168,S-f30a79,A-ff3c73,20-10-2024,Ongoing,Basic,21,399.0,4788.0,False,False,False,False,annual,True
3169,S-e702a4,A-78f02b,26-11-2024,Ongoing,Enterprise,18,3582.0,42984.0,False,False,False,False,annual,True
3170,S-5e0619,A-0b0d6d,31-12-2024,Ongoing,Pro,6,294.0,3528.0,False,False,False,False,annual,True
3171,S-4fc5ca,A-712f1c,11-03-2024,Ongoing,Enterprise,75,14925.0,179100.0,False,False,False,False,annual,True
3172,S-457217,A-104f1a,18-12-2024,Ongoing,Pro,24,1176.0,14112.0,False,False,False,False,monthly,True
3173,S-113e86,A-96bbc6,23-05-2024,Ongoing,Pro,39,1911.0,22932.0,False,True,False,False,monthly,True
3174,S-9f479f,A-d5a319,01-12-2023,Ongoing,Basic,17,323.0,3876.0,False,True,False,False,monthly,False
3175,S-3ec165,A-019782,19-08-2023,27-11-2023,Enterprise,16,3184.0,38208.0,False,False,False,True,annual,True
3176,S-7fa78f,A-0651a4,13-12-2024,Ongoing,Enterprise,16,3184.0,38208.0,False,False,False,False,monthly,True
3177,S-1b4693,A-cd458b,23-12-2024,Ongoing,Enterprise,15,2985.0,35820.0,False,False,False,False,monthly,True
3178,S-15c444,A-6965e1,07-12-2024,Ongoing,Pro,13,637.0,7644.0,False,False,True,False,monthly,True
3179,S-d8c6a0,A-af0cd2,05-10-2024,Ongoing,Basic,57,1083.0,12996.0,False,False,False,False,annual,True
3180,S-e874c1,A-92a3af,24-07-2024,Ongoing,Pro,34,1666.0,19992.0,False,False,False,False,monthly,False
3181,S-80fa36,A-55f257,18-01-2024,Ongoing,Pro,9,441.0,5292.0,False,False,False,False,monthly,False
3182,S-5ed335,A-7df7a7,17-10-2023,18-01-2024,Enterprise,13,2587.0,31044.0,False,False,False,True,monthly,True
3183,S-ec56f3,A-92a333,03-07-2024,Ongoing,Basic,67,1273.0,15276.0,False,False,False,False,monthly,True
3184,S-527b39,A-3d957b,18-08-2024,28-10-2024,Enterprise,14,2786.0,33432.0,False,False,False,True,monthly,True
3185,S-bc5908,A-0354fe,15-11-2024,Ongoing,Enterprise,34,6766.0,81192.0,False,False,False,False,monthly,True
3186,S-af4e84,A-798a3f,25-12-2023,Ongoing,Enterprise,12,2388.0,28656.0,False,False,False,False,annual,False
3187,S-6ce794,A-45ce7a,20-02-2024,Ongoing,Basic,18,342.0,4104.0,False,True,False,False,monthly,False
3188,S-f17152,A-7f6b86,16-09-2024,Ongoing,Enterprise,59,11741.0,140892.0,False,False,False,False,annual,True
3189,S-0a59be,A-328bd0,24-08-2023,Ongoing,Enterprise,18,3582.0,42984.0,False,False,False,False,monthly,True
3190,S-6f488b,A-d27f50,29-12-2024,29-12-2024,Basic,44,836.0,10032.0,False,False,False,True,annual,False
3191,S-094e82,A-9ee962,25-05-2024,23-09-2024,Basic,9,171.0,2052.0,False,False,False,True,monthly,True
3192,S-1eb467,A-94f8c9,31-12-2024,Ongoing,Enterprise,13,2587.0,31044.0,False,False,False,False,monthly,True
3193,S-7f9ce5,A-00bed1,20-07-2024,Ongoing,Pro,28,1372.0,16464.0,False,False,False,False,monthly,True
3194,S-69362d,A-a865bd,26-04-2024,Ongoing,Basic,68,1292.0,15504.0,False,False,False,False,annual,True
3195,S-36069b,A-940b8b,26-06-2024,Ongoing,Enterprise,1,199.0,2388.0,False,False,False,False,annual,True
3196,S-d24841,A-2e4581,17-11-2024,Ongoing,Pro,9,0.0,0.0,True,True,False,False,annual,True
3197,S-cd6bb6,A-dbc825,25-11-2024,Ongoing,Basic,19,361.0,4332.0,False,False,False,False,annual,True
3198,S-6a9918,A-92a3af,07-11-2024,Ongoing,Enterprise,35,6965.0,83580.0,False,False,False,False,annual,False
3199,S-549438,A-ac9111,07-07-2024,Ongoing,Pro,23,1127.0,13524.0,False,False,False,False,annual,True
3200,S-f7cde3,A-82d8a6,13-12-2024,Ongoing,Pro,42,2058.0,24696.0,False,False,False,False,annual,False
3201,S-de6767,A-e3bd71,19-10-2024,Ongoing,Enterprise,31,6169.0,74028.0,False,False,False,False,annual,True
3202,S-d3d720,A-b7724f,20-06-2024,30-12-2024,Basic,11,209.0,2508.0,False,False,False,True,monthly,True
3203,S-21b034,A-90a8c8,25-08-2024,Ongoing,Pro,32,1568.0,18816.0,False,False,False,False,annual,True
3204,S-9e6f0c,A-c70870,11-11-2024,Ongoing,Basic,31,589.0,7068.0,False,False,False,False,monthly,True
3205,S-c1316c,A-855a48,30-07-2024,Ongoing,Enterprise,60,11940.0,143280.0,False,False,False,False,annual,True
3206,S-3383a4,A-c37601,29-12-2024,Ongoing,Pro,12,0.0,0.0,True,False,False,False,annual,True
3207,S-d27f96,A-a8d89d,23-11-2024,Ongoing,Enterprise,28,5572.0,66864.0,False,False,False,False,monthly,True
3208,S-5a75eb,A-503d5a,22-11-2024,Ongoing,Basic,10,190.0,2280.0,False,False,False,False,monthly,True
3209,S-fef8bf,A-484819,01-01-2024,Ongoing,Enterprise,18,3582.0,42984.0,False,False,False,False,annual,True
3210,S-e2f1fd,A-d27f50,02-12-2024,Ongoing,Pro,44,0.0,0.0,True,False,False,False,monthly,True
3211,S-1c406a,A-82861f,10-07-2024,Ongoing,Enterprise,53,10547.0,126564.0,False,False,False,False,monthly,True
3212,S-80dc6b,A-b07b56,21-12-2024,Ongoing,Basic,25,0.0,0.0,True,False,False,False,annual,True
3213,S-4faeb9,A-98a59a,16-02-2024,Ongoing,Pro,56,2744.0,32928.0,False,True,False,False,monthly,True
3214,S-0e8781,A-34ea2f,24-09-2024,Ongoing,Enterprise,23,0.0,0.0,True,False,False,False,monthly,False
3215,S-53a9f7,A-5b1bcd,06-06-2024,Ongoing,Pro,73,3577.0,42924.0,False,False,False,False,annual,True
3216,S-b95aac,A-2d1036,16-12-2024,Ongoing,Pro,69,3381.0,40572.0,False,False,False,False,monthly,False
3217,S-41a4cb,A-970c97,13-07-2024,Ongoing,Pro,14,686.0,8232.0,False,False,False,False,annual,True
3218,S-7a6697,A-b9eed8,07-05-2024,Ongoing,Pro,12,588.0,7056.0,False,False,True,False,annual,True
3219,S-bdf4de,A-6e7827,22-03-2024,Ongoing,Enterprise,2,398.0,4776.0,False,False,False,False,annual,True
3220,S-2c617b,A-fda07f,28-10-2024,Ongoing,Pro,51,0.0,0.0,True,False,False,False,annual,True
3221,S-a54f87,A-756192,11-08-2024,Ongoing,Basic,68,1292.0,15504.0,False,False,False,False,annual,True
3222,S-30c045,A-eb7fac,24-05-2024,Ongoing,Pro,92,4508.0,54096.0,False,False,False,False,monthly,True
3223,S-af2d97,A-781cc0,01-11-2024,02-11-2024,Pro,28,1372.0,16464.0,False,False,False,True,monthly,False
3224,S-bfe8ca,A-22f2df,22-12-2024,Ongoing,Pro,61,2989.0,35868.0,False,False,False,False,annual,True
3225,S-91da84,A-6c093d,08-03-2024,19-09-2024,Pro,7,343.0,4116.0,False,False,False,True,annual,True
3226,S-ba7f2a,A-417d2f,24-01-2024,Ongoing,Basic,14,266.0,3192.0,False,False,False,False,annual,True
3227,S-d7ef67,A-558c72,07-03-2024,Ongoing,Basic,12,228.0,2736.0,False,True,False,False,monthly,False
3228,S-ec58ac,A-5a184f,30-11-2023,Ongoing,Pro,41,2009.0,24108.0,False,False,False,False,annual,True
3229,S-526874,A-cc8c8f,17-12-2024,Ongoing,Enterprise,23,4577.0,54924.0,False,False,False,False,annual,True
3230,S-2fe6c0,A-ac9111,21-12-2024,Ongoing,Basic,21,399.0,4788.0,False,False,False,False,annual,True
3231,S-6c7227,A-a33200,14-12-2024,Ongoing,Pro,51,2499.0,29988.0,False,False,False,False,monthly,True
3232,S-bbd26a,A-df10db,24-06-2024,Ongoing,Basic,3,57.0,684.0,False,False,False,False,monthly,True
3233,S-4ef4fd,A-eb7fac,19-09-2024,Ongoing,Pro,7,343.0,4116.0,False,False,False,False,annual,True
3234,S-6b0a2f,A-d49cc5,26-03-2024,Ongoing,Pro,50,2450.0,29400.0,False,False,False,False,annual,True
3235,S-7f04ec,A-1b707d,08-11-2024,Ongoing,Basic,24,456.0,5472.0,False,True,False,False,monthly,True
3236,S-b553d7,A-5b1bcd,16-10-2024,Ongoing,Enterprise,73,14527.0,174324.0,False,False,False,False,annual,True
3237,S-31d9ee,A-39868b,02-06-2024,Ongoing,Basic,9,171.0,2052.0,False,False,False,False,annual,True
3238,S-a8e49e,A-6da850,17-01-2024,Ongoing,Enterprise,5,995.0,11940.0,False,False,False,False,monthly,True
3239,S-715ace,A-3c1a3f,29-12-2023,Ongoing,Pro,1,0.0,0.0,True,False,False,False,annual,True
3240,S-0a3e58,A-417d2f,28-12-2024,Ongoing,Pro,33,1617.0,19404.0,False,False,False,False,monthly,True
3241,S-23ccf4,A-9b9fe9,27-10-2024,Ongoing,Basic,99,1881.0,22572.0,False,False,False,False,annual,False
3242,S-fae334,A-d3c88e,03-12-2024,Ongoing,Pro,31,1519.0,18228.0,False,False,False,False,monthly,False
3243,S-6e177f,A-3a5ad8,17-05-2024,Ongoing,Pro,9,441.0,5292.0,False,False,False,False,monthly,True
3244,S-c18476,A-40906c,28-09-2024,Ongoing,Pro,92,4508.0,54096.0,False,False,False,False,monthly,True
3245,S-111683,A-e6afc1,16-11-2023,Ongoing,Pro,68,3332.0,39984.0,False,False,False,False,monthly,True
3246,S-5fe3e5,A-9b9fe9,28-11-2023,Ongoing,Enterprise,5,995.0,11940.0,False,False,False,False,annual,False
3247,S-5a37dc,A-cab532,12-05-2024,Ongoing,Pro,11,539.0,6468.0,False,True,False,False,monthly,True
3248,S-a09e70,A-58b9ff,13-10-2024,Ongoing,Basic,22,418.0,5016.0,False,True,False,False,annual,True
3249,S-8942cf,A-7dacce,21-11-2024,Ongoing,Pro,12,588.0,7056.0,False,False,False,False,monthly,True
3250,S-3c4cae,A-ccb686,06-10-2024,Ongoing,Pro,29,1421.0,17052.0,False,True,False,False,annual,True
3251,S-8464b6,A-3932db,24-07-2024,10-08-2024,Pro,58,0.0,0.0,True,False,False,True,monthly,True
3252,S-936a83,A-54ecc2,13-09-2023,Ongoing,Enterprise,34,0.0,0.0,True,False,False,False,monthly,True
3253,S-ed2bb5,A-e4bf56,17-11-2024,Ongoing,Enterprise,17,3383.0,40596.0,False,False,False,False,monthly,True
3254,S-dd220e,A-6da850,02-06-2024,Ongoing,Enterprise,37,7363.0,88356.0,False,False,False,False,monthly,True
3255,S-07aba0,A-3b37d9,11-04-2023,Ongoing,Enterprise,23,4577.0,54924.0,False,True,False,False,annual,True
3256,S-04ab7e,A-f6b2fb,02-07-2024,Ongoing,Pro,23,1127.0,13524.0,False,False,False,False,annual,True
3257,S-62c088,A-054577,09-12-2024,Ongoing,Enterprise,85,16915.0,202980.0,False,False,False,False,monthly,True
3258,S-f71904,A-9a532a,28-09-2024,Ongoing,Basic,62,0.0,0.0,True,False,False,False,monthly,True
3259,S-302add,A-712f1c,05-10-2024,Ongoing,Pro,17,833.0,9996.0,False,False,False,False,annual,True
3260,S-39b5ce,A-902ef7,11-12-2024,Ongoing,Enterprise,83,16517.0,198204.0,False,False,False,False,annual,True
3261,S-15cfa1,A-054577,03-05-2024,Ongoing,Pro,20,980.0,11760.0,False,False,False,False,annual,True
3262,S-90229f,A-1f0ac7,11-07-2024,Ongoing,Pro,24,0.0,0.0,True,True,False,False,monthly,True
3263,S-7ac9dd,A-ce550d,24-11-2024,Ongoing,Pro,35,1715.0,20580.0,False,False,False,False,annual,False
3264,S-3196e2,A-ee42db,15-01-2024,Ongoing,Basic,13,0.0,0.0,True,False,False,False,annual,True
3265,S-51569a,A-e4bf56,25-12-2024,Ongoing,Enterprise,22,4378.0,52536.0,False,False,False,False,monthly,True
3266,S-dc86fa,A-72799b,02-09-2024,Ongoing,Pro,30,0.0,0.0,True,False,False,False,monthly,True
3267,S-c881bc,A-8b25f2,02-05-2024,19-07-2024,Basic,10,190.0,2280.0,False,False,False,True,monthly,True
3268,S-25ee09,A-94f8c9,11-04-2024,Ongoing,Enterprise,13,2587.0,31044.0,False,True,False,False,monthly,True
3269,S-5631a9,A-2d1036,16-07-2024,Ongoing,Enterprise,69,13731.0,164772.0,False,False,False,False,annual,True
3270,S-ad8908,A-18793f,19-12-2024,Ongoing,Pro,148,7252.0,87024.0,False,False,False,False,annual,False
3271,S-ac3a32,A-e08cd3,20-10-2024,Ongoing,Enterprise,67,13333.0,159996.0,False,False,False,False,monthly,True
3272,S-b90a53,A-69fad4,10-02-2024,Ongoing,Basic,11,209.0,2508.0,False,False,False,False,annual,True
3273,S-4d2bda,A-bbc346,27-09-2024,Ongoing,Basic,19,0.0,0.0,True,True,False,False,annual,True
3274,S-cce34b,A-462d45,25-03-2024,Ongoing,Pro,18,882.0,10584.0,False,False,False,False,monthly,True
3275,S-cb3a85,A-1d5444,28-07-2024,Ongoing,Basic,24,456.0,5472.0,False,False,False,False,annual,True
3276,S-129cf4,A-82d8a6,11-12-2024,Ongoing,Pro,16,784.0,9408.0,False,True,False,False,monthly,True
3277,S-2c8143,A-9bfc9f,25-04-2024,Ongoing,Pro,53,0.0,0.0,True,False,False,False,monthly,True
3278,S-8fd98a,A-f19409,08-04-2024,Ongoing,Enterprise,40,7960.0,95520.0,False,False,False,False,monthly,True
3279,S-615915,A-eb7c38,24-05-2024,19-10-2024,Enterprise,90,17910.0,214920.0,False,False,False,True,monthly,True
3280,S-09cb75,A-c43359,29-11-2024,30-12-2024,Basic,38,722.0,8664.0,False,False,False,True,annual,True
3281,S-bbcf43,A-b44e3e,23-07-2024,Ongoing,Pro,40,0.0,0.0,True,False,False,False,monthly,True
3282,S-ed55d2,A-039727,07-11-2024,Ongoing,Enterprise,25,4975.0,59700.0,False,False,False,False,annual,True
3283,S-54ac93,A-ff3c73,14-10-2023,10-12-2023,Enterprise,25,0.0,0.0,True,False,False,True,annual,True
3284,S-5901a1,A-7dacce,10-09-2024,Ongoing,Pro,12,0.0,0.0,True,False,False,False,annual,True
3285,S-931899,A-af0cd2,15-04-2023,Ongoing,Pro,19,931.0,11172.0,False,False,False,False,annual,True
3286,S-21d7be,A-e1b9cd,09-01-2024,Ongoing,Basic,40,760.0,9120.0,False,False,False,False,annual,True
3287,S-66a625,A-e1b9cd,24-12-2024,Ongoing,Pro,40,1960.0,23520.0,False,False,False,False,monthly,True
3288,S-0bf451,A-3f9cc0,24-06-2024,Ongoing,Enterprise,22,4378.0,52536.0,False,True,False,False,annual,True
3289,S-f951ac,A-297a2d,29-08-2024,Ongoing,Basic,27,513.0,6156.0,False,True,False,False,annual,True
3290,S-c2701b,A-50bb9f,24-12-2024,24-12-2024,Pro,36,1764.0,21168.0,False,False,False,True,monthly,False
3291,S-6cff7d,A-87aa7b,18-07-2024,Ongoing,Basic,56,1064.0,12768.0,False,False,False,False,monthly,True
3292,S-2ff628,A-118d55,27-12-2024,Ongoing,Basic,8,152.0,1824.0,False,True,False,False,monthly,True
3293,S-c3ecd8,A-d82ef9,30-10-2024,Ongoing,Basic,26,494.0,5928.0,False,False,False,False,monthly,False
3294,S-ede33a,A-202b67,07-07-2024,23-12-2024,Enterprise,11,2189.0,26268.0,False,False,False,True,annual,True
3295,S-373c6e,A-dfbd31,15-10-2024,Ongoing,Pro,14,686.0,8232.0,False,False,False,False,monthly,True
3296,S-c83dfd,A-249769,08-06-2024,Ongoing,Basic,15,285.0,3420.0,False,False,False,False,monthly,True
3297,S-215e9c,A-6965e1,06-12-2024,Ongoing,Pro,18,882.0,10584.0,False,False,False,False,monthly,True
3298,S-8da449,A-80eeb6,22-10-2023,Ongoing,Basic,22,418.0,5016.0,False,False,False,False,annual,True
3299,S-c58ed5,A-9289f6,08-04-2024,Ongoing,Pro,32,1568.0,18816.0,False,False,False,False,annual,True
3300,S-4b75c6,A-068fc6,13-04-2024,Ongoing,Enterprise,35,6965.0,83580.0,False,False,False,False,annual,True
3301,S-3872fd,A-956988,01-12-2024,Ongoing,Pro,2,0.0,0.0,True,False,False,False,monthly,False
3302,S-3f82f4,A-054577,26-08-2024,Ongoing,Basic,90,1710.0,20520.0,False,False,False,False,monthly,True
3303,S-7277c8,A-a2485e,16-11-2024,Ongoing,Basic,28,532.0,6384.0,False,False,False,False,annual,False
3304,S-827bc4,A-756192,29-11-2024,Ongoing,Basic,23,437.0,5244.0,False,False,False,False,monthly,False
3305,S-0efb82,A-94f8c9,05-04-2024,Ongoing,Pro,13,637.0,7644.0,False,False,False,False,monthly,True
3306,S-4c9c01,A-eb7c38,26-09-2024,10-10-2024,Basic,23,0.0,0.0,True,False,False,True,annual,True
3307,S-1f94ad,A-328bd0,14-07-2024,Ongoing,Enterprise,18,3582.0,42984.0,False,False,False,False,annual,False
3308,S-6bb2c5,A-84ebe4,18-11-2024,Ongoing,Enterprise,36,7164.0,85968.0,False,False,False,False,monthly,True
3309,S-865af3,A-f97b9a,07-11-2024,Ongoing,Pro,16,0.0,0.0,True,False,False,False,annual,False
3310,S-f65381,A-118d55,02-12-2024,Ongoing,Enterprise,16,3184.0,38208.0,False,False,False,False,annual,True
3311,S-115823,A-9f0b68,02-10-2024,Ongoing,Enterprise,15,2985.0,35820.0,False,False,False,False,monthly,False
3312,S-de66c3,A-ff3c73,13-06-2024,Ongoing,Enterprise,21,0.0,0.0,True,False,False,False,monthly,True
3313,S-0ac09f,A-7e0a10,09-03-2024,Ongoing,Enterprise,46,9154.0,109848.0,False,False,False,False,monthly,True
3314,S-a02981,A-7920cc,04-02-2024,Ongoing,Basic,39,741.0,8892.0,False,True,False,False,monthly,True
3315,S-487d18,A-0354fe,03-11-2024,Ongoing,Enterprise,34,0.0,0.0,True,False,False,False,annual,True
3316,S-697d16,A-3932db,31-12-2024,Ongoing,Enterprise,19,0.0,0.0,True,False,False,False,monthly,True
3317,S-f8e69c,A-52dd88,10-10-2023,Ongoing,Pro,23,1127.0,13524.0,False,False,False,False,monthly,True
3318,S-b279c9,A-50bb9f,27-12-2024,Ongoing,Pro,54,2646.0,31752.0,False,False,False,False,annual,True
3319,S-9fc31d,A-a7bd4b,02-06-2024,31-10-2024,Enterprise,5,995.0,11940.0,False,False,False,True,annual,True
3320,S-3f2b4c,A-855a48,27-02-2024,Ongoing,Pro,31,1519.0,18228.0,False,False,False,False,annual,True
3321,S-0459a1,A-8e47ca,29-04-2024,Ongoing,Enterprise,19,3781.0,45372.0,False,False,False,False,monthly,False
3322,S-7dd478,A-f5641b,13-10-2024,Ongoing,Enterprise,31,6169.0,74028.0,False,False,False,False,monthly,False
3323,S-ab2b5b,A-bbe56f,06-09-2023,Ongoing,Basic,21,399.0,4788.0,False,True,False,False,monthly,True
3324,S-9df4f6,A-9174e0,24-12-2024,Ongoing,Basic,37,703.0,8436.0,False,True,False,False,monthly,True
3325,S-9ce22d,A-726cfa,10-08-2024,Ongoing,Pro,42,2058.0,24696.0,False,False,False,False,monthly,True
3326,S-53b07a,A-b07b56,08-12-2024,Ongoing,Pro,25,1225.0,14700.0,False,False,False,False,annual,True
3327,S-bf6d7b,A-8b25f2,08-12-2024,Ongoing,Pro,29,1421.0,17052.0,False,False,True,False,annual,True
3328,S-5228d6,A-484819,30-05-2024,05-08-2024,Enterprise,26,5174.0,62088.0,False,True,False,True,annual,False
3329,S-4b9d7c,A-378b99,05-12-2024,Ongoing,Pro,16,784.0,9408.0,False,False,True,False,annual,True
3330,S-79bb4c,A-f45426,21-09-2024,03-11-2024,Pro,11,539.0,6468.0,False,False,False,True,annual,False
3331,S-1bbf0a,A-812c5b,02-12-2024,Ongoing,Pro,55,0.0,0.0,True,False,False,False,monthly,True
3332,S-a6820d,A-96bbc6,12-12-2024,Ongoing,Pro,39,1911.0,22932.0,False,False,False,False,annual,False
3333,S-7f219a,A-08e34e,28-09-2024,Ongoing,Pro,14,686.0,8232.0,False,False,False,False,monthly,True
3334,S-3ca6d2,A-0e966d,11-11-2024,Ongoing,Basic,35,665.0,7980.0,False,False,False,False,monthly,True
3335,S-f26ae0,A-92a333,04-07-2024,Ongoing,Basic,9,171.0,2052.0,False,False,False,False,monthly,True
3336,S-3bc591,A-1f7acb,03-06-2024,Ongoing,Basic,64,0.0,0.0,True,False,True,False,annual,False
3337,S-a84e2b,A-afa505,14-08-2024,Ongoing,Pro,70,0.0,0.0,True,True,False,False,monthly,False
3338,S-12f05a,A-b9f5b1,23-06-2024,Ongoing,Basic,15,285.0,3420.0,False,False,False,False,annual,False
3339,S-3476e2,A-cb6cc6,07-09-2024,Ongoing,Basic,13,247.0,2964.0,False,True,False,False,monthly,False
3340,S-ab0f4c,A-cd458b,06-12-2024,Ongoing,Basic,25,475.0,5700.0,False,False,False,False,monthly,False
3341,S-23ae3c,A-186a44,03-08-2024,Ongoing,Enterprise,24,4776.0,57312.0,False,False,False,False,monthly,True
3342,S-d2e82c,A-bcf87c,09-11-2024,Ongoing,Enterprise,16,3184.0,38208.0,False,False,False,False,monthly,True
3343,S-041534,A-4e0e85,06-06-2024,Ongoing,Pro,38,1862.0,22344.0,False,False,False,False,monthly,True
3344,S-2f998d,A-d82ef9,14-11-2024,Ongoing,Basic,26,494.0,5928.0,False,False,False,False,annual,False
3345,S-5ffb84,A-fe79a5,12-04-2024,Ongoing,Enterprise,9,0.0,0.0,True,True,False,False,monthly,True
3346,S-ae9ce7,A-cbd1a3,09-12-2024,Ongoing,Enterprise,12,2388.0,28656.0,False,True,False,False,monthly,True
3347,S-a707da,A-67be94,18-12-2024,Ongoing,Pro,26,1274.0,15288.0,False,True,False,False,monthly,True
3348,S-b37d03,A-019782,08-06-2023,Ongoing,Pro,17,833.0,9996.0,False,True,False,False,annual,True
3349,S-4473ec,A-c608c8,12-10-2024,Ongoing,Pro,21,1029.0,12348.0,False,False,False,False,annual,True
3350,S-a81bcd,A-09540c,11-04-2024,Ongoing,Basic,67,1273.0,15276.0,False,True,True,False,annual,False
3351,S-c4cef7,A-2e4581,25-10-2024,Ongoing,Pro,13,637.0,7644.0,False,False,False,False,annual,False
3352,S-2a6c1f,A-22f2df,16-12-2024,Ongoing,Basic,3,57.0,684.0,False,False,False,False,annual,True
3353,S-1712e6,A-9b9fe9,10-12-2023,01-03-2024,Pro,5,245.0,2940.0,False,False,False,True,monthly,True
3354,S-cde950,A-3be56b,01-12-2024,Ongoing,Basic,20,380.0,4560.0,False,False,False,False,annual,False
3355,S-ca98c9,A-3be56b,23-08-2024,Ongoing,Basic,37,703.0,8436.0,False,False,False,False,monthly,True
3356,S-497d95,A-1d5444,15-07-2024,Ongoing,Basic,24,456.0,5472.0,False,False,False,False,monthly,True
3357,S-63d104,A-0e966d,03-09-2024,Ongoing,Basic,11,209.0,2508.0,False,False,False,False,annual,True
3358,S-c41762,A-9badbd,21-12-2024,30-12-2024,Enterprise,59,11741.0,140892.0,False,False,False,True,monthly,True
3359,S-2fd379,A-f19409,12-06-2024,Ongoing,Basic,28,0.0,0.0,True,True,False,False,annual,True
3360,S-11b2c6,A-855a48,06-06-2024,Ongoing,Basic,14,266.0,3192.0,False,False,False,False,monthly,False
3361,S-899319,A-560d27,23-07-2024,Ongoing,Enterprise,57,11343.0,136116.0,False,False,False,False,monthly,True
3362,S-542c37,A-812c5b,27-12-2024,Ongoing,Pro,55,2695.0,32340.0,False,False,False,False,monthly,True
3363,S-cef05a,A-b7b7b7,20-10-2024,Ongoing,Pro,29,0.0,0.0,True,False,False,False,monthly,True
3364,S-51f213,A-4e960a,24-11-2024,Ongoing,Pro,12,588.0,7056.0,False,False,False,False,monthly,True
3365,S-e4b8fd,A-f446b6,25-04-2024,Ongoing,Pro,53,2597.0,31164.0,False,False,False,False,monthly,False
3366,S-7ba2ad,A-692f18,05-08-2024,Ongoing,Basic,14,266.0,3192.0,False,False,False,False,annual,False
3367,S-301b73,A-cab532,22-11-2024,Ongoing,Basic,48,912.0,10944.0,False,False,False,False,annual,True
3368,S-dee62f,A-524364,31-12-2024,Ongoing,Basic,12,228.0,2736.0,False,False,False,False,monthly,True
3369,S-8bc290,A-2d4502,02-11-2024,Ongoing,Enterprise,30,5970.0,71640.0,False,False,False,False,annual,True
3370,S-1f8215,A-f17767,10-12-2024,Ongoing,Pro,15,735.0,8820.0,False,False,False,False,annual,True
3371,S-12e3ff,A-e43bf7,21-05-2023,Ongoing,Enterprise,44,8756.0,105072.0,False,True,False,False,monthly,False
3372,S-23587d,A-db5e9e,28-12-2024,Ongoing,Pro,12,588.0,7056.0,False,False,False,False,annual,True
3373,S-0c5771,A-798a3f,24-02-2024,10-11-2024,Enterprise,12,0.0,0.0,True,False,False,True,annual,True
3374,S-9d35cf,A-249769,12-10-2024,Ongoing,Pro,6,294.0,3528.0,False,False,False,False,annual,True
3375,S-f1cc81,A-7f8241,27-03-2023,Ongoing,Basic,34,646.0,7752.0,False,False,False,False,annual,True
3376,S-44046d,A-5a184f,06-11-2024,13-12-2024,Basic,36,684.0,8208.0,False,False,False,True,annual,True
3377,S-97aa94,A-bb3bd4,11-06-2024,Ongoing,Basic,23,437.0,5244.0,False,False,False,False,annual,True
3378,S-2ee940,A-8bde0c,12-12-2024,Ongoing,Enterprise,12,2388.0,28656.0,False,False,False,False,annual,True
3379,S-b2c291,A-ced9aa,10-12-2024,Ongoing,Enterprise,3,597.0,7164.0,False,False,False,False,annual,True
3380,S-62b4fc,A-c42f1f,29-12-2024,Ongoing,Basic,8,152.0,1824.0,False,False,False,False,monthly,True
3381,S-6fa5cd,A-342303,03-05-2024,Ongoing,Basic,17,323.0,3876.0,False,False,False,False,monthly,True
3382,S-33e4e2,A-a1b80b,19-09-2024,Ongoing,Enterprise,16,3184.0,38208.0,False,False,True,False,annual,False
3383,S-718f18,A-659280,05-06-2024,Ongoing,Enterprise,24,4776.0,57312.0,False,False,False,False,monthly,False
3384,S-95a570,A-56962b,20-11-2024,26-12-2024,Pro,163,0.0,0.0,True,False,False,True,monthly,True
3385,S-b526e3,A-9c18c4,07-09-2024,Ongoing,Enterprise,11,2189.0,26268.0,False,True,False,False,annual,True
3386,S-0bccd9,A-96bbc6,25-12-2024,Ongoing,Basic,39,741.0,8892.0,False,False,True,False,monthly,True
3387,S-f50b14,A-625d0b,25-09-2024,Ongoing,Basic,9,0.0,0.0,True,False,False,False,annual,True
3388,S-0eff34,A-b2225d,04-08-2024,Ongoing,Pro,47,2303.0,27636.0,False,False,False,False,monthly,False
3389,S-06fb6f,A-50bb9f,05-11-2024,Ongoing,Pro,30,1470.0,17640.0,False,False,False,False,annual,True
3390,S-24323f,A-cb6cc6,20-03-2024,Ongoing,Pro,13,637.0,7644.0,False,False,False,False,monthly,False
3391,S-e1e2bf,A-7da956,24-09-2024,04-11-2024,Basic,13,247.0,2964.0,False,False,True,True,annual,True
3392,S-dacbda,A-1f559b,25-07-2024,Ongoing,Pro,18,882.0,10584.0,False,False,False,False,monthly,True
3393,S-f66b5d,A-039727,07-12-2024,Ongoing,Enterprise,25,0.0,0.0,True,False,False,False,annual,False
3394,S-62a6d7,A-6965e1,20-12-2024,Ongoing,Pro,14,686.0,8232.0,False,False,False,False,monthly,True
3395,S-c5a146,A-59f724,15-07-2024,Ongoing,Basic,18,342.0,4104.0,False,True,False,False,annual,True
3396,S-3ad334,A-158f4e,23-11-2024,Ongoing,Enterprise,61,12139.0,145668.0,False,False,False,False,monthly,True
3397,S-9c1bcb,A-17939a,28-12-2024,Ongoing,Basic,51,969.0,11628.0,False,False,False,False,monthly,True
3398,S-3e8909,A-600734,08-06-2024,Ongoing,Pro,39,1911.0,22932.0,False,True,False,False,annual,False
3399,S-6b200f,A-600734,17-02-2024,30-05-2024,Pro,29,1421.0,17052.0,False,True,False,True,annual,True
3400,S-ebbda6,A-558c72,10-10-2024,Ongoing,Pro,15,735.0,8820.0,False,False,False,False,annual,True
3401,S-c7a771,A-7920cc,04-07-2024,Ongoing,Pro,39,1911.0,22932.0,False,False,False,False,monthly,True
3402,S-b8097b,A-ccb686,17-04-2024,Ongoing,Pro,34,0.0,0.0,True,False,False,False,monthly,False
3403,S-628842,A-6f8ad2,26-08-2024,Ongoing,Enterprise,27,5373.0,64476.0,False,False,False,False,annual,True
3404,S-4690b3,A-068fc6,16-12-2024,25-12-2024,Enterprise,35,6965.0,83580.0,False,False,False,True,monthly,True
3405,S-8fbabd,A-aa9511,21-08-2024,09-09-2024,Enterprise,25,4975.0,59700.0,False,False,False,True,monthly,True
3406,S-6bab8f,A-eb7c38,11-04-2024,Ongoing,Enterprise,13,0.0,0.0,True,False,False,False,annual,False
3407,S-e4cb85,A-34ea2f,21-10-2024,Ongoing,Basic,29,551.0,6612.0,False,True,False,False,annual,True
3408,S-aeec81,A-e4bf56,12-12-2024,Ongoing,Pro,19,931.0,11172.0,False,False,False,False,monthly,False
3409,S-5a3412,A-ccabf0,21-05-2024,Ongoing,Basic,17,323.0,3876.0,False,False,False,False,annual,False
3410,S-4904cd,A-dcc3f1,13-10-2024,Ongoing,Basic,21,399.0,4788.0,False,False,False,False,annual,False
3411,S-1d4aa3,A-e61e98,02-06-2024,Ongoing,Basic,19,361.0,4332.0,False,False,False,False,monthly,True
3412,S-fcc241,A-443b7c,25-09-2024,Ongoing,Enterprise,70,13930.0,167160.0,False,False,False,False,annual,True
3413,S-b046ad,A-462d45,24-09-2024,Ongoing,Basic,61,0.0,0.0,True,False,False,False,monthly,True
3414,S-0463f5,A-7df7a7,16-09-2023,Ongoing,Pro,7,343.0,4116.0,False,False,False,False,monthly,True
3415,S-68a558,A-a1bbb6,17-04-2023,Ongoing,Pro,21,1029.0,12348.0,False,False,False,False,monthly,True
3416,S-b420be,A-0e966d,30-06-2024,Ongoing,Enterprise,23,4577.0,54924.0,False,False,False,False,annual,True
3417,S-d74733,A-7641d3,10-05-2024,Ongoing,Pro,12,588.0,7056.0,False,False,False,False,monthly,False
3418,S-52280f,A-fa2041,15-07-2024,Ongoing,Enterprise,16,3184.0,38208.0,False,False,False,False,annual,True
3419,S-0f949d,A-310452,29-12-2024,Ongoing,Pro,9,441.0,5292.0,False,False,False,False,annual,True
3420,S-38bf32,A-ed510f,24-01-2024,Ongoing,Pro,42,2058.0,24696.0,False,False,False,False,annual,True
3421,S-0c47cb,A-b9eed8,27-08-2024,Ongoing,Basic,14,266.0,3192.0,False,False,False,False,annual,True
3422,S-28d64b,A-67be94,03-04-2024,Ongoing,Basic,26,494.0,5928.0,False,False,False,False,monthly,True
3423,S-003647,A-e36807,23-12-2024,Ongoing,Enterprise,9,1791.0,21492.0,False,False,False,False,monthly,True
3424,S-c0789c,A-7c5768,02-12-2024,Ongoing,Enterprise,26,0.0,0.0,True,False,False,False,monthly,True
3425,S-fc3dcb,A-3b5cd1,24-12-2024,Ongoing,Enterprise,32,6368.0,76416.0,False,False,False,False,annual,True
3426,S-1ffdd8,A-ef84cf,08-08-2024,Ongoing,Basic,8,152.0,1824.0,False,False,False,False,monthly,True
3427,S-e9a159,A-1f0636,27-06-2024,Ongoing,Enterprise,105,20895.0,250740.0,False,False,False,False,monthly,False
3428,S-3803ff,A-b3fe05,04-08-2024,Ongoing,Enterprise,50,9950.0,119400.0,False,False,False,False,monthly,True
3429,S-aaf30f,A-40906c,06-11-2024,Ongoing,Pro,92,4508.0,54096.0,False,False,False,False,annual,True
3430,S-b362a5,A-8145a0,17-10-2023,Ongoing,Basic,44,836.0,10032.0,False,False,False,False,annual,True
3431,S-b07043,A-e98302,22-11-2024,Ongoing,Basic,16,304.0,3648.0,False,False,False,False,annual,True
3432,S-140d3a,A-ff3c73,26-06-2023,Ongoing,Basic,21,399.0,4788.0,False,False,False,False,annual,True
3433,S-2eb247,A-8145a0,01-02-2024,09-06-2024,Enterprise,25,4975.0,59700.0,False,False,False,True,monthly,True
3434,S-ef7534,A-ffdfd5,20-12-2024,31-12-2024,Pro,3,147.0,1764.0,False,False,False,True,monthly,True
3435,S-b204c4,A-68f37c,20-02-2024,Ongoing,Enterprise,9,1791.0,21492.0,False,False,False,False,annual,False
3436,S-c787e2,A-d5a319,05-11-2024,Ongoing,Enterprise,45,8955.0,107460.0,False,False,False,False,annual,True
3437,S-e60430,A-86902e,26-12-2023,Ongoing,Enterprise,61,12139.0,145668.0,False,True,False,False,annual,False
3438,S-92afb8,A-9174e0,28-12-2024,Ongoing,Enterprise,37,7363.0,88356.0,False,True,False,False,annual,True
3439,S-0b7eba,A-7f4db3,11-03-2023,Ongoing,Enterprise,8,1592.0,19104.0,False,False,False,False,monthly,False
3440,S-a113a2,A-d4ac0e,20-10-2024,Ongoing,Enterprise,18,3582.0,42984.0,False,False,False,False,monthly,True
3441,S-624857,A-69b156,27-12-2023,Ongoing,Enterprise,7,1393.0,16716.0,False,False,False,False,monthly,True
3442,S-b95c5c,A-20736a,13-10-2024,Ongoing,Enterprise,64,12736.0,152832.0,False,False,False,False,monthly,True
3443,S-6bd42d,A-5247b3,19-06-2024,Ongoing,Basic,16,304.0,3648.0,False,False,False,False,monthly,True
3444,S-45ab1a,A-1d5444,19-04-2024,Ongoing,Basic,24,456.0,5472.0,False,False,False,False,annual,True
3445,S-7fc49b,A-50bb9f,11-08-2024,Ongoing,Pro,7,343.0,4116.0,False,True,False,False,monthly,True
3446,S-06b9f0,A-c37601,30-12-2024,Ongoing,Pro,8,0.0,0.0,True,False,False,False,annual,True
3447,S-3b43b5,A-7920cc,18-06-2024,Ongoing,Pro,39,1911.0,22932.0,False,False,False,False,annual,True
3448,S-78554e,A-2922b6,05-12-2024,Ongoing,Basic,51,969.0,11628.0,False,False,False,False,monthly,True
3449,S-f83811,A-f97b9a,06-07-2024,Ongoing,Basic,16,304.0,3648.0,False,False,False,False,annual,True
3450,S-3d0e64,A-cbbe12,05-12-2023,Ongoing,Pro,40,0.0,0.0,True,False,False,False,monthly,True
3451,S-0f15b7,A-3a5ad8,16-04-2024,Ongoing,Pro,9,441.0,5292.0,False,False,False,False,monthly,True
3452,S-24ecbf,A-92a333,17-03-2024,Ongoing,Enterprise,9,1791.0,21492.0,False,False,False,False,monthly,True
3453,S-03906f,A-c1e51e,28-11-2024,Ongoing,Basic,25,475.0,5700.0,False,False,False,False,annual,True
3454,S-a4d69d,A-592832,11-12-2024,Ongoing,Basic,18,342.0,4104.0,False,False,False,False,monthly,True
3455,S-9a8646,A-098560,29-04-2024,Ongoing,Basic,10,190.0,2280.0,False,False,False,False,monthly,True
3456,S-3d7bed,A-2e4581,22-12-2024,Ongoing,Basic,44,836.0,10032.0,False,False,False,False,monthly,True
3457,S-a9a707,A-71615e,24-08-2024,Ongoing,Pro,51,2499.0,29988.0,False,True,False,False,monthly,False
3458,S-1eba7d,A-4e0e85,14-12-2024,Ongoing,Enterprise,39,0.0,0.0,True,True,False,False,annual,True
3459,S-7863b1,A-b11cd0,01-04-2023,Ongoing,Basic,26,0.0,0.0,True,False,False,False,monthly,True
3460,S-8d3495,A-cbd1a3,26-12-2024,Ongoing,Basic,37,703.0,8436.0,False,True,False,False,monthly,True
3461,S-509e88,A-781cc0,18-10-2024,Ongoing,Basic,21,399.0,4788.0,False,False,False,False,monthly,True
3462,S-35ff9e,A-ffc04f,09-09-2024,Ongoing,Enterprise,19,3781.0,45372.0,False,False,False,False,monthly,False
3463,S-c84ce4,A-bc87bc,06-11-2024,Ongoing,Enterprise,22,4378.0,52536.0,False,False,False,False,monthly,True
3464,S-75c438,A-92a3af,14-08-2024,Ongoing,Pro,34,1666.0,19992.0,False,False,False,False,monthly,True
3465,S-ccd045,A-96215d,17-08-2024,Ongoing,Enterprise,10,1990.0,23880.0,False,False,False,False,monthly,True
3466,S-28e7bf,A-5a92e7,29-08-2024,Ongoing,Pro,27,1323.0,15876.0,False,False,False,False,monthly,True
3467,S-656302,A-e60f9d,11-10-2024,Ongoing,Enterprise,29,5771.0,69252.0,False,False,False,False,monthly,True
3468,S-c5cee8,A-31ab9a,23-04-2024,Ongoing,Pro,73,3577.0,42924.0,False,False,False,False,monthly,True
3469,S-d6aefa,A-65c341,14-03-2024,Ongoing,Enterprise,84,16716.0,200592.0,False,False,False,False,annual,True
3470,S-354f6f,A-c58f49,24-11-2024,Ongoing,Enterprise,70,13930.0,167160.0,False,False,False,False,annual,True
3471,S-14f39f,A-9affe6,22-06-2024,10-12-2024,Basic,19,361.0,4332.0,False,False,False,True,monthly,True
3472,S-c7667c,A-c1e51e,02-11-2024,Ongoing,Pro,10,490.0,5880.0,False,False,False,False,monthly,True
3473,S-85f2ab,A-180abf,17-12-2024,Ongoing,Pro,64,3136.0,37632.0,False,False,False,False,monthly,True
3474,S-2d2a88,A-bbe56f,04-04-2024,Ongoing,Basic,21,0.0,0.0,True,False,False,False,annual,True
3475,S-58d17c,A-396e5f,02-12-2024,Ongoing,Enterprise,2,398.0,4776.0,False,False,False,False,monthly,True
3476,S-941e0f,A-1e6fc3,28-08-2024,Ongoing,Basic,11,0.0,0.0,True,False,False,False,annual,True
3477,S-f0c3f6,A-6f50ae,16-06-2024,Ongoing,Enterprise,50,9950.0,119400.0,False,False,False,False,annual,True
3478,S-00837c,A-089363,15-11-2024,27-11-2024,Enterprise,43,8557.0,102684.0,False,False,False,True,annual,False
3479,S-904886,A-e36807,20-06-2024,09-08-2024,Pro,38,1862.0,22344.0,False,False,False,True,annual,False
3480,S-d0bb87,A-5f7781,07-12-2024,Ongoing,Pro,22,1078.0,12936.0,False,False,False,False,annual,True
3481,S-9ae8de,A-779e4e,27-03-2023,Ongoing,Pro,21,1029.0,12348.0,False,True,True,False,monthly,True
3482,S-f971ab,A-4bfa33,10-12-2024,Ongoing,Pro,13,637.0,7644.0,False,False,False,False,annual,True
3483,S-ae4bb3,A-89ee83,22-11-2024,Ongoing,Pro,74,3626.0,43512.0,False,True,False,False,annual,True
3484,S-b8ca59,A-80eeb6,27-02-2024,Ongoing,Enterprise,22,4378.0,52536.0,False,False,False,False,monthly,True
3485,S-3ae7af,A-902ef7,18-12-2024,Ongoing,Basic,83,0.0,0.0,True,False,False,False,monthly,True
3486,S-ed2593,A-e1b9cd,28-05-2023,Ongoing,Pro,100,4900.0,58800.0,False,False,True,False,monthly,False
3487,S-ac4799,A-86fc1d,14-10-2024,20-10-2024,Enterprise,26,0.0,0.0,True,True,False,True,monthly,True
3488,S-2b35cc,A-9f2731,11-11-2024,Ongoing,Pro,13,637.0,7644.0,False,False,True,False,monthly,True
3489,S-9f59fd,A-158f4e,03-09-2024,Ongoing,Basic,61,1159.0,13908.0,False,False,False,False,annual,False
3490,S-19cb09,A-d42431,17-10-2024,Ongoing,Enterprise,22,4378.0,52536.0,False,False,False,False,monthly,True
3491,S-909612,A-151c9a,10-02-2024,Ongoing,Enterprise,23,4577.0,54924.0,False,False,False,False,monthly,True
3492,S-01fa46,A-6f50ae,08-01-2024,Ongoing,Basic,19,361.0,4332.0,False,False,False,False,annual,False
3493,S-45c47e,A-d792a6,01-08-2023,Ongoing,Basic,21,399.0,4788.0,False,False,False,False,annual,True
3494,S-a50803,A-a45270,23-12-2024,Ongoing,Basic,66,0.0,0.0,True,False,False,False,annual,True
3495,S-4984e3,A-f19409,20-10-2024,Ongoing,Enterprise,23,4577.0,54924.0,False,False,False,False,monthly,True
3496,S-1f93cd,A-30b4ca,25-08-2024,Ongoing,Basic,86,1634.0,19608.0,False,False,False,False,monthly,True
3497,S-6cf058,A-4a4c2d,23-02-2024,Ongoing,Basic,54,0.0,0.0,True,False,False,False,monthly,True
3498,S-cd6d68,A-4814a3,30-12-2024,Ongoing,Pro,87,4263.0,51156.0,False,False,False,False,monthly,True
3499,S-041553,A-c608c8,16-12-2023,Ongoing,Pro,11,539.0,6468.0,False,False,False,False,annual,True
3500,S-3ea19d,A-4e44e8,28-09-2024,Ongoing,Basic,10,0.0,0.0,True,False,False,False,monthly,True
3501,S-f62f59,A-96215d,13-10-2024,Ongoing,Pro,21,1029.0,12348.0,False,False,False,False,annual,True
3502,S-c99814,A-9289f6,05-03-2024,Ongoing,Pro,81,3969.0,47628.0,False,False,False,False,monthly,True
3503,S-23ba41,A-de58ca,09-06-2024,Ongoing,Pro,15,735.0,8820.0,False,False,False,False,annual,True
3504,S-3981c7,A-c16b88,08-03-2024,Ongoing,Pro,27,0.0,0.0,True,False,False,False,annual,True
3505,S-6d507b,A-ffc04f,08-06-2024,Ongoing,Enterprise,13,2587.0,31044.0,False,False,False,False,annual,True
3506,S-1d3af2,A-c42f1f,19-11-2024,Ongoing,Basic,8,152.0,1824.0,False,True,False,False,monthly,True
3507,S-f53776,A-f446b6,06-09-2023,Ongoing,Basic,12,228.0,2736.0,False,False,False,False,monthly,True
3508,S-e05ab8,A-0158bb,10-12-2024,Ongoing,Pro,21,1029.0,12348.0,False,False,False,False,monthly,True
3509,S-da0b9b,A-3a7284,21-12-2024,23-12-2024,Pro,33,1617.0,19404.0,False,False,False,True,annual,True
3510,S-131064,A-9f0b68,19-10-2024,Ongoing,Enterprise,34,6766.0,81192.0,False,False,False,False,annual,True
3511,S-541d7a,A-4f18f0,05-09-2024,11-10-2024,Pro,24,0.0,0.0,True,False,False,True,annual,False
3512,S-2ddb46,A-4c38bc,09-05-2024,Ongoing,Pro,36,1764.0,21168.0,False,False,False,False,monthly,True
3513,S-16cf6a,A-d792a6,21-04-2023,Ongoing,Enterprise,12,2388.0,28656.0,False,False,False,False,annual,True
3514,S-0a01c5,A-e888d1,05-08-2023,Ongoing,Enterprise,16,3184.0,38208.0,False,False,False,False,monthly,False
3515,S-ba8f61,A-e693b6,26-09-2024,Ongoing,Basic,55,1045.0,12540.0,False,False,False,False,monthly,True
3516,S-0ed7be,A-95b24a,14-07-2023,Ongoing,Pro,47,2303.0,27636.0,False,False,False,False,monthly,False
3517,S-c985c4,A-7f8241,22-05-2023,Ongoing,Basic,34,646.0,7752.0,False,False,False,False,annual,False
3518,S-894692,A-c62e55,22-02-2024,Ongoing,Pro,17,833.0,9996.0,False,False,False,False,monthly,True
3519,S-2cec4e,A-76fa4d,26-11-2024,Ongoing,Enterprise,69,13731.0,164772.0,False,False,False,False,monthly,True
3520,S-aede24,A-751c58,09-09-2024,Ongoing,Enterprise,15,2985.0,35820.0,False,True,False,False,annual,True
3521,S-d0af44,A-4e44e8,23-08-2024,Ongoing,Basic,20,380.0,4560.0,False,True,False,False,annual,False
3522,S-3e0c7b,A-cc1d8d,16-12-2024,Ongoing,Basic,84,1596.0,19152.0,False,False,False,False,annual,True
3523,S-3d0aa6,A-81edc3,09-02-2024,Ongoing,Enterprise,7,0.0,0.0,True,False,False,False,monthly,True
3524,S-0639f1,A-3be56b,07-05-2024,Ongoing,Basic,25,0.0,0.0,True,False,False,False,annual,True
3525,S-907e70,A-993085,05-08-2023,Ongoing,Basic,31,589.0,7068.0,False,False,False,False,monthly,True
3526,S-227856,A-310452,26-12-2024,Ongoing,Pro,9,441.0,5292.0,False,False,False,False,annual,True
3527,S-4af421,A-6c093d,08-07-2024,Ongoing,Basic,27,513.0,6156.0,False,False,False,False,monthly,False
3528,S-f4dbc7,A-65c341,21-09-2024,Ongoing,Pro,11,539.0,6468.0,False,False,False,False,monthly,True
3529,S-526a2c,A-9174e0,21-12-2024,Ongoing,Pro,37,1813.0,21756.0,False,False,False,False,monthly,True
3530,S-aa5012,A-6f8ad2,31-12-2024,Ongoing,Basic,41,779.0,9348.0,False,False,False,False,annual,False
3531,S-551502,A-bb1486,09-12-2024,Ongoing,Basic,41,779.0,9348.0,False,False,False,False,monthly,False
3532,S-007e2c,A-cb5333,06-09-2024,Ongoing,Pro,33,1617.0,19404.0,False,False,False,False,monthly,False
3533,S-3e0991,A-9174e0,07-12-2024,14-12-2024,Enterprise,37,7363.0,88356.0,False,False,False,True,monthly,False
3534,S-fe0bc0,A-692f18,29-03-2024,Ongoing,Enterprise,29,5771.0,69252.0,False,False,False,False,monthly,True
3535,S-ed76ff,A-1e1b80,28-03-2024,Ongoing,Enterprise,50,9950.0,119400.0,False,False,False,False,monthly,True
3536,S-c8d680,A-558c72,16-01-2024,03-02-2024,Enterprise,12,2388.0,28656.0,False,False,False,True,monthly,True
3537,S-8b1b5a,A-592832,17-12-2024,Ongoing,Pro,18,882.0,10584.0,False,False,False,False,annual,True
3538,S-c0d979,A-3932db,19-09-2024,Ongoing,Enterprise,19,0.0,0.0,True,False,False,False,annual,True
3539,S-a8ae52,A-fda07f,10-10-2024,Ongoing,Enterprise,26,0.0,0.0,True,False,True,False,annual,False
3540,S-05aaef,A-883b7d,03-08-2024,Ongoing,Pro,22,0.0,0.0,True,False,False,False,annual,True
3541,S-a14d4b,A-8b0451,05-10-2024,Ongoing,Pro,43,2107.0,25284.0,False,False,False,False,annual,False
3542,S-f97537,A-0aaf6e,16-06-2024,Ongoing,Pro,37,1813.0,21756.0,False,False,False,False,monthly,False
3543,S-d6dc7a,A-0e966d,02-10-2024,Ongoing,Pro,11,539.0,6468.0,False,False,False,False,monthly,False
3544,S-ca6962,A-22d9d2,01-04-2024,01-09-2024,Pro,58,2842.0,34104.0,False,True,False,True,monthly,True
3545,S-1f4c01,A-c42f1f,22-11-2024,Ongoing,Pro,12,588.0,7056.0,False,False,False,False,monthly,False
3546,S-d6f7cd,A-bd4513,14-11-2024,Ongoing,Enterprise,50,9950.0,119400.0,False,False,False,False,annual,True
3547,S-c847dc,A-22f2df,26-12-2024,Ongoing,Pro,6,0.0,0.0,True,False,False,False,annual,False
3548,S-dbe1b3,A-40906c,13-11-2024,Ongoing,Pro,92,4508.0,54096.0,False,False,False,False,annual,True
3549,S-26593b,A-328bd0,22-05-2024,Ongoing,Pro,37,1813.0,21756.0,False,True,False,False,annual,True
3550,S-7d66fb,A-bb3bd4,18-08-2024,Ongoing,Basic,23,437.0,5244.0,False,False,False,False,monthly,True
3551,S-4206eb,A-7df7a7,07-09-2023,Ongoing,Enterprise,13,2587.0,31044.0,False,False,False,False,monthly,True
3552,S-b998a9,A-fce879,18-10-2024,Ongoing,Enterprise,10,1990.0,23880.0,False,False,False,False,annual,True
3553,S-040f03,A-31ab9a,26-10-2024,Ongoing,Enterprise,14,2786.0,33432.0,False,False,False,False,annual,True
3554,S-440dde,A-8e47ca,21-07-2024,Ongoing,Basic,19,361.0,4332.0,False,False,False,False,annual,True
3555,S-9a85ab,A-a8b49c,02-06-2024,Ongoing,Basic,30,570.0,6840.0,False,False,False,False,annual,True
3556,S-778c7e,A-544d0a,19-12-2024,Ongoing,Enterprise,2,398.0,4776.0,False,True,False,False,annual,False
3557,S-138c41,A-00cac8,26-12-2023,Ongoing,Basic,19,361.0,4332.0,False,False,False,False,annual,True
3558,S-109e0c,A-f51f16,14-03-2024,Ongoing,Enterprise,10,1990.0,23880.0,False,True,False,False,annual,True
3559,S-8e5be7,A-5ed98d,01-11-2024,Ongoing,Pro,24,1176.0,14112.0,False,False,False,False,monthly,True
3560,S-497428,A-cc8c8f,07-10-2024,Ongoing,Basic,23,437.0,5244.0,False,False,False,False,monthly,True
3561,S-846d41,A-1986ca,02-09-2024,Ongoing,Enterprise,28,5572.0,66864.0,False,False,False,False,monthly,True
3562,S-9def16,A-c16101,10-12-2024,Ongoing,Enterprise,22,4378.0,52536.0,False,False,False,False,monthly,True
3563,S-807f28,A-86fc1d,05-11-2024,Ongoing,Enterprise,26,5174.0,62088.0,False,False,False,False,monthly,False
3564,S-056775,A-ee42db,19-06-2024,Ongoing,Pro,115,5635.0,67620.0,False,True,False,False,annual,True
3565,S-39c024,A-7df7a7,10-06-2023,Ongoing,Pro,29,0.0,0.0,True,False,False,False,annual,True
3566,S-9e450b,A-89ee83,21-12-2024,31-12-2024,Enterprise,23,4577.0,54924.0,False,False,False,True,monthly,True
3567,S-e66964,A-e6afc1,03-06-2023,Ongoing,Basic,51,969.0,11628.0,False,False,False,False,monthly,False
3568,S-5a500d,A-592832,26-09-2024,Ongoing,Basic,30,0.0,0.0,True,False,False,False,annual,True
3569,S-62fe77,A-34ea2f,07-09-2024,Ongoing,Pro,23,1127.0,13524.0,False,False,False,False,annual,True
3570,S-3eb9c8,A-69fad4,07-09-2023,11-02-2024,Basic,35,665.0,7980.0,False,False,False,True,monthly,True
3571,S-6fa3a3,A-139c3b,30-12-2024,Ongoing,Pro,10,490.0,5880.0,False,False,False,False,annual,True
3572,S-8e5d9f,A-922109,17-07-2024,Ongoing,Enterprise,41,8159.0,97908.0,False,False,False,False,monthly,True
3573,S-012ab9,A-b78bf8,04-12-2024,Ongoing,Basic,33,627.0,7524.0,False,False,False,False,monthly,True
3574,S-b12284,A-0158bb,29-06-2024,Ongoing,Basic,9,171.0,2052.0,False,False,False,False,annual,False
3575,S-ae355b,A-378b99,08-11-2024,Ongoing,Enterprise,9,1791.0,21492.0,False,False,False,False,annual,True
3576,S-90432a,A-fe79a5,04-12-2024,24-12-2024,Enterprise,9,1791.0,21492.0,False,False,False,True,annual,False
3577,S-e04d93,A-5a215a,27-05-2024,30-12-2024,Enterprise,87,17313.0,207756.0,False,False,False,True,monthly,True
3578,S-0f569f,A-781cc0,18-09-2024,Ongoing,Enterprise,12,2388.0,28656.0,False,False,False,False,monthly,True
3579,S-6d6bde,A-068fc6,14-10-2024,Ongoing,Basic,35,665.0,7980.0,False,False,False,False,monthly,True
3580,S-0cbce0,A-5b4ebb,15-10-2024,Ongoing,Pro,26,1274.0,15288.0,False,True,False,False,annual,True
3581,S-93cf65,A-ff3c73,19-07-2023,Ongoing,Basic,21,0.0,0.0,True,False,False,False,annual,True
3582,S-c3aa52,A-19b2c8,30-08-2024,Ongoing,Enterprise,20,0.0,0.0,True,True,False,False,monthly,False
3583,S-68dca1,A-4ae22a,23-12-2024,Ongoing,Basic,28,532.0,6384.0,False,False,False,False,annual,True
3584,S-a97ab5,A-e1b9cd,28-09-2024,Ongoing,Pro,40,0.0,0.0,True,False,False,False,annual,False
3585,S-c68e80,A-2bc93d,26-03-2024,Ongoing,Basic,95,1805.0,21660.0,False,False,False,False,monthly,True
3586,S-0c9fdd,A-5b4ebb,16-12-2024,Ongoing,Pro,30,1470.0,17640.0,False,False,False,False,annual,True
3587,S-d64a4e,A-cc98bc,24-10-2023,Ongoing,Basic,32,608.0,7296.0,False,False,False,False,monthly,True
3588,S-efcb1e,A-118f1c,10-12-2024,Ongoing,Pro,32,0.0,0.0,True,False,False,False,annual,True
3589,S-3909f9,A-d4ac0e,01-06-2024,Ongoing,Pro,18,882.0,10584.0,False,False,False,False,annual,False
3590,S-ab476e,A-7dacce,28-11-2024,Ongoing,Enterprise,67,13333.0,159996.0,False,False,False,False,annual,True
3591,S-f5fcc9,A-40a557,06-06-2024,Ongoing,Pro,16,784.0,9408.0,False,False,False,False,monthly,True
3592,S-804a70,A-4ef964,28-07-2024,Ongoing,Enterprise,17,3383.0,40596.0,False,False,False,False,monthly,True
3593,S-834a48,A-86cdb4,01-11-2024,Ongoing,Basic,4,0.0,0.0,True,False,False,False,monthly,True
3594,S-f6f308,A-3793ee,20-11-2023,Ongoing,Enterprise,49,0.0,0.0,True,True,False,False,annual,True
3595,S-06fb77,A-96e141,28-03-2024,Ongoing,Pro,22,1078.0,12936.0,False,False,False,False,annual,True
3596,S-5df64f,A-684255,31-08-2024,Ongoing,Enterprise,14,2786.0,33432.0,False,False,False,False,annual,True
3597,S-cf12f4,A-4814a3,27-09-2024,Ongoing,Pro,87,4263.0,51156.0,False,True,False,False,monthly,True
3598,S-ee30bb,A-526d93,19-04-2024,Ongoing,Enterprise,43,8557.0,102684.0,False,True,False,False,monthly,False
3599,S-ff93b5,A-ba6516,10-05-2024,Ongoing,Basic,27,0.0,0.0,True,False,False,False,annual,True
3600,S-2db458,A-53f4e3,21-09-2024,Ongoing,Basic,22,418.0,5016.0,False,False,False,False,annual,True
3601,S-e505f2,A-bb2f49,15-06-2024,Ongoing,Pro,35,1715.0,20580.0,False,False,False,False,annual,True
3602,S-fcbe5a,A-e19ff6,04-10-2024,Ongoing,Pro,40,1960.0,23520.0,False,True,False,False,annual,True
3603,S-d49a8f,A-f92792,30-09-2024,Ongoing,Enterprise,24,4776.0,57312.0,False,False,False,False,annual,True
3604,S-b120fb,A-f51f16,01-04-2024,23-08-2024,Pro,1,49.0,588.0,False,False,False,True,annual,False
3605,S-6c7bd8,A-7f8241,16-06-2024,Ongoing,Enterprise,36,7164.0,85968.0,False,False,False,False,monthly,True
3606,S-ca321d,A-7920cc,29-10-2024,Ongoing,Pro,39,1911.0,22932.0,False,False,False,False,monthly,True
3607,S-7cd9fa,A-d40bf7,29-12-2024,Ongoing,Basic,59,1121.0,13452.0,False,False,False,False,monthly,True
3608,S-2a53d5,A-5a184f,03-09-2023,Ongoing,Basic,74,1406.0,16872.0,False,False,False,False,annual,True
3609,S-101324,A-8145a0,29-09-2023,Ongoing,Enterprise,24,4776.0,57312.0,False,False,False,False,monthly,True
3610,S-307a21,A-940b8b,02-05-2024,Ongoing,Basic,56,1064.0,12768.0,False,False,False,False,monthly,False
3611,S-f30081,A-cb5333,01-04-2024,Ongoing,Enterprise,33,6567.0,78804.0,False,False,False,False,annual,True
3612,S-d3e724,A-dec005,24-08-2024,Ongoing,Basic,26,494.0,5928.0,False,False,False,False,monthly,True
3613,S-713e06,A-4e631b,06-11-2024,Ongoing,Enterprise,26,5174.0,62088.0,False,False,False,False,annual,True
3614,S-e977e4,A-80eeb6,25-08-2023,Ongoing,Enterprise,22,4378.0,52536.0,False,True,False,False,monthly,True
3615,S-9464f8,A-eb7fac,22-10-2024,Ongoing,Basic,26,494.0,5928.0,False,False,False,False,monthly,True
3616,S-3473af,A-d77f4c,10-10-2024,Ongoing,Basic,8,152.0,1824.0,False,True,False,False,monthly,True
3617,S-2565f0,A-6a4e2d,09-07-2023,Ongoing,Basic,54,1026.0,12312.0,False,False,False,False,annual,False
3618,S-769f70,A-016043,28-09-2024,Ongoing,Basic,13,247.0,2964.0,False,False,False,False,monthly,True
3619,S-d48577,A-7cfe77,30-07-2024,Ongoing,Pro,69,3381.0,40572.0,False,False,True,False,annual,True
3620,S-703faf,A-b7724f,20-09-2024,19-11-2024,Basic,10,190.0,2280.0,False,False,False,True,monthly,False
3621,S-a3dc1e,A-5c9849,04-12-2024,Ongoing,Enterprise,19,0.0,0.0,True,True,False,False,monthly,True
3622,S-ac1f01,A-e693b6,14-03-2024,Ongoing,Enterprise,55,10945.0,131340.0,False,False,False,False,monthly,True
3623,S-e6ce29,A-76fa4d,05-12-2024,Ongoing,Enterprise,69,13731.0,164772.0,False,False,False,False,monthly,False
3624,S-00866d,A-05f0e5,31-10-2023,Ongoing,Basic,32,608.0,7296.0,False,False,False,False,annual,True
3625,S-b7c825,A-9174e0,21-12-2024,Ongoing,Enterprise,68,0.0,0.0,True,False,False,False,monthly,False
3626,S-22c99d,A-5a215a,08-03-2024,Ongoing,Enterprise,87,0.0,0.0,True,False,False,False,monthly,True
3627,S-329db8,A-8b25f2,22-05-2024,Ongoing,Pro,12,588.0,7056.0,False,False,False,False,monthly,True
3628,S-5fe191,A-c43359,11-12-2024,Ongoing,Enterprise,38,7562.0,90744.0,False,True,False,False,annual,True
3629,S-c19e74,A-ffc04f,19-09-2024,Ongoing,Enterprise,13,0.0,0.0,True,False,False,False,annual,True
3630,S-0e526f,A-e83938,26-06-2024,Ongoing,Pro,5,245.0,2940.0,False,False,False,False,annual,True
3631,S-beff12,A-f44180,17-10-2023,Ongoing,Enterprise,9,1791.0,21492.0,False,False,False,False,monthly,True
3632,S-f9b4d8,A-6843f2,31-12-2024,Ongoing,Pro,21,1029.0,12348.0,False,False,False,False,annual,True
3633,S-d76bd0,A-7f29a7,08-10-2024,15-10-2024,Basic,41,779.0,9348.0,False,False,False,True,monthly,False
3634,S-edf4e0,A-dbc825,01-07-2024,Ongoing,Enterprise,22,4378.0,52536.0,False,False,False,False,monthly,True
3635,S-326691,A-e40f45,24-11-2024,22-12-2024,Basic,21,399.0,4788.0,False,False,False,True,monthly,False
3636,S-e7a190,A-0a62f5,06-12-2024,Ongoing,Basic,22,418.0,5016.0,False,False,False,False,annual,True
3637,S-f73a84,A-2edab2,15-12-2024,Ongoing,Pro,17,833.0,9996.0,False,False,False,False,monthly,True
3638,S-ba67a5,A-fce879,27-10-2024,Ongoing,Enterprise,19,3781.0,45372.0,False,False,False,False,annual,True
3639,S-5272ff,A-fda07f,10-11-2024,Ongoing,Enterprise,69,13731.0,164772.0,False,False,False,False,annual,True
3640,S-d407d0,A-b9eed8,04-11-2024,Ongoing,Pro,11,539.0,6468.0,False,False,False,False,annual,True
3641,S-54d8cf,A-2f6a32,13-10-2024,Ongoing,Basic,19,361.0,4332.0,False,False,False,False,monthly,True
3642,S-bdf7c2,A-c42f1f,26-10-2024,24-12-2024,Pro,11,539.0,6468.0,False,False,True,True,annual,True
3643,S-e9257d,A-5b1bcd,31-12-2024,Ongoing,Pro,73,3577.0,42924.0,False,True,False,False,annual,False
3644,S-c15f06,A-82d8a6,27-12-2024,Ongoing,Pro,33,1617.0,19404.0,False,True,True,False,monthly,True
3645,S-fbc35d,A-a8b49c,17-10-2024,Ongoing,Pro,7,343.0,4116.0,False,False,False,False,annual,True
3646,S-78c894,A-d792a6,17-02-2023,Ongoing,Basic,4,76.0,912.0,False,True,False,False,annual,True
3647,S-2ee2e1,A-692f18,12-06-2024,Ongoing,Pro,50,2450.0,29400.0,False,True,False,False,annual,False
3648,S-5677fb,A-e5d6ab,02-07-2024,Ongoing,Enterprise,13,2587.0,31044.0,False,False,False,False,monthly,False
3649,S-3c9a70,A-ee42db,22-12-2024,Ongoing,Basic,30,570.0,6840.0,False,False,False,False,monthly,True
3650,S-036362,A-c37601,01-11-2024,Ongoing,Pro,12,588.0,7056.0,False,False,False,False,annual,True
3651,S-18b1f9,A-02cd81,13-08-2024,Ongoing,Pro,44,2156.0,25872.0,False,False,False,False,monthly,True
3652,S-31afc4,A-d40bf7,09-12-2024,Ongoing,Pro,59,2891.0,34692.0,False,False,False,False,monthly,False
3653,S-6ea0ad,A-712426,15-12-2024,Ongoing,Pro,13,637.0,7644.0,False,True,False,False,monthly,True
3654,S-c25d2f,A-fabe19,12-12-2024,27-12-2024,Enterprise,32,6368.0,76416.0,False,False,False,True,annual,True
3655,S-444f22,A-8ed5dd,09-12-2023,Ongoing,Pro,46,2254.0,27048.0,False,True,False,False,monthly,True
3656,S-f3ff07,A-158f4e,19-06-2023,15-05-2024,Basic,61,1159.0,13908.0,False,False,False,True,annual,False
3657,S-154119,A-3d957b,30-08-2024,Ongoing,Basic,73,1387.0,16644.0,False,False,False,False,monthly,True
3658,S-62fa42,A-bb1486,06-12-2024,19-12-2024,Basic,41,779.0,9348.0,False,False,True,True,annual,False
3659,S-97a57b,A-a0ca4e,12-08-2024,Ongoing,Enterprise,26,5174.0,62088.0,False,False,False,False,monthly,True
3660,S-7c2997,A-c1e51e,21-12-2024,31-12-2024,Pro,32,1568.0,18816.0,False,False,False,True,annual,True
3661,S-9122a4,A-883b7d,29-05-2024,Ongoing,Enterprise,25,4975.0,59700.0,False,False,False,False,monthly,True
3662,S-f9f7af,A-20736a,07-08-2024,Ongoing,Pro,50,2450.0,29400.0,False,False,False,False,annual,True
3663,S-f6edd4,A-5a92e7,04-12-2024,15-12-2024,Basic,11,209.0,2508.0,False,False,False,True,annual,False
3664,S-bbe998,A-08e34e,01-07-2024,Ongoing,Pro,14,686.0,8232.0,False,False,False,False,annual,True
3665,S-02508a,A-05d3b3,04-02-2024,Ongoing,Basic,28,532.0,6384.0,False,False,False,False,annual,True
3666,S-7e44b0,A-a33200,14-10-2024,Ongoing,Pro,29,1421.0,17052.0,False,False,False,False,annual,False
3667,S-028f5b,A-80eeb6,20-02-2024,12-08-2024,Enterprise,26,5174.0,62088.0,False,False,False,True,annual,True
3668,S-d26ee3,A-1f559b,12-12-2023,24-05-2024,Basic,16,304.0,3648.0,False,False,False,True,monthly,True
3669,S-a1901c,A-5c9849,10-12-2024,Ongoing,Enterprise,19,3781.0,45372.0,False,False,False,False,monthly,False
3670,S-c96d86,A-1e1b80,04-11-2024,Ongoing,Basic,50,950.0,11400.0,False,True,False,False,annual,True
3671,S-ea8479,A-bcf87c,25-10-2024,Ongoing,Basic,17,323.0,3876.0,False,False,True,False,annual,False
3672,S-7eb81c,A-474ad4,15-01-2024,Ongoing,Pro,8,392.0,4704.0,False,False,False,False,monthly,False
3673,S-8d4b81,A-2b9d3e,28-04-2024,Ongoing,Basic,1,19.0,228.0,False,False,False,False,annual,False
3674,S-9e5075,A-81edc3,02-09-2024,Ongoing,Enterprise,44,8756.0,105072.0,False,False,False,False,annual,True
3675,S-6bdda7,A-bad8c1,03-06-2024,Ongoing,Pro,37,1813.0,21756.0,False,False,False,False,monthly,True
3676,S-2c52b6,A-016043,09-10-2024,Ongoing,Enterprise,14,2786.0,33432.0,False,False,False,False,monthly,False
3677,S-9c09cb,A-702032,10-12-2024,Ongoing,Basic,28,532.0,6384.0,False,False,False,False,annual,True
3678,S-3829dc,A-1ac5e0,17-11-2024,Ongoing,Enterprise,33,6567.0,78804.0,False,False,False,False,monthly,True
3679,S-d238c2,A-71615e,17-08-2024,Ongoing,Enterprise,55,10945.0,131340.0,False,False,False,False,annual,True
3680,S-885bd4,A-8bde0c,13-11-2024,Ongoing,Pro,12,588.0,7056.0,False,False,False,False,annual,True
3681,S-700923,A-bcf664,04-04-2024,Ongoing,Enterprise,13,2587.0,31044.0,False,False,False,False,monthly,True
3682,S-d538f6,A-d535f6,15-12-2024,Ongoing,Enterprise,12,0.0,0.0,True,False,True,False,monthly,True
3683,S-5ca0fe,A-d3c88e,02-11-2024,Ongoing,Pro,16,784.0,9408.0,False,False,False,False,monthly,False
3684,S-83dc0a,A-f44180,31-08-2023,Ongoing,Enterprise,9,1791.0,21492.0,False,False,False,False,annual,True
3685,S-39a8f1,A-52dd88,12-03-2024,Ongoing,Pro,23,1127.0,13524.0,False,False,False,False,monthly,False
3686,S-0a765d,A-439b2f,03-07-2024,Ongoing,Basic,4,76.0,912.0,False,False,False,False,monthly,True
3687,S-fa9b43,A-10b8f2,05-02-2023,Ongoing,Basic,47,0.0,0.0,True,False,False,False,annual,False
3688,S-3a57be,A-05f0e5,15-05-2024,Ongoing,Pro,32,1568.0,18816.0,False,False,False,False,monthly,True
3689,S-5ede24,A-9bfc9f,30-07-2024,Ongoing,Pro,60,2940.0,35280.0,False,False,False,False,monthly,True
3690,S-df5924,A-443f6f,21-12-2024,22-12-2024,Pro,19,931.0,11172.0,False,False,False,True,annual,True
3691,S-eb9911,A-ab438f,18-10-2024,Ongoing,Basic,28,0.0,0.0,True,False,False,False,annual,True
3692,S-7db513,A-4f18f0,01-06-2024,Ongoing,Enterprise,24,4776.0,57312.0,False,False,False,False,monthly,True
3693,S-2ded06,A-ff79f2,25-12-2024,Ongoing,Basic,31,589.0,7068.0,False,True,False,False,monthly,False
3694,S-c0ca82,A-00cac8,02-12-2024,Ongoing,Pro,19,931.0,11172.0,False,False,True,False,annual,True
3695,S-7cf7c6,A-22d9d2,02-06-2024,Ongoing,Pro,13,637.0,7644.0,False,False,False,False,annual,True
3696,S-9fa49b,A-1f7acb,01-09-2023,Ongoing,Enterprise,64,12736.0,152832.0,False,True,False,False,annual,False
3697,S-4a3e6c,A-acb7f7,19-06-2024,Ongoing,Pro,32,1568.0,18816.0,False,False,False,False,monthly,True
3698,S-112733,A-71615e,21-10-2024,Ongoing,Basic,15,285.0,3420.0,False,False,False,False,annual,False
3699,S-28332f,A-ff79f2,16-09-2024,Ongoing,Enterprise,23,4577.0,54924.0,False,False,False,False,monthly,True
3700,S-6709f4,A-bcbe98,06-12-2024,Ongoing,Basic,46,874.0,10488.0,False,False,False,False,monthly,False
3701,S-0b059f,A-7c4956,10-07-2023,30-11-2023,Basic,5,95.0,1140.0,False,False,False,True,monthly,False
3702,S-d91908,A-02fac6,22-09-2024,Ongoing,Basic,22,418.0,5016.0,False,False,False,False,monthly,True
3703,S-381988,A-eb7c38,27-08-2024,Ongoing,Pro,7,0.0,0.0,True,False,False,False,annual,False
3704,S-535e55,A-9077b0,08-12-2024,Ongoing,Pro,7,343.0,4116.0,False,True,False,False,monthly,True
3705,S-a22ca2,A-dbc825,30-07-2024,Ongoing,Enterprise,45,8955.0,107460.0,False,False,False,False,monthly,True
3706,S-4e762d,A-2789e3,06-11-2024,Ongoing,Enterprise,61,12139.0,145668.0,False,False,False,False,annual,True
3707,S-1d3a93,A-d82ef9,10-08-2024,Ongoing,Enterprise,26,5174.0,62088.0,False,False,False,False,monthly,False
3708,S-1c5650,A-1e1b80,27-12-2023,Ongoing,Pro,53,2597.0,31164.0,False,False,False,False,monthly,True
3709,S-593787,A-9ee962,22-11-2023,Ongoing,Basic,9,0.0,0.0,True,True,False,False,monthly,True
3710,S-28a2b2,A-eb7fac,22-09-2024,Ongoing,Enterprise,7,1393.0,16716.0,False,False,False,False,monthly,True
3711,S-0bdbb3,A-00cac8,09-08-2024,Ongoing,Enterprise,39,7761.0,93132.0,False,False,False,False,monthly,True
3712,S-dc8c2f,A-8b0451,21-09-2024,Ongoing,Basic,41,779.0,9348.0,False,False,False,False,monthly,True
3713,S-a33656,A-524364,31-12-2024,Ongoing,Basic,12,228.0,2736.0,False,False,False,False,monthly,True
3714,S-b991d2,A-3ce5b8,17-02-2024,Ongoing,Pro,8,392.0,4704.0,False,False,False,False,annual,True
3715,S-a53e06,A-089363,14-06-2024,Ongoing,Basic,3,57.0,684.0,False,False,False,False,annual,False
3716,S-249448,A-dbc825,19-01-2024,Ongoing,Enterprise,19,3781.0,45372.0,False,False,False,False,annual,True
3717,S-768196,A-1f7acb,14-10-2023,Ongoing,Basic,64,1216.0,14592.0,False,False,False,False,monthly,True
3718,S-e6513c,A-2edab2,05-12-2023,Ongoing,Basic,17,323.0,3876.0,False,False,False,False,monthly,True
3719,S-0acba4,A-4e631b,22-11-2024,Ongoing,Basic,22,418.0,5016.0,False,False,False,False,annual,False
3720,S-e57a7d,A-3f9cc0,23-06-2024,Ongoing,Enterprise,22,4378.0,52536.0,False,False,True,False,annual,False
3721,S-f24609,A-151c9a,14-07-2023,Ongoing,Pro,29,1421.0,17052.0,False,False,False,False,monthly,True
3722,S-cfb246,A-ee42db,25-10-2024,Ongoing,Basic,13,0.0,0.0,True,False,False,False,annual,True
3723,S-242e1b,A-313be3,25-08-2024,Ongoing,Pro,47,2303.0,27636.0,False,True,False,False,annual,False
3724,S-89d7b0,A-fe79a5,03-06-2024,Ongoing,Enterprise,9,1791.0,21492.0,False,False,False,False,annual,True
3725,S-5a26fc,A-9779ad,07-07-2024,Ongoing,Pro,40,0.0,0.0,True,False,False,False,annual,False
3726,S-d64e41,A-354f12,28-05-2024,Ongoing,Enterprise,34,6766.0,81192.0,False,False,True,False,annual,True
3727,S-482962,A-de24d5,06-11-2024,Ongoing,Pro,20,980.0,11760.0,False,False,False,False,annual,True
3728,S-e77d56,A-9289f6,06-12-2023,Ongoing,Basic,1,19.0,228.0,False,False,False,False,monthly,True
3729,S-658bcb,A-0cc442,14-08-2024,Ongoing,Enterprise,45,8955.0,107460.0,False,False,False,False,monthly,True
3730,S-56c23b,A-e888d1,31-10-2024,Ongoing,Enterprise,19,3781.0,45372.0,False,False,False,False,annual,False
3731,S-39f1b0,A-bf7919,10-12-2024,Ongoing,Enterprise,8,0.0,0.0,True,False,False,False,annual,True
3732,S-21d0ab,A-a1b80b,21-07-2024,Ongoing,Basic,22,418.0,5016.0,False,False,False,False,monthly,True
3733,S-b27c2f,A-625d0b,24-12-2024,Ongoing,Pro,17,833.0,9996.0,False,False,False,False,monthly,True
3734,S-1224ea,A-474ad4,10-12-2023,Ongoing,Pro,8,0.0,0.0,True,False,False,False,monthly,True
3735,S-0d8293,A-425e76,18-11-2023,Ongoing,Pro,71,3479.0,41748.0,False,False,False,False,monthly,True
3736,S-f409d8,A-0651a4,04-12-2024,Ongoing,Enterprise,16,3184.0,38208.0,False,False,False,False,annual,True
3737,S-374511,A-e89151,01-04-2024,Ongoing,Enterprise,10,1990.0,23880.0,False,False,False,False,monthly,True
3738,S-c1f160,A-ccabf0,14-07-2024,04-12-2024,Pro,2,98.0,1176.0,False,False,True,True,annual,True
3739,S-2b58a7,A-7c5768,07-07-2024,Ongoing,Basic,3,57.0,684.0,False,False,False,False,monthly,True
3740,S-4dfd17,A-bcbe98,29-07-2024,Ongoing,Basic,46,874.0,10488.0,False,True,True,False,monthly,True
3741,S-4781b1,A-558c72,12-06-2023,Ongoing,Pro,16,784.0,9408.0,False,False,False,False,monthly,True
3742,S-c53808,A-712426,08-12-2024,Ongoing,Pro,12,588.0,7056.0,False,False,False,False,monthly,True
3743,S-e3165d,A-3b5cd1,09-10-2023,Ongoing,Pro,21,1029.0,12348.0,False,False,False,False,monthly,True
3744,S-0334aa,A-acb7f7,12-04-2024,Ongoing,Pro,41,2009.0,24108.0,False,True,False,False,annual,True
3745,S-6c625e,A-854864,15-12-2024,Ongoing,Pro,91,4459.0,53508.0,False,False,False,False,monthly,False
3746,S-e48c4d,A-439b2f,09-03-2024,Ongoing,Basic,7,133.0,1596.0,False,False,False,False,annual,True
3747,S-322a59,A-a8b49c,17-02-2024,Ongoing,Pro,26,1274.0,15288.0,False,False,False,False,monthly,True
3748,S-41b844,A-94d3da,03-06-2023,Ongoing,Pro,41,2009.0,24108.0,False,False,False,False,monthly,False
3749,S-12125f,A-e5d6ab,08-08-2023,Ongoing,Basic,3,57.0,684.0,False,False,False,False,monthly,True
3750,S-91709b,A-ab438f,26-11-2024,31-12-2024,Enterprise,23,4577.0,54924.0,False,False,False,True,annual,True
3751,S-ff681f,A-bbc346,31-08-2024,Ongoing,Enterprise,19,3781.0,45372.0,False,True,False,False,annual,False
3752,S-6b534f,A-08e34e,31-12-2024,Ongoing,Enterprise,14,2786.0,33432.0,False,False,False,False,monthly,True
3753,S-2d3434,A-425e76,22-07-2023,Ongoing,Pro,8,392.0,4704.0,False,False,False,False,annual,True
3754,S-b8caad,A-ac14bb,27-09-2023,Ongoing,Pro,21,1029.0,12348.0,False,False,False,False,annual,False
3755,S-58ab69,A-58b9ff,27-09-2024,Ongoing,Pro,63,3087.0,37044.0,False,False,True,False,monthly,True
3756,S-6c877e,A-712533,13-08-2023,Ongoing,Enterprise,18,0.0,0.0,True,False,False,False,monthly,True
3757,S-ff4611,A-c9bb3e,25-04-2024,Ongoing,Pro,123,6027.0,72324.0,False,False,False,False,annual,True
3758,S-f3c329,A-1f0636,02-09-2024,Ongoing,Basic,105,1995.0,23940.0,False,False,False,False,annual,True
3759,S-270a4e,A-6c093d,17-01-2024,Ongoing,Basic,7,133.0,1596.0,False,True,False,False,monthly,True
3760,S-2a312e,A-034368,21-06-2024,Ongoing,Basic,26,494.0,5928.0,False,False,False,False,monthly,True
3761,S-3aa11b,A-7c83a1,27-09-2024,Ongoing,Pro,12,588.0,7056.0,False,False,False,False,annual,True
3762,S-0a8cff,A-016043,28-09-2024,Ongoing,Enterprise,12,0.0,0.0,True,True,False,False,monthly,True
3763,S-b4d224,A-4c6f11,31-05-2024,Ongoing,Basic,27,513.0,6156.0,False,False,True,False,annual,True
3764,S-f0e458,A-ab438f,27-12-2024,Ongoing,Pro,77,0.0,0.0,True,False,False,False,monthly,True
3765,S-af5ec3,A-8e47ca,23-08-2024,Ongoing,Enterprise,19,3781.0,45372.0,False,False,False,False,monthly,True
3766,S-683c6b,A-e36807,21-11-2024,Ongoing,Enterprise,14,2786.0,33432.0,False,False,False,False,annual,True
3767,S-1df679,A-508199,26-04-2024,Ongoing,Enterprise,19,3781.0,45372.0,False,False,False,False,annual,True
3768,S-ca74fe,A-dfbd31,30-07-2024,Ongoing,Pro,14,686.0,8232.0,False,False,False,False,annual,False
3769,S-061025,A-c45b23,16-11-2024,Ongoing,Pro,7,343.0,4116.0,False,False,False,False,annual,True
3770,S-333abd,A-a1b80b,05-07-2024,Ongoing,Basic,16,304.0,3648.0,False,False,False,False,annual,True
3771,S-5281ee,A-427b69,27-09-2024,Ongoing,Pro,17,0.0,0.0,True,False,False,False,annual,False
3772,S-1bf697,A-acb7f7,31-08-2024,Ongoing,Pro,32,1568.0,18816.0,False,False,False,False,monthly,True
3773,S-9b8167,A-054577,08-05-2024,Ongoing,Pro,29,1421.0,17052.0,False,False,False,False,monthly,True
3774,S-585d4c,A-00bed1,06-05-2024,Ongoing,Enterprise,28,5572.0,66864.0,False,True,False,False,monthly,True
3775,S-cdd281,A-39ddf4,30-12-2024,Ongoing,Enterprise,40,7960.0,95520.0,False,False,False,False,monthly,True
3776,S-f83141,A-659280,26-12-2024,Ongoing,Basic,17,0.0,0.0,True,False,False,False,annual,False
3777,S-3af429,A-9077b0,10-12-2024,Ongoing,Basic,30,0.0,0.0,True,True,False,False,monthly,True
3778,S-0cb4fe,A-560d27,31-05-2024,Ongoing,Enterprise,71,14129.0,169548.0,False,False,False,False,monthly,True
3779,S-da3b68,A-5c046d,23-11-2024,Ongoing,Enterprise,93,18507.0,222084.0,False,False,False,False,monthly,True
3780,S-620b62,A-d42431,06-08-2024,Ongoing,Enterprise,22,4378.0,52536.0,False,True,False,False,annual,False
3781,S-4056f6,A-86cdb4,06-10-2024,Ongoing,Pro,2,98.0,1176.0,False,False,False,False,annual,True
3782,S-7a1803,A-443b7c,26-10-2024,Ongoing,Enterprise,11,0.0,0.0,True,False,False,False,annual,True
3783,S-ddc51c,A-ad296b,09-12-2024,Ongoing,Pro,38,1862.0,22344.0,False,False,False,False,annual,True
3784,S-ba228b,A-a33200,20-12-2024,Ongoing,Basic,29,551.0,6612.0,False,False,False,False,monthly,True
3785,S-e3255c,A-600734,08-10-2024,Ongoing,Pro,29,1421.0,17052.0,False,False,False,False,monthly,True
3786,S-5619af,A-1d5444,23-04-2024,Ongoing,Enterprise,24,4776.0,57312.0,False,False,False,False,monthly,False
3787,S-47048b,A-0f7d77,31-12-2024,Ongoing,Basic,7,133.0,1596.0,False,False,False,False,annual,True
3788,S-b60208,A-9174e0,06-12-2024,Ongoing,Enterprise,37,0.0,0.0,True,False,False,False,annual,True
3789,S-64d203,A-f17767,20-03-2024,Ongoing,Pro,9,441.0,5292.0,False,False,False,False,monthly,True
3790,S-a87ff6,A-4e960a,08-12-2024,Ongoing,Basic,12,228.0,2736.0,False,False,False,False,monthly,True
3791,S-0ff481,A-6c093d,30-04-2023,Ongoing,Basic,15,285.0,3420.0,False,False,False,False,annual,False
3792,S-bb3c63,A-94d3da,01-12-2023,Ongoing,Basic,41,779.0,9348.0,False,False,False,False,monthly,True
3793,S-55aa8a,A-bad8c1,15-11-2023,Ongoing,Pro,60,0.0,0.0,True,False,False,False,monthly,True
3794,S-196dc6,A-eb2fdc,22-05-2024,Ongoing,Enterprise,47,9353.0,112236.0,False,False,False,False,annual,True
3795,S-afa7a7,A-1b9609,03-10-2024,Ongoing,Enterprise,25,0.0,0.0,True,False,False,False,annual,True
3796,S-fcef74,A-ad64c6,08-09-2024,Ongoing,Pro,12,588.0,7056.0,False,False,False,False,monthly,True
3797,S-a3129d,A-712426,07-12-2024,Ongoing,Enterprise,18,0.0,0.0,True,False,False,False,annual,True
3798,S-8def89,A-cbd1a3,27-11-2024,Ongoing,Enterprise,8,1592.0,19104.0,False,False,False,False,annual,True
3799,S-a2cde5,A-463db0,20-12-2024,Ongoing,Pro,15,735.0,8820.0,False,False,False,False,annual,False
3800,S-c855b0,A-ac14bb,16-01-2024,Ongoing,Enterprise,71,14129.0,169548.0,False,True,False,False,annual,True
3801,S-85ddea,A-cc1d8d,20-12-2024,Ongoing,Enterprise,5,995.0,11940.0,False,False,False,False,monthly,True
3802,S-982ee2,A-eb2fdc,07-11-2024,Ongoing,Enterprise,31,6169.0,74028.0,False,False,False,False,annual,True
3803,S-6ce11a,A-ac85cd,03-12-2024,Ongoing,Basic,53,1007.0,12084.0,False,False,False,False,annual,True
3804,S-d638c7,A-832ec2,25-07-2024,Ongoing,Basic,31,589.0,7068.0,False,True,False,False,annual,True
3805,S-f967c2,A-029f69,10-12-2024,Ongoing,Basic,7,133.0,1596.0,False,False,False,False,monthly,True
3806,S-196c1e,A-7df7a7,04-11-2024,Ongoing,Basic,7,133.0,1596.0,False,False,False,False,annual,True
3807,S-559e85,A-53f4e3,22-12-2024,Ongoing,Pro,29,1421.0,17052.0,False,False,False,False,monthly,True
3808,S-af7a2c,A-dcc2f0,13-11-2024,Ongoing,Basic,22,418.0,5016.0,False,True,False,False,annual,True
3809,S-e66253,A-d5a319,19-11-2024,Ongoing,Enterprise,15,2985.0,35820.0,False,False,False,False,annual,True
3810,S-25f647,A-425e76,10-07-2024,Ongoing,Basic,37,703.0,8436.0,False,False,False,False,monthly,True
3811,S-766d8b,A-82861f,27-05-2024,15-11-2024,Enterprise,41,8159.0,97908.0,False,False,False,True,monthly,True
3812,S-39f1ed,A-6dee43,27-04-2024,Ongoing,Pro,3,147.0,1764.0,False,False,False,False,monthly,True
3813,S-70c734,A-bd4708,05-09-2024,Ongoing,Pro,37,1813.0,21756.0,False,False,False,False,annual,True
3814,S-e44831,A-bb2f49,26-12-2024,Ongoing,Pro,28,1372.0,16464.0,False,False,False,False,monthly,False
3815,S-21c164,A-029f69,31-12-2024,Ongoing,Basic,34,646.0,7752.0,False,False,False,False,annual,True
3816,S-d83789,A-104f1a,10-12-2024,Ongoing,Pro,24,1176.0,14112.0,False,False,False,False,monthly,True
3817,S-dafec3,A-684255,09-09-2024,Ongoing,Enterprise,9,1791.0,21492.0,False,False,False,False,annual,False
3818,S-9cd745,A-cab532,24-07-2023,Ongoing,Enterprise,11,2189.0,26268.0,False,False,False,False,monthly,True
3819,S-90e2d7,A-8ae3fc,17-07-2024,Ongoing,Basic,31,589.0,7068.0,False,False,False,False,annual,True
3820,S-ca72d9,A-bcf664,29-01-2024,Ongoing,Basic,55,1045.0,12540.0,False,False,False,False,annual,True
3821,S-e05562,A-075038,08-11-2023,Ongoing,Pro,17,833.0,9996.0,False,False,False,False,monthly,True
3822,S-c14073,A-ba6516,30-01-2024,Ongoing,Basic,27,513.0,6156.0,False,True,False,False,annual,True
3823,S-01b2dc,A-cc102e,23-12-2024,Ongoing,Basic,13,247.0,2964.0,False,True,False,False,annual,True
3824,S-e25e6e,A-5a92e7,07-12-2024,Ongoing,Basic,4,76.0,912.0,False,False,False,False,monthly,True
3825,S-47e122,A-271f46,01-07-2023,Ongoing,Basic,38,722.0,8664.0,False,False,False,False,monthly,True
3826,S-5856ab,A-3c1a3f,06-05-2024,25-11-2024,Pro,19,931.0,11172.0,False,False,False,True,annual,True
3827,S-edd29b,A-592832,24-12-2024,Ongoing,Enterprise,18,3582.0,42984.0,False,False,False,False,annual,True
3828,S-dc77b7,A-cbd1a3,29-12-2024,Ongoing,Basic,20,380.0,4560.0,False,False,False,False,annual,True
3829,S-2d0c1f,A-241e75,11-07-2024,Ongoing,Pro,46,2254.0,27048.0,False,False,False,False,annual,True
3830,S-ac42e8,A-417d2f,08-09-2024,Ongoing,Basic,49,931.0,11172.0,False,False,False,False,monthly,False
3831,S-5c3f50,A-f3ff05,11-09-2024,Ongoing,Enterprise,4,796.0,9552.0,False,False,False,False,annual,True
3832,S-84e658,A-922109,18-08-2024,Ongoing,Enterprise,3,0.0,0.0,True,False,False,False,monthly,False
3833,S-1dbbc2,A-42b791,30-12-2024,Ongoing,Basic,20,380.0,4560.0,False,False,False,False,monthly,False
3834,S-b633be,A-6c093d,26-09-2023,14-07-2024,Basic,62,0.0,0.0,True,False,False,True,monthly,True
3835,S-a1676a,A-bb3bd4,06-05-2024,Ongoing,Pro,23,1127.0,13524.0,False,False,False,False,annual,True
3836,S-e958ba,A-417d2f,29-03-2024,Ongoing,Pro,13,637.0,7644.0,False,False,False,False,monthly,True
3837,S-86571c,A-d26ab4,27-12-2024,Ongoing,Enterprise,33,6567.0,78804.0,False,False,False,False,monthly,True
3838,S-4193dd,A-4e631b,13-10-2024,Ongoing,Basic,22,418.0,5016.0,False,False,False,False,monthly,True
3839,S-860bc8,A-42e5e1,29-08-2024,Ongoing,Basic,1,19.0,228.0,False,False,False,False,annual,True
3840,S-2e78ce,A-84ebe4,15-04-2024,22-10-2024,Basic,18,342.0,4104.0,False,False,False,True,monthly,True
3841,S-b5a1a0,A-474ad4,04-12-2023,Ongoing,Basic,10,190.0,2280.0,False,True,True,False,annual,True
3842,S-480226,A-7f6b86,21-05-2024,Ongoing,Basic,45,855.0,10260.0,False,True,False,False,annual,True
3843,S-be828b,A-cbbe12,09-08-2023,Ongoing,Pro,40,1960.0,23520.0,False,False,False,False,monthly,True
3844,S-3ffd93,A-cc1d8d,23-12-2024,Ongoing,Basic,39,741.0,8892.0,False,False,False,False,monthly,True
3845,S-94d88f,A-ccc747,11-09-2024,Ongoing,Pro,16,784.0,9408.0,False,False,False,False,annual,False
3846,S-b27c39,A-484819,02-06-2023,03-07-2024,Basic,18,342.0,4104.0,False,True,False,True,monthly,True
3847,S-d073bb,A-a1bbb6,13-08-2023,Ongoing,Enterprise,9,1791.0,21492.0,False,False,False,False,monthly,True
3848,S-afe3b8,A-cc1d8d,10-12-2024,Ongoing,Pro,16,784.0,9408.0,False,False,False,False,monthly,True
3849,S-bbd8b5,A-54ecc2,26-11-2023,Ongoing,Basic,4,76.0,912.0,False,False,False,False,annual,True
3850,S-6d10f7,A-7641d3,17-11-2024,Ongoing,Pro,16,784.0,9408.0,False,False,False,False,monthly,True
3851,S-491d53,A-3cc791,23-05-2024,Ongoing,Pro,12,588.0,7056.0,False,False,False,False,monthly,True
3852,S-cfedb3,A-54d94a,16-07-2024,Ongoing,Basic,27,513.0,6156.0,False,False,False,False,annual,True
3853,S-62a617,A-2d1036,23-09-2024,17-10-2024,Basic,69,1311.0,15732.0,False,False,False,True,annual,False
3854,S-0b3f0c,A-3be56b,12-06-2024,Ongoing,Enterprise,3,0.0,0.0,True,False,False,False,monthly,True
3855,S-e5909f,A-b44e3e,17-04-2024,Ongoing,Pro,40,1960.0,23520.0,False,True,False,False,annual,True
3856,S-53ff75,A-acb7f7,26-11-2024,Ongoing,Basic,32,608.0,7296.0,False,False,True,False,monthly,True
3857,S-4a724b,A-00bed1,06-08-2024,Ongoing,Pro,28,1372.0,16464.0,False,False,False,False,annual,True
3858,S-ce90ba,A-812c5b,03-04-2024,Ongoing,Pro,55,0.0,0.0,True,False,False,False,monthly,True
3859,S-672dd6,A-05d3b3,03-08-2023,Ongoing,Enterprise,16,3184.0,38208.0,False,False,False,False,monthly,True
3860,S-78172b,A-f9cc74,30-10-2024,Ongoing,Enterprise,30,5970.0,71640.0,False,False,False,False,monthly,True
3861,S-ea9f08,A-b9eed8,14-07-2024,Ongoing,Pro,13,637.0,7644.0,False,False,True,False,annual,True
3862,S-5aa854,A-328bd0,29-04-2024,Ongoing,Pro,18,882.0,10584.0,False,False,False,False,annual,True
3863,S-e81358,A-d77f4c,29-02-2024,Ongoing,Pro,29,1421.0,17052.0,False,False,False,False,annual,True
3864,S-e95f57,A-1986ca,24-09-2024,Ongoing,Enterprise,20,3980.0,47760.0,False,False,False,False,monthly,False
3865,S-0027d3,A-e693b6,04-05-2024,Ongoing,Basic,55,1045.0,12540.0,False,False,False,False,annual,True
3866,S-3ce79c,A-781cc0,17-10-2024,Ongoing,Enterprise,22,4378.0,52536.0,False,False,False,False,monthly,False
3867,S-6e81f5,A-bece89,18-10-2024,Ongoing,Pro,38,1862.0,22344.0,False,False,False,False,annual,True
3868,S-775a4f,A-7c83a1,18-07-2024,Ongoing,Enterprise,19,3781.0,45372.0,False,False,False,False,monthly,True
3869,S-f4e6c0,A-2f6a32,16-11-2024,Ongoing,Basic,19,0.0,0.0,True,False,False,False,monthly,True
3870,S-089366,A-e60f9d,12-11-2024,Ongoing,Basic,29,551.0,6612.0,False,False,False,False,annual,True
3871,S-a19f87,A-bb1486,18-12-2024,Ongoing,Pro,41,2009.0,24108.0,False,False,False,False,annual,True
3872,S-2de283,A-117171,27-11-2024,Ongoing,Pro,45,0.0,0.0,True,False,False,False,monthly,True
3873,S-f497df,A-751c58,21-12-2024,Ongoing,Basic,71,1349.0,16188.0,False,False,False,False,annual,True
3874,S-c8a4ff,A-fabe19,24-12-2024,29-12-2024,Enterprise,23,4577.0,54924.0,False,False,False,True,annual,False
3875,S-294d8b,A-9289f6,15-09-2024,Ongoing,Enterprise,17,3383.0,40596.0,False,False,False,False,monthly,True
3876,S-a3927a,A-378b99,02-12-2024,30-12-2024,Enterprise,8,1592.0,19104.0,False,False,False,True,annual,True
3877,S-2cf162,A-a8d89d,12-04-2024,Ongoing,Basic,13,247.0,2964.0,False,False,False,False,annual,True
3878,S-7be036,A-3a7284,28-12-2024,Ongoing,Pro,31,1519.0,18228.0,False,True,False,False,annual,True
3879,S-1facfc,A-7df7a7,04-03-2024,Ongoing,Pro,7,343.0,4116.0,False,False,False,False,annual,True
3880,S-ccdc31,A-970c97,16-12-2024,Ongoing,Pro,19,931.0,11172.0,False,False,False,False,annual,True
3881,S-d3efa2,A-a1bbb6,21-12-2023,Ongoing,Enterprise,11,2189.0,26268.0,False,False,False,False,monthly,True
3882,S-dcc1a5,A-029f69,09-05-2024,Ongoing,Pro,26,1274.0,15288.0,False,False,False,False,annual,False
3883,S-0d2fb8,A-43a9e3,20-09-2023,Ongoing,Basic,22,418.0,5016.0,False,False,False,False,annual,False
3884,S-0fcf7d,A-e08cd3,23-11-2024,Ongoing,Pro,67,3283.0,39396.0,False,False,False,False,annual,False
3885,S-e76552,A-474ad4,13-09-2024,Ongoing,Pro,8,392.0,4704.0,False,False,False,False,monthly,False
3886,S-c14566,A-313be3,11-12-2023,Ongoing,Pro,47,2303.0,27636.0,False,False,False,False,annual,True
3887,S-a2fb62,A-443f6f,10-12-2024,Ongoing,Pro,19,931.0,11172.0,False,False,False,False,annual,True
3888,S-bd1912,A-0cc442,06-10-2024,23-10-2024,Basic,97,1843.0,22116.0,False,False,False,True,monthly,True
3889,S-d5605e,A-e351e1,11-11-2024,Ongoing,Basic,33,0.0,0.0,True,False,False,False,monthly,False
3890,S-b9c635,A-87aa7b,02-06-2024,Ongoing,Pro,24,1176.0,14112.0,False,False,True,False,monthly,True
3891,S-f2dd76,A-443b7c,13-11-2024,21-11-2024,Pro,39,0.0,0.0,True,False,False,True,monthly,False
3892,S-e7de53,A-4a4c2d,08-07-2024,Ongoing,Basic,54,1026.0,12312.0,False,False,False,False,monthly,True
3893,S-8ed780,A-bc87bc,09-12-2024,Ongoing,Basic,13,247.0,2964.0,False,False,False,False,monthly,True
3894,S-6a017c,A-6f8ad2,03-10-2024,Ongoing,Enterprise,5,995.0,11940.0,False,False,False,False,annual,False
3895,S-f2e134,A-4f18f0,09-08-2024,07-10-2024,Basic,25,475.0,5700.0,False,False,False,True,monthly,True
3896,S-9fbdfb,A-e4144b,25-11-2024,Ongoing,Enterprise,79,0.0,0.0,True,True,False,False,annual,True
3897,S-2416eb,A-cd458b,14-08-2024,Ongoing,Basic,10,190.0,2280.0,False,False,False,False,monthly,True
3898,S-20812a,A-5a3eb9,14-06-2024,Ongoing,Pro,69,3381.0,40572.0,False,False,False,False,monthly,True
3899,S-e88276,A-66224b,06-12-2024,Ongoing,Basic,92,1748.0,20976.0,False,False,False,False,monthly,True
3900,S-51cb35,A-18793f,20-12-2024,29-12-2024,Basic,148,2812.0,33744.0,False,False,False,True,annual,True
3901,S-53e028,A-fdfc91,14-09-2024,Ongoing,Basic,111,2109.0,25308.0,False,False,False,False,monthly,True
3902,S-f64908,A-1ac5e0,11-12-2024,Ongoing,Basic,33,0.0,0.0,True,False,False,False,monthly,False
3903,S-a0c741,A-40906c,19-06-2024,Ongoing,Basic,92,1748.0,20976.0,False,False,False,False,monthly,False
3904,S-65d722,A-df10db,23-09-2023,Ongoing,Basic,2,38.0,456.0,False,False,False,False,monthly,True
3905,S-5b9bb9,A-bc4d48,29-08-2024,Ongoing,Pro,35,1715.0,20580.0,False,False,False,False,annual,False
3906,S-84c44b,A-9bfc9f,01-01-2024,Ongoing,Basic,53,1007.0,12084.0,False,True,False,False,monthly,True
3907,S-0fb7bb,A-87aa7b,05-06-2024,Ongoing,Pro,24,1176.0,14112.0,False,False,True,False,annual,False
3908,S-cdc644,A-76fa4d,03-12-2024,31-12-2024,Enterprise,69,13731.0,164772.0,False,False,False,True,annual,True
3909,S-c57c91,A-39ddf4,24-12-2024,Ongoing,Pro,40,1960.0,23520.0,False,False,False,False,monthly,True
3910,S-2d7947,A-4e960a,04-06-2024,Ongoing,Basic,12,228.0,2736.0,False,False,False,False,annual,True
3911,S-b81200,A-7c6b6b,21-12-2024,Ongoing,Pro,6,294.0,3528.0,False,False,False,False,monthly,True
3912,S-8ea942,A-0651a4,19-12-2024,Ongoing,Enterprise,36,0.0,0.0,True,False,False,False,annual,True
3913,S-0146f6,A-7641d3,13-05-2024,Ongoing,Enterprise,13,2587.0,31044.0,False,False,False,False,monthly,True
3914,S-8b0950,A-dfbd31,15-02-2024,Ongoing,Enterprise,14,2786.0,33432.0,False,False,False,False,monthly,False
3915,S-5bbb5b,A-ffc04f,01-12-2024,Ongoing,Enterprise,15,2985.0,35820.0,False,False,True,False,annual,True
3916,S-ecefa1,A-40a557,26-06-2024,Ongoing,Basic,25,475.0,5700.0,False,False,False,False,monthly,True
3917,S-1526b7,A-2f6a32,24-11-2024,Ongoing,Pro,19,931.0,11172.0,False,True,False,False,annual,True
3918,S-55d484,A-52dd88,15-12-2023,Ongoing,Basic,23,0.0,0.0,True,False,False,False,annual,True
3919,S-94471b,A-ffc04f,04-10-2024,Ongoing,Basic,13,247.0,2964.0,False,False,False,False,monthly,False
3920,S-eb4b0a,A-acb7f7,28-12-2024,Ongoing,Basic,32,608.0,7296.0,False,False,False,False,annual,True
3921,S-f7a5b9,A-ffdfd5,24-04-2024,Ongoing,Pro,11,539.0,6468.0,False,False,False,False,annual,True
3922,S-410fd5,A-a1b80b,09-06-2024,Ongoing,Basic,19,361.0,4332.0,False,False,False,False,annual,True
3923,S-32ab86,A-7c6b6b,28-12-2024,Ongoing,Pro,23,1127.0,13524.0,False,False,False,False,monthly,True
3924,S-9e8b22,A-7c6b6b,16-12-2024,23-12-2024,Pro,6,294.0,3528.0,False,False,False,True,annual,True
3925,S-bf4ec8,A-7a0d69,20-08-2024,Ongoing,Pro,15,735.0,8820.0,False,False,False,False,monthly,True
3926,S-a25d8b,A-40a557,24-03-2024,Ongoing,Enterprise,55,10945.0,131340.0,False,False,False,False,monthly,True
3927,S-37f480,A-87aa7b,25-05-2024,Ongoing,Pro,27,1323.0,15876.0,False,False,False,False,annual,False
3928,S-c27e9c,A-9f2731,02-11-2024,Ongoing,Basic,38,722.0,8664.0,False,False,False,False,monthly,True
3929,S-a76521,A-eb7c38,04-12-2024,Ongoing,Basic,33,627.0,7524.0,False,False,False,False,annual,True
3930,S-0ab9fb,A-05f0e5,22-10-2024,Ongoing,Pro,65,3185.0,38220.0,False,False,False,False,annual,True
3931,S-afc43d,A-02cd81,25-08-2024,Ongoing,Basic,44,836.0,10032.0,False,False,False,False,annual,False
3932,S-b6e44c,A-019782,26-10-2023,Ongoing,Basic,11,209.0,2508.0,False,False,False,False,annual,False
3933,S-6a8046,A-f97b9a,26-12-2023,Ongoing,Enterprise,19,3781.0,45372.0,False,False,False,False,monthly,True
3934,S-a3cbd4,A-42e5e1,01-08-2024,14-08-2024,Enterprise,20,3980.0,47760.0,False,False,False,True,monthly,True
3935,S-f74e00,A-8ae05d,02-12-2024,Ongoing,Pro,86,4214.0,50568.0,False,False,False,False,monthly,True
3936,S-c2eeba,A-65aeb5,02-02-2024,Ongoing,Basic,9,171.0,2052.0,False,False,False,False,monthly,False
3937,S-371662,A-bad8c1,12-06-2023,Ongoing,Pro,54,2646.0,31752.0,False,False,False,False,monthly,True
3938,S-8ebe58,A-cea1f0,09-06-2024,Ongoing,Pro,8,0.0,0.0,True,False,False,False,annual,True
3939,S-6102fe,A-cb5333,25-06-2024,Ongoing,Basic,33,0.0,0.0,True,False,False,False,monthly,False
3940,S-6676fa,A-7df7a7,05-02-2023,Ongoing,Pro,7,343.0,4116.0,False,False,True,False,monthly,True
3941,S-2b550a,A-c7ffc2,01-11-2023,Ongoing,Enterprise,30,5970.0,71640.0,False,True,False,False,monthly,True
3942,S-c48d0d,A-3ce5b8,22-05-2024,Ongoing,Basic,37,703.0,8436.0,False,False,False,False,annual,True
3943,S-7fca0e,A-5b4ebb,21-08-2024,Ongoing,Basic,52,988.0,11856.0,False,False,False,False,annual,True
3944,S-5d343c,A-9208f0,23-09-2023,Ongoing,Basic,25,475.0,5700.0,False,False,False,False,annual,True
3945,S-76b176,A-6da850,10-11-2024,09-12-2024,Pro,8,392.0,4704.0,False,False,False,True,monthly,False
3946,S-e746d2,A-977ca0,18-08-2023,Ongoing,Enterprise,91,18109.0,217308.0,False,False,False,False,monthly,True
3947,S-7b896c,A-ffdfd5,18-08-2024,Ongoing,Basic,30,570.0,6840.0,False,False,False,False,monthly,True
3948,S-c9a968,A-bad8c1,21-03-2024,Ongoing,Basic,8,152.0,1824.0,False,False,False,False,monthly,True
3949,S-f4b648,A-8ae05d,27-11-2024,28-12-2024,Enterprise,86,17114.0,205368.0,False,False,False,True,annual,True
3950,S-f4a3ac,A-1f7acb,22-09-2024,Ongoing,Enterprise,64,12736.0,152832.0,False,False,False,False,annual,True
3951,S-42671b,A-118f1c,11-12-2024,Ongoing,Enterprise,32,6368.0,76416.0,False,False,False,False,annual,True
3952,S-88cc86,A-80eeb6,20-12-2024,31-12-2024,Enterprise,22,4378.0,52536.0,False,False,False,True,annual,True
3953,S-02b754,A-3b37d9,11-10-2023,Ongoing,Enterprise,23,4577.0,54924.0,False,False,False,False,annual,False
3954,S-7826c1,A-157070,23-07-2024,Ongoing,Pro,18,882.0,10584.0,False,False,False,False,monthly,True
3955,S-45c2cf,A-7920cc,11-12-2023,Ongoing,Basic,39,741.0,8892.0,False,False,False,False,monthly,True
3956,S-df819a,A-ffc04f,08-09-2024,Ongoing,Pro,20,980.0,11760.0,False,False,False,False,monthly,False
3957,S-983266,A-dcc2f0,16-09-2024,03-11-2024,Pro,15,735.0,8820.0,False,False,False,True,annual,True
3958,S-16dfaf,A-8e47ca,27-02-2024,Ongoing,Pro,19,931.0,11172.0,False,False,False,False,annual,True
3959,S-f77847,A-186a44,23-08-2023,Ongoing,Basic,20,380.0,4560.0,False,False,True,False,annual,True
3960,S-1053c9,A-69b156,12-10-2024,Ongoing,Basic,14,266.0,3192.0,False,False,False,False,annual,True
3961,S-8eae4e,A-db5e9e,16-12-2024,Ongoing,Enterprise,16,3184.0,38208.0,False,False,False,False,monthly,True
3962,S-bf39f7,A-3793ee,24-01-2024,Ongoing,Pro,49,2401.0,28812.0,False,False,False,False,monthly,True
3963,S-a4142f,A-a8b49c,14-10-2023,Ongoing,Basic,7,133.0,1596.0,False,False,False,False,annual,True
3964,S-e6dee4,A-029f69,11-11-2024,Ongoing,Pro,3,147.0,1764.0,False,False,False,False,annual,True
3965,S-b76ba6,A-d4ac0e,14-12-2024,Ongoing,Pro,18,882.0,10584.0,False,False,False,False,monthly,True
3966,S-5a94f7,A-328bd0,26-09-2023,Ongoing,Pro,33,1617.0,19404.0,False,False,False,False,monthly,True
3967,S-61afee,A-7df7a7,26-06-2023,Ongoing,Enterprise,45,8955.0,107460.0,False,False,False,False,monthly,False
3968,S-2a73e2,A-10b8f2,29-01-2024,Ongoing,Basic,47,893.0,10716.0,False,False,False,False,annual,False
3969,S-e0075b,A-b3fe05,03-09-2024,Ongoing,Enterprise,17,3383.0,40596.0,False,False,False,False,annual,True
3970,S-5bbb53,A-1b7577,03-12-2024,Ongoing,Pro,4,196.0,2352.0,False,False,False,False,annual,True
3971,S-65731a,A-684255,15-12-2024,26-12-2024,Basic,9,0.0,0.0,True,False,True,True,annual,True
3972,S-2d5c04,A-503d5a,27-03-2024,Ongoing,Enterprise,5,995.0,11940.0,False,False,False,False,monthly,True
3973,S-34253c,A-1b9609,02-12-2023,Ongoing,Basic,18,342.0,4104.0,False,False,False,False,annual,False
3974,S-d18856,A-396e5f,05-10-2024,Ongoing,Enterprise,6,1194.0,14328.0,False,False,False,False,monthly,True
3975,S-e6b450,A-eb1312,21-11-2024,Ongoing,Pro,25,1225.0,14700.0,False,False,False,False,monthly,True
3976,S-0d8cfd,A-4ae22a,20-08-2024,Ongoing,Pro,6,294.0,3528.0,False,False,False,False,annual,True
3977,S-86e45a,A-56962b,23-09-2024,Ongoing,Pro,163,7987.0,95844.0,False,False,False,False,annual,True
3978,S-dcae52,A-00cac8,29-10-2024,Ongoing,Enterprise,20,3980.0,47760.0,False,False,False,False,monthly,True
3979,S-17bbdd,A-bcbe98,18-11-2024,Ongoing,Pro,46,2254.0,27048.0,False,False,False,False,annual,True
3980,S-f24690,A-756192,18-11-2024,Ongoing,Basic,19,361.0,4332.0,False,False,False,False,monthly,True
3981,S-9a3e85,A-8ae3fc,06-08-2024,Ongoing,Pro,21,1029.0,12348.0,False,False,False,False,annual,True
3982,S-1c2a4a,A-b7b7b7,29-12-2024,Ongoing,Pro,24,1176.0,14112.0,False,False,False,False,annual,True
3983,S-c37ee1,A-9174e0,08-12-2024,Ongoing,Basic,60,1140.0,13680.0,False,False,False,False,monthly,True
3984,S-4ebd94,A-c62e55,07-03-2024,Ongoing,Pro,24,1176.0,14112.0,False,False,False,False,annual,True
3985,S-61797c,A-ad296b,25-07-2024,Ongoing,Basic,38,722.0,8664.0,False,False,False,False,annual,True
3986,S-f8d0a2,A-a0ca4e,15-05-2024,Ongoing,Basic,11,209.0,2508.0,False,False,False,False,annual,False
3987,S-d0eeb2,A-fce879,18-10-2024,Ongoing,Pro,45,0.0,0.0,True,False,True,False,monthly,True
3988,S-10fc7d,A-cab532,14-10-2024,Ongoing,Enterprise,11,2189.0,26268.0,False,True,False,False,annual,True
3989,S-c249fb,A-cc98bc,25-12-2023,Ongoing,Basic,32,608.0,7296.0,False,False,False,False,monthly,True
3990,S-c86492,A-c43359,18-11-2024,Ongoing,Pro,38,1862.0,22344.0,False,False,False,False,annual,True
3991,S-1be7c5,A-80eeb6,15-07-2023,05-11-2024,Basic,34,646.0,7752.0,False,False,False,True,monthly,True
3992,S-86bcda,A-4a4c2d,18-09-2024,Ongoing,Basic,54,1026.0,12312.0,False,True,False,False,monthly,False
3993,S-ee956d,A-96bbc6,01-09-2024,Ongoing,Pro,39,1911.0,22932.0,False,False,False,False,annual,True
3994,S-404132,A-39ddf4,20-12-2024,29-12-2024,Pro,40,1960.0,23520.0,False,False,False,True,annual,True
3995,S-4d5ab5,A-df1e44,08-08-2024,Ongoing,Enterprise,12,2388.0,28656.0,False,False,False,False,monthly,False
3996,S-e5d9a4,A-09316c,07-12-2024,Ongoing,Enterprise,70,13930.0,167160.0,False,True,False,False,annual,True
3997,S-3684d3,A-7920cc,22-09-2024,Ongoing,Basic,39,741.0,8892.0,False,False,False,False,monthly,True
3998,S-cce4fc,A-659280,28-11-2023,Ongoing,Pro,13,637.0,7644.0,False,False,False,False,annual,True
3999,S-3cae45,A-c16101,18-10-2024,Ongoing,Enterprise,7,1393.0,16716.0,False,False,False,False,annual,True
4000,S-82b11e,A-0651a4,06-12-2024,Ongoing,Basic,21,399.0,4788.0,False,False,False,False,annual,True
4001,S-23d18f,A-ad3abd,21-11-2023,04-02-2024,Basic,44,0.0,0.0,True,False,False,True,monthly,True
4002,S-652885,A-59f724,08-12-2024,Ongoing,Basic,18,342.0,4104.0,False,False,False,False,monthly,True
4003,S-2e7b85,A-328bd0,19-10-2023,Ongoing,Basic,18,342.0,4104.0,False,False,False,False,annual,True
4004,S-48c5be,A-fa2041,05-12-2024,Ongoing,Pro,39,0.0,0.0,True,False,False,False,annual,True
4005,S-277111,A-625d0b,14-10-2024,Ongoing,Pro,9,441.0,5292.0,False,False,False,False,monthly,True
4006,S-505f35,A-5a184f,02-12-2023,Ongoing,Enterprise,22,4378.0,52536.0,False,False,False,False,annual,True
4007,S-70b655,A-ac85cd,16-08-2024,Ongoing,Pro,53,2597.0,31164.0,False,False,False,False,monthly,False
4008,S-4ac0bb,A-7c6b6b,25-12-2024,Ongoing,Pro,28,1372.0,16464.0,False,False,False,False,monthly,False
4009,S-4ea564,A-de58ca,09-08-2024,Ongoing,Basic,15,285.0,3420.0,False,False,False,False,annual,True
4010,S-1a9c5c,A-c58f49,02-11-2024,Ongoing,Basic,70,0.0,0.0,True,False,False,False,annual,True
4011,S-23dab0,A-65aeb5,30-09-2024,Ongoing,Pro,9,441.0,5292.0,False,False,False,False,annual,True
4012,S-d396d1,A-2edab2,05-03-2024,11-10-2024,Pro,17,833.0,9996.0,False,False,False,True,monthly,True
4013,S-f1826f,A-4c6f11,30-03-2024,Ongoing,Enterprise,24,4776.0,57312.0,False,False,False,False,monthly,True
4014,S-1c3a42,A-f45426,14-09-2024,Ongoing,Enterprise,20,3980.0,47760.0,False,False,False,False,annual,True
4015,S-27c00d,A-a6d261,08-06-2024,Ongoing,Basic,48,912.0,10944.0,False,False,False,False,monthly,True
4016,S-2e4018,A-7f8241,06-06-2023,Ongoing,Enterprise,34,6766.0,81192.0,False,True,False,False,monthly,True
4017,S-4da459,A-02cd81,29-12-2024,Ongoing,Pro,44,2156.0,25872.0,False,False,False,False,annual,True
4018,S-5879cf,A-a09355,02-09-2024,Ongoing,Enterprise,30,5970.0,71640.0,False,False,False,False,monthly,True
4019,S-2e965d,A-00cac8,16-09-2023,Ongoing,Pro,8,392.0,4704.0,False,False,False,False,monthly,True
4020,S-e0f238,A-463db0,09-12-2024,Ongoing,Pro,35,1715.0,20580.0,False,False,False,False,annual,True
4021,S-752e61,A-e3bd71,24-03-2024,Ongoing,Enterprise,31,6169.0,74028.0,False,False,False,False,monthly,True
4022,S-1a3d9c,A-684255,07-07-2024,Ongoing,Pro,11,539.0,6468.0,False,False,False,False,annual,False
4023,S-525d6b,A-94f8c9,17-04-2024,29-05-2024,Enterprise,13,0.0,0.0,True,False,False,True,monthly,True
4024,S-a45a12,A-dcc3f1,27-12-2023,Ongoing,Basic,21,399.0,4788.0,False,False,False,False,monthly,True
4025,S-975ee4,A-a09355,18-11-2024,24-11-2024,Pro,14,686.0,8232.0,False,False,False,True,annual,False
4026,S-50c6f5,A-a6d261,26-04-2024,26-11-2024,Enterprise,103,20497.0,245964.0,False,False,False,True,monthly,True
4027,S-150c8e,A-58b9ff,03-11-2024,Ongoing,Pro,33,1617.0,19404.0,False,False,False,False,monthly,True
4028,S-da2f0b,A-8145a0,10-08-2024,Ongoing,Enterprise,12,2388.0,28656.0,False,True,False,False,annual,True
4029,S-2bc860,A-98a59a,10-11-2023,Ongoing,Pro,56,2744.0,32928.0,False,True,False,False,monthly,False
4030,S-da9d5f,A-a33200,21-10-2024,Ongoing,Basic,29,551.0,6612.0,False,False,False,False,annual,True
4031,S-c7f2e5,A-34ea2f,09-11-2024,19-11-2024,Enterprise,21,4179.0,50148.0,False,False,False,True,annual,True
4032,S-eef92e,A-fdfc91,11-08-2024,Ongoing,Pro,66,3234.0,38808.0,False,False,False,False,annual,True
4033,S-3947da,A-37f969,12-09-2024,Ongoing,Enterprise,30,5970.0,71640.0,False,True,False,False,annual,True
4034,S-51590f,A-249769,17-11-2024,Ongoing,Basic,9,171.0,2052.0,False,False,False,False,annual,True
4035,S-383ac2,A-09316c,22-10-2024,Ongoing,Basic,70,0.0,0.0,True,False,False,False,monthly,False
4036,S-44e3ac,A-81edc3,14-01-2024,Ongoing,Enterprise,5,995.0,11940.0,False,False,False,False,monthly,True
4037,S-ebe172,A-c4ea60,29-05-2023,Ongoing,Basic,18,342.0,4104.0,False,False,False,False,monthly,True
4038,S-a4139f,A-c45b23,01-02-2024,Ongoing,Pro,5,245.0,2940.0,False,False,False,False,monthly,True
4039,S-32d874,A-02cd81,04-05-2024,Ongoing,Pro,44,2156.0,25872.0,False,False,False,False,annual,False
4040,S-4e63e7,A-a33200,25-10-2024,24-11-2024,Enterprise,29,5771.0,69252.0,False,False,False,True,annual,True
4041,S-810c27,A-8ed5dd,21-08-2024,Ongoing,Basic,5,95.0,1140.0,False,False,False,False,annual,True
4042,S-74d86d,A-5ed98d,20-12-2024,Ongoing,Basic,54,1026.0,12312.0,False,True,False,False,annual,True
4043,S-ad32a8,A-6843f2,11-12-2024,Ongoing,Pro,21,1029.0,12348.0,False,False,False,False,monthly,True
4044,S-2f729b,A-3be56b,01-02-2024,05-03-2024,Pro,35,1715.0,20580.0,False,False,False,True,monthly,True
4045,S-3eb56d,A-463db0,31-12-2024,Ongoing,Pro,15,735.0,8820.0,False,False,False,False,annual,True
4046,S-21bd9b,A-65a46c,24-12-2024,Ongoing,Pro,35,1715.0,20580.0,False,False,False,False,annual,True
4047,S-2e0575,A-4814a3,06-11-2024,31-12-2024,Enterprise,87,17313.0,207756.0,False,False,False,True,annual,True
4048,S-1630dd,A-fda07f,14-09-2024,Ongoing,Pro,34,1666.0,19992.0,False,False,False,False,annual,True
4049,S-9842bb,A-4814a3,27-10-2024,Ongoing,Enterprise,87,17313.0,207756.0,False,False,False,False,monthly,False
4050,S-12ed58,A-1f0ac7,14-11-2024,Ongoing,Basic,32,608.0,7296.0,False,False,False,False,annual,True
4051,S-be3ff6,A-de58ca,17-07-2023,Ongoing,Pro,105,0.0,0.0,True,False,False,False,annual,False
4052,S-a36281,A-c45b23,29-12-2023,Ongoing,Basic,8,152.0,1824.0,False,False,False,False,monthly,True
4053,S-7d651b,A-4ef964,15-11-2024,Ongoing,Pro,28,1372.0,16464.0,False,False,False,False,monthly,True
4054,S-668cdc,A-40de06,08-11-2023,Ongoing,Pro,28,1372.0,16464.0,False,False,False,False,monthly,True
4055,S-3ef584,A-72799b,17-11-2023,Ongoing,Enterprise,20,3980.0,47760.0,False,False,False,False,annual,True
4056,S-9211e5,A-d4ac0e,12-10-2024,Ongoing,Enterprise,28,5572.0,66864.0,False,False,False,False,annual,True
4057,S-3ae2dd,A-f45426,05-08-2024,Ongoing,Basic,57,0.0,0.0,True,False,False,False,annual,True
4058,S-942caf,A-812c5b,07-11-2024,Ongoing,Basic,71,1349.0,16188.0,False,False,False,False,monthly,True
4059,S-d71bdd,A-c45b23,26-05-2024,Ongoing,Enterprise,9,1791.0,21492.0,False,False,False,False,annual,False
4060,S-f32731,A-20736a,02-10-2024,Ongoing,Enterprise,50,0.0,0.0,True,False,False,False,monthly,True
4061,S-911b0a,A-8ed5dd,08-08-2023,Ongoing,Pro,5,245.0,2940.0,False,False,False,False,annual,True
4062,S-d09309,A-d49cc5,09-10-2024,Ongoing,Pro,75,3675.0,44100.0,False,False,False,False,monthly,True
4063,S-4260ed,A-4f18f0,15-07-2024,Ongoing,Basic,24,456.0,5472.0,False,False,False,False,annual,True
4064,S-c7e38a,A-2edab2,03-10-2024,Ongoing,Basic,17,323.0,3876.0,False,False,False,False,annual,True
4065,S-d22c1d,A-337bc1,18-09-2024,Ongoing,Pro,86,4214.0,50568.0,False,False,True,False,monthly,False
4066,S-aadf83,A-700ade,20-11-2024,04-12-2024,Enterprise,9,1791.0,21492.0,False,False,False,True,annual,True
4067,S-096835,A-117171,20-10-2024,Ongoing,Enterprise,45,0.0,0.0,True,False,False,False,monthly,True
4068,S-8ba96c,A-f6b2fb,20-06-2024,Ongoing,Enterprise,23,4577.0,54924.0,False,False,False,False,annual,True
4069,S-3112d0,A-68f37c,11-04-2024,Ongoing,Basic,94,1786.0,21432.0,False,False,False,False,monthly,True
4070,S-7ea5d9,A-684255,05-08-2024,Ongoing,Pro,10,490.0,5880.0,False,True,False,False,monthly,True
4071,S-c796c1,A-aa9511,11-10-2023,Ongoing,Pro,23,1127.0,13524.0,False,False,False,False,monthly,True
4072,S-0ea795,A-d3c88e,27-10-2024,Ongoing,Pro,16,784.0,9408.0,False,False,False,False,annual,True
4073,S-32545c,A-7dacce,13-11-2024,Ongoing,Enterprise,15,2985.0,35820.0,False,False,False,False,annual,False
4074,S-2aaca3,A-751c58,18-12-2024,Ongoing,Enterprise,26,5174.0,62088.0,False,False,False,False,monthly,True
4075,S-6fde5e,A-7c4956,20-12-2024,Ongoing,Basic,27,513.0,6156.0,False,False,False,False,annual,True
4076,S-7ccc38,A-2d1036,13-07-2024,Ongoing,Basic,69,1311.0,15732.0,False,False,False,False,annual,False
4077,S-ff9bde,A-8bde0c,20-12-2024,22-12-2024,Pro,12,588.0,7056.0,False,False,False,True,monthly,True
4078,S-a01d87,A-e5d6ab,27-06-2024,Ongoing,Basic,9,171.0,2052.0,False,False,False,False,annual,True
4079,S-9ac7cb,A-712f1c,19-04-2024,Ongoing,Pro,18,882.0,10584.0,False,False,False,False,monthly,True
4080,S-b47d75,A-b2225d,13-05-2024,Ongoing,Enterprise,47,9353.0,112236.0,False,False,False,False,annual,True
4081,S-d71a1f,A-40a557,03-11-2024,Ongoing,Pro,16,784.0,9408.0,False,True,False,False,annual,True
4082,S-08e560,A-de58ca,25-09-2023,07-01-2024,Pro,15,735.0,8820.0,False,False,False,True,monthly,True
4083,S-46ff9c,A-139c3b,27-11-2024,16-12-2024,Pro,28,1372.0,16464.0,False,False,False,True,monthly,True
4084,S-d91f4c,A-1b7577,15-11-2024,15-11-2024,Basic,10,190.0,2280.0,False,False,True,True,monthly,True
4085,S-40adae,A-8145a0,26-01-2024,Ongoing,Basic,10,190.0,2280.0,False,False,False,False,monthly,True
4086,S-db4e11,A-49b828,09-08-2024,Ongoing,Pro,14,686.0,8232.0,False,False,False,False,monthly,True
4087,S-e4a862,A-3ce5b8,03-10-2024,Ongoing,Enterprise,8,0.0,0.0,True,False,False,False,annual,True
4088,S-e7cb68,A-474ad4,29-01-2024,Ongoing,Pro,9,441.0,5292.0,False,False,False,False,annual,True
4089,S-e093a9,A-80eeb6,02-08-2023,Ongoing,Pro,22,1078.0,12936.0,False,True,False,False,monthly,True
4090,S-56834c,A-158f4e,30-08-2023,Ongoing,Pro,61,0.0,0.0,True,False,False,False,monthly,True
4091,S-11d922,A-533452,28-11-2024,Ongoing,Enterprise,15,2985.0,35820.0,False,False,True,False,monthly,True
4092,S-58b22d,A-6f50ae,31-12-2024,Ongoing,Enterprise,19,3781.0,45372.0,False,False,False,False,monthly,True
4093,S-42daaa,A-08e34e,07-08-2024,Ongoing,Basic,77,1463.0,17556.0,False,False,False,False,annual,False
4094,S-fa0d9e,A-726cfa,16-12-2024,Ongoing,Enterprise,38,7562.0,90744.0,False,False,False,False,monthly,False
4095,S-55c61c,A-8b0451,21-12-2024,Ongoing,Enterprise,41,8159.0,97908.0,False,False,False,False,annual,True
4096,S-9917a2,A-ac14bb,29-02-2024,Ongoing,Pro,26,0.0,0.0,True,False,False,False,annual,True
4097,S-154918,A-c1dfe1,22-09-2024,Ongoing,Basic,26,494.0,5928.0,False,False,False,False,monthly,False
4098,S-20152a,A-fabe19,20-12-2024,Ongoing,Enterprise,33,0.0,0.0,True,False,False,False,annual,False
4099,S-f0e08e,A-69b156,16-09-2024,Ongoing,Enterprise,13,2587.0,31044.0,False,False,False,False,monthly,True
4100,S-0896f4,A-781cc0,08-12-2024,Ongoing,Basic,12,228.0,2736.0,False,False,False,False,annual,True
4101,S-328ac2,A-417d2f,14-10-2024,Ongoing,Pro,4,196.0,2352.0,False,False,False,False,annual,False
4102,S-4df118,A-86fc1d,28-10-2024,02-11-2024,Basic,26,494.0,5928.0,False,True,False,True,monthly,True
4103,S-01bbff,A-de24d5,17-11-2024,Ongoing,Basic,5,95.0,1140.0,False,False,False,False,annual,True
4104,S-31d765,A-7dacce,04-12-2024,Ongoing,Pro,12,0.0,0.0,True,True,False,False,annual,True
4105,S-c64b73,A-de58ca,20-04-2023,Ongoing,Pro,15,735.0,8820.0,False,False,False,False,annual,True
4106,S-720940,A-2bc93d,29-07-2023,Ongoing,Basic,20,380.0,4560.0,False,True,False,False,monthly,True
4107,S-e753fa,A-a6d261,06-02-2024,Ongoing,Pro,28,1372.0,16464.0,False,True,False,False,annual,True
4108,S-755502,A-5a3eb9,28-05-2024,Ongoing,Enterprise,18,3582.0,42984.0,False,False,False,False,annual,True
4109,S-5480a7,A-94d3da,05-06-2023,Ongoing,Enterprise,41,8159.0,97908.0,False,True,False,False,annual,True
4110,S-db7a77,A-7df7a7,13-12-2023,Ongoing,Enterprise,15,2985.0,35820.0,False,False,False,False,annual,True
4111,S-6403db,A-37f969,02-11-2023,Ongoing,Basic,51,969.0,11628.0,False,False,False,False,monthly,True
4112,S-22f096,A-c58f49,15-10-2024,Ongoing,Enterprise,70,13930.0,167160.0,False,False,False,False,monthly,True
4113,S-20f1bd,A-bb2f49,16-02-2024,Ongoing,Pro,16,784.0,9408.0,False,False,False,False,monthly,True
4114,S-bbff6f,A-df10db,19-05-2024,Ongoing,Pro,26,1274.0,15288.0,False,False,False,False,monthly,True
4115,S-3a694d,A-781cc0,10-11-2024,Ongoing,Pro,20,980.0,11760.0,False,False,False,False,monthly,False
4116,S-e1820e,A-0651a4,24-11-2024,Ongoing,Enterprise,19,3781.0,45372.0,False,False,False,False,annual,True
4117,S-67595c,A-508199,08-02-2024,Ongoing,Basic,27,513.0,6156.0,False,False,False,False,annual,False
4118,S-17fb4d,A-71615e,04-07-2024,Ongoing,Enterprise,15,2985.0,35820.0,False,False,False,False,monthly,True
4119,S-f8a794,A-dec005,22-12-2023,Ongoing,Enterprise,31,6169.0,74028.0,False,False,False,False,monthly,True
4120,S-dc1c10,A-139c3b,28-11-2024,Ongoing,Basic,29,551.0,6612.0,False,False,False,False,annual,True
4121,S-59d050,A-751c58,11-10-2024,Ongoing,Pro,45,2205.0,26460.0,False,True,False,False,monthly,True
4122,S-a3b329,A-3a7284,23-12-2024,Ongoing,Basic,37,703.0,8436.0,False,False,True,False,monthly,False
4123,S-2881e0,A-42e5e1,21-07-2024,Ongoing,Pro,1,49.0,588.0,False,False,True,False,annual,True
4124,S-5d532c,A-cd458b,26-12-2024,Ongoing,Enterprise,10,1990.0,23880.0,False,False,True,False,monthly,True
4125,S-f9c661,A-1e50e0,05-09-2024,Ongoing,Enterprise,19,3781.0,45372.0,False,False,False,False,annual,True
4126,S-817e4b,A-42b791,08-10-2024,Ongoing,Enterprise,75,14925.0,179100.0,False,False,False,False,annual,False
4127,S-59be40,A-94f8c9,21-10-2024,Ongoing,Basic,13,247.0,2964.0,False,False,False,False,annual,True
4128,S-d82234,A-d77f4c,17-12-2024,18-12-2024,Pro,4,196.0,2352.0,False,True,False,True,annual,True
4129,S-68f388,A-671f31,27-11-2024,Ongoing,Basic,59,1121.0,13452.0,False,False,False,False,monthly,True
4130,S-eae806,A-c37601,30-12-2024,Ongoing,Enterprise,54,10746.0,128952.0,False,False,False,False,monthly,False
4131,S-1f0d7f,A-32728c,05-05-2024,Ongoing,Basic,20,380.0,4560.0,False,False,False,False,annual,True
4132,S-544f34,A-fdfc91,09-05-2024,Ongoing,Pro,29,1421.0,17052.0,False,False,False,False,monthly,True
4133,S-e71203,A-117171,02-10-2024,Ongoing,Enterprise,45,8955.0,107460.0,False,False,True,False,monthly,True
4134,S-a53eac,A-9077b0,18-11-2024,Ongoing,Basic,2,0.0,0.0,True,False,False,False,monthly,True
4135,S-efdeae,A-3793ee,23-10-2024,Ongoing,Enterprise,49,9751.0,117012.0,False,False,False,False,monthly,False
4136,S-29ccb8,A-eb1312,28-12-2024,Ongoing,Basic,25,475.0,5700.0,False,False,False,False,annual,True
4137,S-467016,A-e83938,28-11-2024,Ongoing,Enterprise,7,1393.0,16716.0,False,False,False,False,monthly,True
4138,S-12a13c,A-40a557,14-12-2024,Ongoing,Enterprise,16,3184.0,38208.0,False,False,False,False,monthly,True
4139,S-82ffca,A-508199,30-01-2024,Ongoing,Enterprise,19,3781.0,45372.0,False,False,False,False,annual,False
4140,S-85b5ce,A-e7a1e2,26-12-2024,Ongoing,Basic,10,190.0,2280.0,False,False,False,False,annual,True
4141,S-c1c645,A-443b7c,06-10-2024,Ongoing,Basic,4,76.0,912.0,False,True,False,False,annual,True
4142,S-02984e,A-2e3bad,21-06-2024,Ongoing,Enterprise,61,12139.0,145668.0,False,False,False,False,annual,True
4143,S-15e705,A-adc1f3,18-12-2024,Ongoing,Pro,9,441.0,5292.0,False,False,False,False,annual,True
4144,S-0a19d1,A-5b4ebb,21-10-2024,Ongoing,Enterprise,21,4179.0,50148.0,False,False,False,False,annual,False
4145,S-d50d25,A-6f50ae,13-07-2024,Ongoing,Pro,19,931.0,11172.0,False,False,False,False,annual,True
4146,S-cb2ad3,A-52dd88,13-11-2024,Ongoing,Basic,28,532.0,6384.0,False,True,False,False,annual,True
4147,S-15afd8,A-5c046d,18-12-2024,Ongoing,Enterprise,93,18507.0,222084.0,False,False,False,False,annual,True
4148,S-e79dbc,A-2e4581,30-10-2024,Ongoing,Pro,66,0.0,0.0,True,False,False,False,monthly,True
4149,S-33200e,A-f5641b,06-08-2024,Ongoing,Enterprise,31,6169.0,74028.0,False,False,False,False,monthly,True
4150,S-d5eae3,A-e7a1e2,09-08-2024,Ongoing,Enterprise,12,2388.0,28656.0,False,False,False,False,monthly,False
4151,S-f20079,A-8ae3fc,16-12-2024,Ongoing,Basic,20,380.0,4560.0,False,False,False,False,monthly,True
4152,S-93622a,A-d4ac0e,10-05-2024,Ongoing,Basic,156,0.0,0.0,True,False,False,False,monthly,True
4153,S-c62bb7,A-0a62f5,16-09-2024,Ongoing,Enterprise,16,3184.0,38208.0,False,False,False,False,monthly,True
4154,S-6696a0,A-82861f,04-08-2024,Ongoing,Basic,41,779.0,9348.0,False,False,False,False,monthly,True
4155,S-510999,A-7da956,30-06-2024,Ongoing,Enterprise,13,0.0,0.0,True,True,False,False,monthly,True
4156,S-255846,A-9a532a,28-08-2024,Ongoing,Enterprise,33,6567.0,78804.0,False,False,False,False,monthly,True
4157,S-fd8bb6,A-337bc1,02-08-2023,Ongoing,Pro,30,1470.0,17640.0,False,False,False,False,monthly,True
4158,S-d7461b,A-fa3095,17-12-2023,Ongoing,Pro,70,3430.0,41160.0,False,False,False,False,monthly,True
4159,S-2361ec,A-c45b23,12-12-2024,15-12-2024,Enterprise,26,5174.0,62088.0,False,False,False,True,annual,True
4160,S-9c47f6,A-5b1bcd,13-04-2024,Ongoing,Pro,73,0.0,0.0,True,False,False,False,annual,True
4161,S-c20518,A-b2af2e,14-10-2024,Ongoing,Enterprise,5,995.0,11940.0,False,False,False,False,monthly,True
4162,S-cdf835,A-f19409,17-04-2024,Ongoing,Pro,23,1127.0,13524.0,False,False,False,False,monthly,False
4163,S-cde2c6,A-dec005,17-09-2024,Ongoing,Enterprise,21,4179.0,50148.0,False,False,False,False,monthly,True
4164,S-af6974,A-86cdb4,23-11-2024,Ongoing,Pro,18,882.0,10584.0,False,False,False,False,annual,True
4165,S-38c5fd,A-32fb14,20-11-2023,28-06-2024,Basic,26,494.0,5928.0,False,False,False,True,annual,True
4166,S-7bf6d8,A-fe79a5,23-03-2024,Ongoing,Basic,9,0.0,0.0,True,False,False,False,annual,True
4167,S-ada98e,A-2789e3,21-10-2024,Ongoing,Basic,11,209.0,2508.0,False,True,False,False,annual,True
4168,S-3a3be9,A-1b707d,03-05-2024,14-07-2024,Basic,8,152.0,1824.0,False,False,False,True,annual,True
4169,S-d4e525,A-7988d1,25-07-2024,Ongoing,Basic,33,627.0,7524.0,False,False,False,False,annual,True
4170,S-8a6579,A-80eeb6,01-11-2024,Ongoing,Basic,22,418.0,5016.0,False,True,False,False,annual,True
4171,S-db7a97,A-e60f9d,11-11-2024,Ongoing,Enterprise,48,9552.0,114624.0,False,False,True,False,monthly,True
4172,S-699110,A-fda07f,01-10-2024,Ongoing,Enterprise,27,5373.0,64476.0,False,True,False,False,annual,False
4173,S-f5f52a,A-7641d3,18-06-2024,Ongoing,Pro,8,392.0,4704.0,False,False,False,False,annual,True
4174,S-748318,A-726cfa,03-11-2024,Ongoing,Basic,14,266.0,3192.0,False,False,False,False,annual,True
4175,S-bb7eef,A-798a3f,26-12-2023,24-04-2024,Basic,31,589.0,7068.0,False,True,False,True,annual,True
4176,S-af6536,A-13466a,11-02-2024,28-10-2024,Enterprise,40,7960.0,95520.0,False,False,False,True,monthly,True
4177,S-5f75b5,A-1b707d,13-04-2024,Ongoing,Enterprise,19,3781.0,45372.0,False,False,False,False,annual,True
4178,S-6f47c5,A-0b0d6d,31-12-2024,31-12-2024,Enterprise,13,2587.0,31044.0,False,False,False,True,annual,True
4179,S-552434,A-7f4db3,14-08-2024,Ongoing,Pro,79,3871.0,46452.0,False,False,False,False,annual,True
4180,S-86615c,A-592832,03-10-2024,Ongoing,Enterprise,26,5174.0,62088.0,False,True,False,False,monthly,True
4181,S-778307,A-f17767,15-11-2023,Ongoing,Pro,23,1127.0,13524.0,False,False,False,False,monthly,True
4182,S-1e1853,A-089363,25-11-2024,31-12-2024,Enterprise,26,5174.0,62088.0,False,False,False,True,monthly,True
4183,S-e371b7,A-310452,28-12-2024,Ongoing,Enterprise,50,9950.0,119400.0,False,False,False,False,monthly,True
4184,S-36885c,A-02cd81,07-04-2024,Ongoing,Pro,44,0.0,0.0,True,False,False,False,annual,True
4185,S-304f59,A-625d0b,15-10-2024,Ongoing,Basic,25,0.0,0.0,True,False,False,False,annual,True
4186,S-3e5d57,A-503d5a,24-01-2024,Ongoing,Basic,25,0.0,0.0,True,False,False,False,annual,True
4187,S-013f5c,A-40de06,16-07-2024,Ongoing,Pro,35,0.0,0.0,True,False,False,False,annual,True
4188,S-acb7af,A-8adedc,23-05-2024,Ongoing,Enterprise,4,0.0,0.0,True,False,False,False,annual,True
4189,S-9fae95,A-96bbc6,08-12-2024,Ongoing,Enterprise,56,11144.0,133728.0,False,True,False,False,annual,True
4190,S-70cf3c,A-3b5cd1,24-03-2024,Ongoing,Pro,13,637.0,7644.0,False,False,False,False,monthly,True
4191,S-d26bbf,A-054577,29-06-2024,Ongoing,Pro,35,1715.0,20580.0,False,False,False,False,monthly,True
4192,S-f7ef84,A-b11cd0,30-12-2023,Ongoing,Pro,26,1274.0,15288.0,False,False,False,False,annual,True
4193,S-7480e6,A-524364,31-12-2024,Ongoing,Enterprise,43,8557.0,102684.0,False,False,False,False,annual,True
4194,S-b95b76,A-dbc825,02-05-2024,Ongoing,Pro,19,931.0,11172.0,False,False,False,False,monthly,True
4195,S-639754,A-034368,14-12-2023,Ongoing,Basic,19,0.0,0.0,True,False,False,False,monthly,True
4196,S-06e3cd,A-42e5e1,22-10-2024,Ongoing,Basic,22,0.0,0.0,True,False,False,False,monthly,True
4197,S-0e43ee,A-09540c,28-05-2024,Ongoing,Enterprise,67,13333.0,159996.0,False,False,False,False,monthly,True
4198,S-a408fe,A-02fac6,18-10-2024,Ongoing,Pro,22,1078.0,12936.0,False,True,False,False,monthly,True
4199,S-916cca,A-e51ec7,04-10-2024,31-10-2024,Basic,3,0.0,0.0,True,True,False,True,annual,True
4200,S-332e0d,A-3b5cd1,30-09-2023,Ongoing,Pro,13,0.0,0.0,True,False,True,False,monthly,True
4201,S-5798f3,A-d77f4c,21-07-2024,Ongoing,Pro,7,343.0,4116.0,False,False,False,False,monthly,False
4202,S-ea389c,A-df10db,08-09-2024,Ongoing,Basic,14,266.0,3192.0,False,False,False,False,monthly,True
4203,S-8932ce,A-fa3095,18-12-2024,Ongoing,Basic,70,1330.0,15960.0,False,False,False,False,monthly,True
4204,S-14d515,A-eb7c38,02-07-2024,Ongoing,Enterprise,33,6567.0,78804.0,False,False,False,False,monthly,False
4205,S-99efdc,A-4e44e8,19-12-2024,Ongoing,Enterprise,17,3383.0,40596.0,False,False,False,False,annual,True
4206,S-183502,A-4e960a,11-04-2024,Ongoing,Enterprise,71,14129.0,169548.0,False,False,False,False,monthly,True
4207,S-7ff88c,A-b7ef83,30-12-2024,Ongoing,Pro,12,588.0,7056.0,False,False,False,False,monthly,False
4208,S-583674,A-7c5768,28-09-2024,Ongoing,Pro,6,0.0,0.0,True,False,False,False,monthly,True
4209,S-6e0386,A-2d4502,04-09-2024,Ongoing,Enterprise,22,4378.0,52536.0,False,False,False,False,monthly,True
4210,S-79535e,A-4a4c2d,11-12-2024,Ongoing,Pro,54,2646.0,31752.0,False,False,False,False,monthly,True
4211,S-180ae3,A-cab532,25-03-2024,Ongoing,Pro,11,539.0,6468.0,False,False,False,False,annual,True
4212,S-31be9c,A-5f2961,02-12-2024,Ongoing,Basic,55,1045.0,12540.0,False,False,False,False,monthly,False
4213,S-183460,A-310452,29-12-2024,Ongoing,Basic,9,171.0,2052.0,False,False,False,False,annual,True
4214,S-2b608a,A-adc1f3,18-09-2024,Ongoing,Basic,16,0.0,0.0,True,False,False,False,monthly,True
4215,S-499ea3,A-c16cf7,21-10-2024,12-11-2024,Enterprise,24,4776.0,57312.0,False,False,False,True,monthly,True
4216,S-a916c8,A-3cc791,26-04-2024,Ongoing,Basic,12,0.0,0.0,True,False,False,False,monthly,False
4217,S-4e563b,A-10b8f2,26-04-2024,Ongoing,Basic,103,1957.0,23484.0,False,False,False,False,annual,True
4218,S-f4e0a6,A-e61e98,31-08-2024,Ongoing,Basic,19,361.0,4332.0,False,False,False,False,monthly,True
4219,S-7717d6,A-378b99,02-12-2024,Ongoing,Enterprise,32,0.0,0.0,True,True,False,False,monthly,True
4220,S-ff4e21,A-7a0d69,22-11-2024,Ongoing,Pro,6,294.0,3528.0,False,True,False,False,annual,True
4221,S-40b133,A-432483,11-04-2023,Ongoing,Basic,4,0.0,0.0,True,False,False,False,annual,False
4222,S-92f228,A-779e4e,09-01-2023,Ongoing,Basic,9,171.0,2052.0,False,False,False,False,annual,True
4223,S-2aec7e,A-ce66f8,21-05-2024,Ongoing,Basic,29,551.0,6612.0,False,False,False,False,annual,True
4224,S-78f326,A-4c38bc,21-04-2024,Ongoing,Basic,36,0.0,0.0,True,False,False,False,monthly,True
4225,S-0e12d4,A-a45270,02-08-2024,Ongoing,Pro,13,637.0,7644.0,False,False,False,False,monthly,True
4226,S-9093cf,A-8ed5dd,18-02-2024,Ongoing,Enterprise,30,5970.0,71640.0,False,False,False,False,monthly,True
4227,S-db94ad,A-313be3,14-11-2024,Ongoing,Enterprise,47,0.0,0.0,True,False,False,False,annual,True
4228,S-59edf9,A-427b69,16-12-2024,Ongoing,Basic,17,323.0,3876.0,False,False,False,False,monthly,False
4229,S-e854de,A-18793f,25-12-2024,Ongoing,Pro,148,7252.0,87024.0,False,False,False,False,monthly,True
4230,S-28eeec,A-89ee83,29-11-2024,Ongoing,Pro,2,98.0,1176.0,False,True,False,False,annual,True
4231,S-b93c11,A-9f9299,08-07-2024,Ongoing,Basic,28,532.0,6384.0,False,False,False,False,monthly,False
4232,S-6cb3d7,A-fd7ad3,26-11-2024,20-12-2024,Pro,11,539.0,6468.0,False,True,False,True,annual,True
4233,S-bbdf5c,A-b7ef83,21-06-2024,Ongoing,Enterprise,8,1592.0,19104.0,False,False,False,False,monthly,True
4234,S-5b8c4f,A-7c5768,05-05-2024,Ongoing,Basic,8,152.0,1824.0,False,False,False,False,monthly,False
4235,S-6b9696,A-c16cf7,23-12-2024,Ongoing,Basic,35,665.0,7980.0,False,False,False,False,annual,True
4236,S-9f009b,A-68f37c,30-11-2023,Ongoing,Basic,16,0.0,0.0,True,False,False,False,monthly,True
4237,S-8317da,A-d49cc5,10-12-2024,Ongoing,Basic,50,950.0,11400.0,False,False,False,False,monthly,True
4238,S-d61866,A-f17767,22-03-2023,Ongoing,Enterprise,6,1194.0,14328.0,False,True,False,False,monthly,True
4239,S-0b8b0c,A-f17767,03-08-2024,Ongoing,Enterprise,1,199.0,2388.0,False,False,False,False,monthly,False
4240,S-084930,A-c1e51e,08-12-2024,Ongoing,Enterprise,3,597.0,7164.0,False,False,False,False,monthly,True
4241,S-2abab6,A-ae052e,22-01-2024,29-10-2024,Pro,39,0.0,0.0,True,False,True,True,monthly,True
4242,S-6b144c,A-3cc791,10-04-2024,Ongoing,Basic,16,304.0,3648.0,False,False,False,False,annual,True
4243,S-0efc9b,A-4bfa33,13-12-2024,Ongoing,Basic,12,228.0,2736.0,False,False,False,False,monthly,True
4244,S-f690e0,A-1f559b,25-07-2024,Ongoing,Basic,7,133.0,1596.0,False,False,False,False,monthly,True
4245,S-6ac338,A-2b9d3e,29-08-2024,Ongoing,Basic,28,532.0,6384.0,False,False,False,False,annual,True
4246,S-f52c97,A-40de06,17-11-2024,Ongoing,Basic,28,532.0,6384.0,False,False,True,False,annual,True
4247,S-8b00ff,A-40906c,19-06-2024,Ongoing,Enterprise,92,18308.0,219696.0,False,False,False,False,annual,True
4248,S-c7f25a,A-87aa7b,10-08-2024,Ongoing,Basic,25,475.0,5700.0,False,True,False,False,monthly,True
4249,S-dbee03,A-49b828,16-05-2023,Ongoing,Basic,9,171.0,2052.0,False,False,False,False,monthly,True
4250,S-1f15a2,A-7f4db3,05-04-2023,Ongoing,Basic,39,0.0,0.0,True,False,False,False,annual,True
4251,S-3da8ee,A-271f46,22-11-2024,Ongoing,Enterprise,46,9154.0,109848.0,False,False,False,False,monthly,True
4252,S-51dfbc,A-7f8241,24-09-2023,Ongoing,Pro,34,1666.0,19992.0,False,False,False,False,monthly,False
4253,S-027102,A-3c1a3f,30-09-2024,Ongoing,Enterprise,3,597.0,7164.0,False,False,False,False,annual,True
4254,S-d6f31b,A-b20d99,03-11-2024,Ongoing,Enterprise,20,3980.0,47760.0,False,True,False,False,monthly,True
4255,S-b5b39a,A-1f0636,17-03-2024,Ongoing,Pro,105,0.0,0.0,True,False,False,False,annual,True
4256,S-7ab956,A-53f4e3,03-12-2024,Ongoing,Basic,13,247.0,2964.0,False,False,False,False,annual,True
4257,S-0a7396,A-54d94a,24-02-2024,Ongoing,Pro,27,1323.0,15876.0,False,False,True,False,monthly,True
4258,S-337c84,A-2bc93d,22-09-2024,Ongoing,Basic,29,551.0,6612.0,False,True,False,False,annual,True
4259,S-b8c3e6,A-8ae05d,13-12-2024,Ongoing,Enterprise,86,0.0,0.0,True,False,False,False,monthly,True
4260,S-cd5968,A-ee42db,21-10-2023,Ongoing,Pro,13,637.0,7644.0,False,False,False,False,monthly,True
4261,S-dc3e11,A-2f6a32,01-12-2024,Ongoing,Pro,19,931.0,11172.0,False,False,False,False,monthly,True
4262,S-b18409,A-92a3af,26-10-2024,Ongoing,Pro,25,1225.0,14700.0,False,False,False,False,monthly,True
4263,S-d365af,A-4e44e8,01-09-2024,Ongoing,Basic,11,209.0,2508.0,False,False,False,False,annual,True
4264,S-eaf2e2,A-427b69,24-10-2024,Ongoing,Pro,17,833.0,9996.0,False,False,False,False,annual,False
4265,S-b7482e,A-cbd1a3,16-12-2024,Ongoing,Basic,34,646.0,7752.0,False,False,False,False,annual,True
4266,S-74704b,A-cb5333,15-12-2024,Ongoing,Pro,33,1617.0,19404.0,False,False,False,False,monthly,True
4267,S-f8e091,A-34d880,21-10-2024,Ongoing,Enterprise,5,995.0,11940.0,False,False,False,False,monthly,True
4268,S-41d741,A-65aeb5,23-08-2024,Ongoing,Basic,28,532.0,6384.0,False,False,False,False,annual,True
4269,S-79e254,A-474ad4,23-03-2024,Ongoing,Pro,53,2597.0,31164.0,False,False,False,False,annual,False
4270,S-2d21b9,A-b7b7b7,12-07-2024,Ongoing,Pro,24,1176.0,14112.0,False,False,False,False,annual,True
4271,S-d56460,A-d62e02,02-10-2024,Ongoing,Enterprise,16,3184.0,38208.0,False,False,False,False,annual,True
4272,S-8921cb,A-50bb9f,22-07-2024,Ongoing,Enterprise,35,6965.0,83580.0,False,False,False,False,monthly,True
4273,S-920d64,A-b7724f,21-07-2024,Ongoing,Basic,12,228.0,2736.0,False,False,False,False,annual,True
4274,S-ae7a5d,A-22f2df,21-12-2024,Ongoing,Pro,15,735.0,8820.0,False,False,False,False,annual,True
4275,S-d518e8,A-e4144b,06-12-2024,Ongoing,Basic,41,0.0,0.0,True,False,False,False,monthly,True
4276,S-3f1bb5,A-7e0a10,21-12-2023,Ongoing,Basic,46,874.0,10488.0,False,False,False,False,annual,True
4277,S-83ee41,A-ad3abd,20-04-2023,Ongoing,Basic,44,836.0,10032.0,False,False,False,False,annual,True
4278,S-9eeb7e,A-029f69,02-12-2024,Ongoing,Basic,11,209.0,2508.0,False,False,False,False,monthly,False
4279,S-649bb6,A-9f9299,18-07-2024,Ongoing,Enterprise,28,5572.0,66864.0,False,False,False,False,annual,False
4280,S-9f8b23,A-118f1c,24-12-2024,26-12-2024,Enterprise,128,25472.0,305664.0,False,False,False,True,annual,True
4281,S-510009,A-0651a4,16-11-2024,Ongoing,Enterprise,16,3184.0,38208.0,False,False,False,False,monthly,True
4282,S-295bac,A-779e4e,13-07-2023,Ongoing,Enterprise,58,11542.0,138504.0,False,False,False,False,monthly,True
4283,S-b555de,A-af0cd2,04-10-2023,Ongoing,Basic,19,361.0,4332.0,False,True,False,False,monthly,True
4284,S-1f5841,A-b30291,08-05-2024,Ongoing,Basic,5,95.0,1140.0,False,False,False,False,annual,True
4285,S-0d6da2,A-e4144b,28-11-2024,Ongoing,Enterprise,41,0.0,0.0,True,False,False,False,monthly,False
4286,S-5c4dd7,A-0b0d6d,31-12-2024,Ongoing,Pro,21,1029.0,12348.0,False,False,False,False,annual,True
4287,S-904529,A-fe79a5,02-03-2024,02-10-2024,Basic,19,0.0,0.0,True,True,False,True,monthly,True
4288,S-eed91a,A-22d9d2,17-12-2024,20-12-2024,Pro,32,1568.0,18816.0,False,False,True,True,monthly,True
4289,S-71466f,A-d5a319,16-01-2024,Ongoing,Basic,15,285.0,3420.0,False,False,False,False,annual,True
4290,S-24d48b,A-7c83a1,16-05-2024,29-07-2024,Pro,12,588.0,7056.0,False,False,False,True,annual,True
4291,S-518ce3,A-98a59a,01-08-2024,Ongoing,Pro,148,0.0,0.0,True,False,True,False,annual,True
4292,S-0e0ec8,A-cc102e,06-05-2024,Ongoing,Basic,13,247.0,2964.0,False,False,False,False,annual,True
4293,S-fe0869,A-d4e0d4,16-11-2024,Ongoing,Enterprise,117,23283.0,279396.0,False,False,False,False,annual,True
4294,S-457294,A-fa3095,07-06-2024,Ongoing,Enterprise,70,13930.0,167160.0,False,False,False,False,monthly,True
4295,S-3bb28f,A-37f969,20-01-2024,Ongoing,Enterprise,30,5970.0,71640.0,False,True,False,False,monthly,True
4296,S-31d8aa,A-96bbc6,28-05-2024,Ongoing,Pro,39,1911.0,22932.0,False,True,False,False,annual,True
4297,S-29c16b,A-afa505,24-07-2024,06-10-2024,Pro,70,3430.0,41160.0,False,False,False,True,monthly,True
4298,S-b3f2cb,A-812c5b,19-06-2024,Ongoing,Enterprise,55,0.0,0.0,True,False,False,False,monthly,True
4299,S-5d6528,A-22d9d2,23-07-2024,Ongoing,Enterprise,8,1592.0,19104.0,False,False,False,False,monthly,True
4300,S-dbb8b9,A-58b9ff,09-08-2024,Ongoing,Pro,2,98.0,1176.0,False,False,False,False,monthly,False
4301,S-9f7ef0,A-b3fe05,31-10-2024,Ongoing,Enterprise,46,9154.0,109848.0,False,False,False,False,monthly,True
4302,S-2178f0,A-b30291,26-09-2024,02-11-2024,Basic,5,0.0,0.0,True,False,False,True,monthly,True
4303,S-31cec4,A-34ea2f,28-10-2024,Ongoing,Basic,8,152.0,1824.0,False,False,False,False,monthly,True
4304,S-a1426b,A-cc98bc,31-12-2023,Ongoing,Basic,32,608.0,7296.0,False,False,False,False,annual,False
4305,S-5ea66d,A-503d5a,18-12-2024,Ongoing,Enterprise,4,796.0,9552.0,False,False,False,False,annual,True
4306,S-4f9730,A-8adedc,21-07-2024,Ongoing,Enterprise,25,0.0,0.0,True,False,False,False,monthly,True
4307,S-befdf1,A-68f37c,27-02-2024,Ongoing,Basic,13,247.0,2964.0,False,False,False,False,monthly,True
4308,S-2b504d,A-6a4e2d,12-07-2023,Ongoing,Enterprise,9,1791.0,21492.0,False,False,False,False,annual,True
4309,S-4484ae,A-b07346,08-12-2024,Ongoing,Enterprise,51,10149.0,121788.0,False,True,False,False,monthly,True
4310,S-a2e1dd,A-c37cab,10-08-2024,29-09-2024,Enterprise,13,0.0,0.0,True,False,False,True,monthly,True
4311,S-00dea4,A-a6d261,14-01-2024,Ongoing,Enterprise,15,2985.0,35820.0,False,False,False,False,monthly,True
4312,S-b73fdf,A-dbc825,26-04-2024,07-08-2024,Basic,19,361.0,4332.0,False,False,False,True,annual,True
4313,S-07e821,A-e61e98,09-11-2023,Ongoing,Pro,37,1813.0,21756.0,False,False,False,False,monthly,True
4314,S-c8292c,A-cb5333,04-05-2024,Ongoing,Basic,51,0.0,0.0,True,False,False,False,annual,True
4315,S-47b86b,A-524364,31-12-2024,Ongoing,Pro,11,539.0,6468.0,False,False,False,False,monthly,True
4316,S-07976e,A-81edc3,12-07-2024,Ongoing,Pro,5,245.0,2940.0,False,False,False,False,monthly,True
4317,S-412125,A-1b9609,14-01-2024,Ongoing,Basic,16,304.0,3648.0,False,False,False,False,monthly,True
4318,S-1d15a7,A-1e50e0,23-03-2023,Ongoing,Enterprise,19,3781.0,45372.0,False,True,False,False,monthly,True
4319,S-655049,A-9779ad,27-10-2024,Ongoing,Basic,40,0.0,0.0,True,False,False,False,monthly,False
4320,S-9cfabf,A-0f3e88,05-08-2023,Ongoing,Basic,7,133.0,1596.0,False,False,False,False,annual,True
4321,S-dd80e4,A-0532a9,24-11-2024,Ongoing,Enterprise,21,4179.0,50148.0,False,True,False,False,annual,True
4322,S-1fb7ac,A-117171,14-12-2024,17-12-2024,Pro,45,2205.0,26460.0,False,False,False,True,annual,True
4323,S-576519,A-cc98bc,27-05-2023,Ongoing,Enterprise,32,6368.0,76416.0,False,False,False,False,monthly,True
4324,S-b23ec5,A-3be56b,01-05-2024,Ongoing,Enterprise,18,3582.0,42984.0,False,False,True,False,annual,True
4325,S-1cb993,A-84ebe4,10-05-2023,Ongoing,Basic,18,342.0,4104.0,False,False,False,False,annual,True
4326,S-c87692,A-dcc2f0,02-10-2023,Ongoing,Basic,15,285.0,3420.0,False,False,False,False,annual,True
4327,S-2aaa9c,A-4c38bc,10-12-2024,Ongoing,Pro,36,1764.0,21168.0,False,False,False,False,monthly,True
4328,S-8426e7,A-42e5e1,18-10-2024,Ongoing,Enterprise,22,4378.0,52536.0,False,False,False,False,annual,True
4329,S-ed857b,A-ad64c6,07-03-2024,Ongoing,Enterprise,12,2388.0,28656.0,False,False,False,False,monthly,False
4330,S-2843fe,A-089363,26-06-2024,Ongoing,Basic,2,0.0,0.0,True,False,False,False,monthly,True
4331,S-4c8e19,A-659280,21-11-2024,Ongoing,Basic,17,323.0,3876.0,False,False,False,False,monthly,False
4332,S-b4b084,A-ced9aa,21-12-2024,Ongoing,Enterprise,5,995.0,11940.0,False,False,False,False,monthly,True
4333,S-0802a4,A-a45270,24-08-2024,Ongoing,Pro,79,3871.0,46452.0,False,False,False,False,annual,True
4334,S-37879d,A-9779ad,17-09-2024,Ongoing,Pro,40,1960.0,23520.0,False,False,False,False,monthly,False
4335,S-8048cc,A-eb7c38,04-07-2024,Ongoing,Basic,9,171.0,2052.0,False,False,True,False,annual,True
4336,S-c2a14b,A-526d93,08-11-2024,10-11-2024,Enterprise,43,8557.0,102684.0,False,False,False,True,annual,False
4337,S-549340,A-eb1312,18-09-2024,Ongoing,Pro,25,1225.0,14700.0,False,False,False,False,monthly,True
4338,S-83d49e,A-dbc825,27-07-2024,Ongoing,Pro,19,931.0,11172.0,False,False,False,False,annual,True
4339,S-2ad954,A-b9f5b1,12-03-2023,Ongoing,Enterprise,42,0.0,0.0,True,False,False,False,monthly,True
4340,S-4e4ef4,A-9ee962,09-07-2023,Ongoing,Pro,25,1225.0,14700.0,False,False,True,False,monthly,True
4341,S-a0d68d,A-c58f49,10-08-2024,Ongoing,Basic,70,1330.0,15960.0,False,False,False,False,monthly,True
4342,S-f3f2bd,A-560d27,17-12-2024,Ongoing,Basic,29,0.0,0.0,True,False,False,False,annual,True
4343,S-37a9e3,A-c608c8,07-06-2024,29-06-2024,Enterprise,11,2189.0,26268.0,False,False,False,True,monthly,False
4344,S-c9d475,A-1986ca,06-07-2023,Ongoing,Enterprise,20,3980.0,47760.0,False,False,False,False,annual,False
4345,S-646813,A-a45270,14-09-2024,Ongoing,Enterprise,14,0.0,0.0,True,False,False,False,monthly,True
4346,S-d0bab8,A-94f8c9,26-06-2024,Ongoing,Basic,74,1406.0,16872.0,False,True,False,False,annual,True
4347,S-57bbae,A-a09355,05-11-2024,Ongoing,Pro,14,686.0,8232.0,False,False,False,False,monthly,True
4348,S-59778a,A-f6b2fb,11-08-2024,Ongoing,Enterprise,49,9751.0,117012.0,False,False,False,False,monthly,True
4349,S-94c40b,A-7c6b6b,06-12-2024,26-12-2024,Pro,26,1274.0,15288.0,False,False,False,True,annual,True
4350,S-b9c6ce,A-e1462e,06-10-2024,Ongoing,Enterprise,15,0.0,0.0,True,False,False,False,monthly,True
4351,S-f1ffee,A-96215d,30-09-2024,Ongoing,Enterprise,16,3184.0,38208.0,False,False,False,False,annual,False
4352,S-cc30c5,A-b78bf8,17-11-2024,Ongoing,Basic,33,627.0,7524.0,False,False,False,False,monthly,True
4353,S-9fa60e,A-712426,15-12-2024,Ongoing,Basic,9,171.0,2052.0,False,False,False,False,annual,True
4354,S-44c2c1,A-2d1036,02-08-2024,Ongoing,Pro,69,3381.0,40572.0,False,False,True,False,annual,True
4355,S-3d6648,A-e2cd1b,05-10-2024,Ongoing,Enterprise,15,0.0,0.0,True,False,False,False,monthly,True
4356,S-d97fa8,A-508199,20-02-2024,Ongoing,Basic,19,361.0,4332.0,False,False,False,False,monthly,True
4357,S-398291,A-acb7f7,15-07-2024,Ongoing,Enterprise,32,6368.0,76416.0,False,False,False,False,monthly,True
4358,S-d7ee6f,A-35083d,10-08-2023,Ongoing,Enterprise,19,3781.0,45372.0,False,True,False,False,annual,True
4359,S-3663bb,A-de24d5,19-12-2024,Ongoing,Enterprise,5,0.0,0.0,True,False,False,False,monthly,True
4360,S-81cd46,A-ced9aa,11-10-2024,Ongoing,Enterprise,6,1194.0,14328.0,False,False,False,False,annual,True
4361,S-e6678a,A-54ecc2,16-08-2023,Ongoing,Pro,4,196.0,2352.0,False,False,False,False,annual,False
4362,S-69b66d,A-6da850,08-01-2024,Ongoing,Basic,25,475.0,5700.0,False,True,False,False,annual,True
4363,S-68565b,A-5c046d,02-12-2024,Ongoing,Basic,93,1767.0,21204.0,False,False,False,False,annual,False
4364,S-00b0bc,A-089363,12-12-2024,Ongoing,Enterprise,9,0.0,0.0,True,False,False,False,annual,True
4365,S-f6ca9e,A-c7ffc2,27-10-2024,Ongoing,Enterprise,30,5970.0,71640.0,False,False,False,False,annual,True
4366,S-8fd696,A-dec005,15-11-2024,03-12-2024,Enterprise,54,10746.0,128952.0,False,False,False,True,annual,False
4367,S-71cb15,A-2d4502,12-12-2024,Ongoing,Enterprise,34,6766.0,81192.0,False,False,False,False,annual,True
4368,S-37dc91,A-a1bbb6,04-10-2024,Ongoing,Pro,15,0.0,0.0,True,False,False,False,annual,True
4369,S-6cf72f,A-a8d89d,24-09-2024,Ongoing,Basic,17,0.0,0.0,True,True,False,False,monthly,True
4370,S-117d65,A-86902e,30-11-2024,Ongoing,Basic,34,646.0,7752.0,False,False,False,False,annual,True
4371,S-529f0c,A-592832,28-11-2024,10-12-2024,Pro,18,0.0,0.0,True,False,False,True,monthly,True
4372,S-3d58c6,A-054577,15-06-2024,Ongoing,Basic,34,646.0,7752.0,False,False,False,False,monthly,True
4373,S-b33593,A-7641d3,02-10-2023,Ongoing,Pro,11,0.0,0.0,True,False,False,False,monthly,False
4374,S-c6287d,A-075038,25-07-2024,Ongoing,Pro,17,833.0,9996.0,False,False,False,False,monthly,True
4375,S-a2cd6a,A-508199,11-12-2024,Ongoing,Enterprise,19,0.0,0.0,True,False,False,False,monthly,True
4376,S-30a9dd,A-417d2f,30-10-2024,Ongoing,Basic,8,0.0,0.0,True,False,False,False,annual,True
4377,S-eef0cd,A-600734,13-01-2024,Ongoing,Pro,29,1421.0,17052.0,False,False,False,False,annual,True
4378,S-15a897,A-d26ab4,08-11-2024,Ongoing,Enterprise,9,0.0,0.0,True,False,False,False,annual,False
4379,S-9ee11d,A-104f1a,11-10-2024,Ongoing,Pro,24,1176.0,14112.0,False,False,False,False,monthly,True
4380,S-f76252,A-560d27,07-10-2024,Ongoing,Basic,23,437.0,5244.0,False,False,False,False,annual,True
4381,S-d920e7,A-bc4d48,28-11-2024,Ongoing,Enterprise,35,6965.0,83580.0,False,False,False,False,annual,False
4382,S-75985b,A-3793ee,25-11-2023,Ongoing,Enterprise,49,0.0,0.0,True,False,False,False,monthly,True
4383,S-765a5f,A-c9bb3e,01-04-2024,02-04-2024,Pro,35,1715.0,20580.0,False,False,False,True,annual,True
4384,S-c318ea,A-ccb686,17-08-2024,Ongoing,Enterprise,10,1990.0,23880.0,False,False,False,False,monthly,True
4385,S-964542,A-a8b49c,25-09-2024,Ongoing,Enterprise,12,2388.0,28656.0,False,False,False,False,annual,True
4386,S-6c4770,A-fa3095,18-09-2023,Ongoing,Enterprise,70,0.0,0.0,True,False,False,False,monthly,True
4387,S-694277,A-34d880,11-10-2024,Ongoing,Enterprise,4,796.0,9552.0,False,False,False,False,monthly,True
4388,S-97fab7,A-8ed5dd,27-03-2024,08-10-2024,Basic,5,95.0,1140.0,False,False,False,True,annual,False
4389,S-fb4fae,A-39b19f,25-03-2024,01-05-2024,Enterprise,41,8159.0,97908.0,False,False,False,True,monthly,True
4390,S-7b211a,A-e5d6ab,10-11-2024,Ongoing,Pro,32,1568.0,18816.0,False,False,False,False,annual,True
4391,S-da9362,A-b2225d,21-05-2024,Ongoing,Basic,47,893.0,10716.0,False,False,False,False,annual,True
4392,S-79b038,A-b07b56,29-11-2024,Ongoing,Basic,25,475.0,5700.0,False,False,False,False,annual,True
4393,S-9a6a1b,A-c16b88,09-03-2024,Ongoing,Pro,23,0.0,0.0,True,False,False,False,annual,True
4394,S-82348a,A-4e960a,02-04-2024,Ongoing,Basic,12,0.0,0.0,True,False,False,False,annual,False
4395,S-df0314,A-39ddf4,21-12-2024,Ongoing,Pro,40,1960.0,23520.0,False,False,False,False,monthly,True
4396,S-dd5a4c,A-716841,13-05-2024,Ongoing,Basic,161,3059.0,36708.0,False,False,False,False,annual,True
4397,S-54bb4e,A-54d94a,16-12-2023,Ongoing,Basic,55,1045.0,12540.0,False,False,False,False,monthly,True
4398,S-d98caa,A-09316c,29-12-2024,Ongoing,Enterprise,70,13930.0,167160.0,False,False,False,False,annual,True
4399,S-eea4ae,A-ffc04f,14-09-2024,Ongoing,Pro,13,0.0,0.0,True,False,False,False,monthly,False
4400,S-bd02dd,A-eb7fac,26-12-2023,Ongoing,Pro,12,588.0,7056.0,False,False,False,False,monthly,True
4401,S-6d4050,A-854864,09-12-2024,Ongoing,Enterprise,20,3980.0,47760.0,False,False,False,False,monthly,True
4402,S-3bb329,A-1e1b80,21-07-2024,Ongoing,Pro,50,2450.0,29400.0,False,False,False,False,monthly,True
4403,S-f639fb,A-9f2731,12-10-2024,Ongoing,Pro,27,0.0,0.0,True,False,False,False,monthly,True
4404,S-466093,A-883b7d,17-08-2024,Ongoing,Basic,78,1482.0,17784.0,False,False,False,False,annual,True
4405,S-8bbfcd,A-eb1312,02-12-2024,Ongoing,Basic,25,475.0,5700.0,False,False,False,False,annual,False
4406,S-ff23a7,A-35083d,04-08-2024,Ongoing,Pro,48,0.0,0.0,True,False,False,False,monthly,True
4407,S-c92099,A-7f4db3,08-12-2024,14-12-2024,Enterprise,24,4776.0,57312.0,False,False,False,True,annual,True
4408,S-188518,A-86fc1d,08-11-2024,Ongoing,Enterprise,26,0.0,0.0,True,False,False,False,monthly,True
4409,S-4f8c90,A-32fb14,18-03-2024,Ongoing,Basic,29,551.0,6612.0,False,False,False,False,annual,True
4410,S-495e57,A-bbc346,31-08-2024,26-10-2024,Pro,20,980.0,11760.0,False,True,False,True,annual,True
4411,S-3fbf9e,A-00bed1,06-04-2024,Ongoing,Pro,28,1372.0,16464.0,False,False,False,False,monthly,True
4412,S-15be1c,A-b20d99,26-09-2024,Ongoing,Pro,27,1323.0,15876.0,False,False,False,False,monthly,True
4413,S-a18ab0,A-309e54,21-12-2024,Ongoing,Pro,15,735.0,8820.0,False,False,False,False,monthly,True
4414,S-008cab,A-202b67,31-05-2024,Ongoing,Pro,11,539.0,6468.0,False,False,False,False,monthly,False
4415,S-09950d,A-5f2961,27-11-2024,Ongoing,Enterprise,7,1393.0,16716.0,False,False,False,False,annual,True
4416,S-8b24a0,A-309e54,29-12-2024,30-12-2024,Pro,33,1617.0,19404.0,False,False,False,True,monthly,True
4417,S-648618,A-726cfa,07-09-2023,Ongoing,Pro,21,1029.0,12348.0,False,False,False,False,monthly,False
4418,S-d9659f,A-aa9511,04-07-2024,Ongoing,Enterprise,23,4577.0,54924.0,False,False,False,False,annual,False
4419,S-ddbad0,A-bad8c1,16-09-2023,Ongoing,Basic,42,798.0,9576.0,False,False,False,False,monthly,True
4420,S-1f9da0,A-977ca0,15-10-2023,Ongoing,Basic,11,209.0,2508.0,False,False,False,False,monthly,False
4421,S-74f146,A-18793f,23-12-2024,Ongoing,Pro,148,7252.0,87024.0,False,False,False,False,monthly,True
4422,S-e0179e,A-69fad4,24-03-2024,Ongoing,Pro,13,0.0,0.0,True,False,False,False,monthly,True
4423,S-8055fa,A-09540c,03-08-2024,29-11-2024,Basic,67,1273.0,15276.0,False,False,False,True,monthly,True
4424,S-c1446e,A-9289f6,15-11-2023,Ongoing,Enterprise,22,0.0,0.0,True,False,False,False,monthly,True
4425,S-27e9ad,A-05f0e5,18-10-2023,Ongoing,Basic,32,608.0,7296.0,False,False,False,False,annual,True
4426,S-c08805,A-6f8ad2,03-09-2024,03-10-2024,Pro,18,882.0,10584.0,False,False,False,True,annual,True
4427,S-4012d6,A-f92792,31-10-2024,Ongoing,Pro,15,735.0,8820.0,False,True,False,False,annual,True
4428,S-4236fa,A-4437e4,17-11-2023,Ongoing,Basic,17,323.0,3876.0,False,False,False,False,monthly,True
4429,S-a87c2f,A-4ae22a,28-05-2024,14-10-2024,Enterprise,28,5572.0,66864.0,False,False,False,True,annual,False
4430,S-3df6ee,A-afa505,10-05-2024,Ongoing,Enterprise,70,13930.0,167160.0,False,False,False,False,monthly,True
4431,S-ca9532,A-309e54,14-12-2024,Ongoing,Enterprise,15,2985.0,35820.0,False,False,False,False,annual,True
4432,S-be42e1,A-9f2731,22-10-2024,Ongoing,Pro,39,0.0,0.0,True,False,False,False,annual,True
4433,S-7d4d45,A-474ad4,20-12-2023,Ongoing,Basic,17,323.0,3876.0,False,False,False,False,annual,True
4434,S-3c5dab,A-7da956,13-08-2024,Ongoing,Basic,13,247.0,2964.0,False,False,False,False,monthly,True
4435,S-e43d0d,A-de24d5,18-11-2024,Ongoing,Enterprise,37,7363.0,88356.0,False,False,False,False,annual,True
4436,S-f5df4a,A-58b9ff,26-06-2024,Ongoing,Pro,6,294.0,3528.0,False,False,False,False,annual,False
4437,S-9925b9,A-cea1f0,01-06-2024,Ongoing,Basic,25,475.0,5700.0,False,False,True,False,annual,False
4438,S-1ff580,A-6965e1,26-12-2024,Ongoing,Enterprise,13,2587.0,31044.0,False,False,False,False,monthly,False
4439,S-f40285,A-bb1eaa,28-07-2024,Ongoing,Basic,21,399.0,4788.0,False,False,False,False,monthly,True
4440,S-c59502,A-bf7919,07-12-2024,Ongoing,Enterprise,3,597.0,7164.0,False,False,False,False,monthly,True
4441,S-54283b,A-4c56c9,27-08-2024,03-11-2024,Enterprise,49,9751.0,117012.0,False,False,False,True,monthly,True
4442,S-b48787,A-02fac6,21-10-2023,Ongoing,Pro,22,1078.0,12936.0,False,False,False,False,annual,True
4443,S-d859b7,A-66224b,30-12-2024,Ongoing,Enterprise,92,0.0,0.0,True,False,False,False,annual,True
4444,S-49d73e,A-f44180,30-06-2024,Ongoing,Enterprise,35,0.0,0.0,True,False,False,False,annual,True
4445,S-dfad0a,A-7d514c,08-09-2024,Ongoing,Basic,17,0.0,0.0,True,False,False,False,monthly,True
4446,S-dec1fb,A-297a2d,30-08-2023,Ongoing,Enterprise,36,7164.0,85968.0,False,True,False,False,monthly,False
4447,S-90a6c9,A-c37cab,18-10-2024,Ongoing,Pro,46,0.0,0.0,True,False,False,False,monthly,True
4448,S-e339fb,A-c1e51e,31-10-2024,18-12-2024,Enterprise,14,2786.0,33432.0,False,False,False,True,annual,True
4449,S-f4a92a,A-ccb686,02-02-2024,Ongoing,Pro,14,686.0,8232.0,False,False,False,False,annual,False
4450,S-d1f7ad,A-c222ab,31-10-2024,29-11-2024,Basic,32,608.0,7296.0,False,False,False,True,annual,False
4451,S-81fc45,A-5a215a,05-02-2024,Ongoing,Pro,87,0.0,0.0,True,False,False,False,annual,True
4452,S-a25ed2,A-65aeb5,19-08-2024,25-09-2024,Enterprise,9,1791.0,21492.0,False,False,False,True,monthly,True
4453,S-51b3ed,A-702032,28-10-2024,Ongoing,Basic,28,532.0,6384.0,False,True,False,False,annual,True
4454,S-d604ec,A-67be94,29-08-2023,Ongoing,Basic,26,494.0,5928.0,False,False,False,False,monthly,True
4455,S-864b0c,A-f25509,14-07-2024,Ongoing,Enterprise,32,6368.0,76416.0,False,False,False,False,annual,True
4456,S-4c4852,A-71615e,06-11-2024,Ongoing,Basic,73,0.0,0.0,True,False,False,False,monthly,True
4457,S-7576bd,A-354f12,18-10-2024,Ongoing,Enterprise,9,1791.0,21492.0,False,False,False,False,annual,True
4458,S-b41269,A-e5d6ab,23-03-2024,Ongoing,Enterprise,15,2985.0,35820.0,False,False,False,False,annual,True
4459,S-786a36,A-5ed98d,18-07-2024,Ongoing,Enterprise,24,4776.0,57312.0,False,False,False,False,annual,True
4460,S-264c8a,A-34d880,26-06-2024,Ongoing,Enterprise,7,0.0,0.0,True,False,False,False,monthly,True
4461,S-196e49,A-0b0d6d,30-12-2024,Ongoing,Basic,12,228.0,2736.0,False,False,False,False,monthly,True
4462,S-cda242,A-71615e,10-10-2024,Ongoing,Pro,22,1078.0,12936.0,False,True,False,False,annual,True
4463,S-c3d6a2,A-7f29a7,03-12-2024,Ongoing,Basic,41,779.0,9348.0,False,False,False,False,annual,True
4464,S-43c737,A-65aeb5,01-09-2024,Ongoing,Enterprise,9,1791.0,21492.0,False,False,False,False,annual,True
4465,S-021ca9,A-9affe6,01-10-2024,Ongoing,Basic,18,342.0,4104.0,False,False,False,False,monthly,True
4466,S-576aec,A-7e0a10,07-12-2023,Ongoing,Pro,46,2254.0,27048.0,False,False,False,False,monthly,False
4467,S-6485d5,A-ac9111,16-06-2024,Ongoing,Enterprise,21,4179.0,50148.0,False,False,False,False,monthly,True
4468,S-de7a48,A-ccc747,15-10-2024,30-12-2024,Pro,23,1127.0,13524.0,False,False,False,True,annual,True
4469,S-7d5bf1,A-92a3af,19-09-2024,Ongoing,Enterprise,27,5373.0,64476.0,False,False,False,False,monthly,True
4470,S-83ee75,A-439b2f,27-12-2024,Ongoing,Pro,26,1274.0,15288.0,False,True,False,False,monthly,True
4471,S-5ddeef,A-712f1c,28-01-2024,Ongoing,Pro,58,0.0,0.0,True,False,False,False,annual,False
4472,S-25270a,A-de24d5,15-12-2024,Ongoing,Enterprise,13,2587.0,31044.0,False,False,False,False,annual,True
4473,S-7e09c4,A-118f1c,21-12-2024,31-12-2024,Basic,32,608.0,7296.0,False,False,False,True,annual,False
4474,S-9efd1b,A-6a4e2d,06-04-2024,Ongoing,Basic,20,380.0,4560.0,False,False,True,False,monthly,True
4475,S-b8a3b6,A-e7beab,24-07-2024,Ongoing,Pro,57,2793.0,33516.0,False,False,False,False,annual,True
4476,S-1db3e6,A-c608c8,28-08-2024,Ongoing,Basic,5,95.0,1140.0,False,False,False,False,monthly,True
4477,S-17c51e,A-462d45,25-11-2024,12-12-2024,Pro,61,2989.0,35868.0,False,False,False,True,annual,True
4478,S-b9fe85,A-2d1036,03-07-2024,Ongoing,Enterprise,69,13731.0,164772.0,False,False,False,False,monthly,True
4479,S-c62428,A-1f0636,17-11-2024,Ongoing,Enterprise,105,20895.0,250740.0,False,False,False,False,annual,False
4480,S-6eeae1,A-c70870,29-12-2024,Ongoing,Pro,94,4606.0,55272.0,False,False,False,False,annual,True
4481,S-79ef9b,A-4e960a,02-04-2024,Ongoing,Enterprise,23,4577.0,54924.0,False,False,False,False,annual,True
4482,S-0455a5,A-993085,22-10-2024,10-11-2024,Enterprise,42,8358.0,100296.0,False,True,False,True,monthly,False
4483,S-ae093b,A-d27f50,29-11-2024,Ongoing,Enterprise,44,0.0,0.0,True,False,False,False,monthly,True
4484,S-72e73f,A-dbc825,26-01-2024,Ongoing,Enterprise,19,3781.0,45372.0,False,True,False,False,annual,False
4485,S-8c118d,A-b179bf,27-10-2024,Ongoing,Pro,43,0.0,0.0,True,False,False,False,monthly,True
4486,S-ab7a04,A-098560,05-09-2024,Ongoing,Basic,7,133.0,1596.0,False,False,False,False,annual,True
4487,S-761518,A-00cac8,05-09-2024,Ongoing,Pro,8,392.0,4704.0,False,False,False,False,monthly,True
4488,S-f49f24,A-ccc747,14-07-2024,Ongoing,Pro,16,784.0,9408.0,False,False,False,False,annual,False
4489,S-22083e,A-6e7827,19-12-2024,Ongoing,Pro,17,833.0,9996.0,False,False,False,False,annual,True
4490,S-c14eeb,A-fce879,28-09-2024,Ongoing,Basic,33,627.0,7524.0,False,False,False,False,monthly,True
4491,S-804965,A-157070,31-03-2024,Ongoing,Enterprise,35,6965.0,83580.0,False,False,False,False,monthly,True
4492,S-19abcf,A-940b8b,10-09-2024,Ongoing,Pro,17,833.0,9996.0,False,False,False,False,annual,True
4493,S-004d19,A-bece89,03-03-2024,Ongoing,Enterprise,26,5174.0,62088.0,False,False,False,False,annual,True
4494,S-11939f,A-40906c,14-10-2024,Ongoing,Basic,92,1748.0,20976.0,False,False,False,False,monthly,True
4495,S-6cea1b,A-158f4e,18-11-2024,Ongoing,Pro,61,2989.0,35868.0,False,False,False,False,monthly,True
4496,S-74be40,A-a8d89d,12-04-2024,Ongoing,Enterprise,13,2587.0,31044.0,False,True,False,False,monthly,False
4497,S-8f9410,A-098560,19-07-2024,Ongoing,Enterprise,3,597.0,7164.0,False,False,False,False,annual,True
4498,S-395a98,A-c7e58b,29-07-2024,Ongoing,Basic,16,304.0,3648.0,False,False,False,False,monthly,True
4499,S-151b22,A-533452,18-12-2024,Ongoing,Basic,9,171.0,2052.0,False,False,False,False,annual,True
4500,S-6b0789,A-34d880,04-07-2024,Ongoing,Pro,14,686.0,8232.0,False,False,False,False,monthly,True
4501,S-f94b9b,A-82861f,16-10-2024,08-11-2024,Pro,41,2009.0,24108.0,False,False,False,True,annual,True
4502,S-0e068c,A-40de06,13-09-2024,Ongoing,Basic,60,1140.0,13680.0,False,False,False,False,annual,True
4503,S-212fc4,A-c608c8,15-10-2023,Ongoing,Enterprise,6,1194.0,14328.0,False,False,False,False,monthly,True
4504,S-eec056,A-c222ab,07-10-2024,Ongoing,Basic,32,608.0,7296.0,False,True,False,False,monthly,True
4505,S-28e360,A-ad64c6,20-11-2024,Ongoing,Enterprise,28,5572.0,66864.0,False,False,False,False,annual,True
4506,S-52119f,A-02fac6,20-11-2023,Ongoing,Enterprise,22,4378.0,52536.0,False,False,False,False,monthly,True
4507,S-008f3c,A-e98302,23-12-2024,28-12-2024,Pro,58,2842.0,34104.0,False,False,False,True,annual,True
4508,S-82c91a,A-462d45,10-12-2024,Ongoing,Pro,30,1470.0,17640.0,False,False,False,False,annual,True
4509,S-fcab86,A-9f0b68,04-08-2024,Ongoing,Enterprise,17,3383.0,40596.0,False,False,False,False,annual,True
4510,S-92b77f,A-7dacce,27-11-2024,Ongoing,Pro,12,588.0,7056.0,False,False,False,False,annual,False
4511,S-099dbc,A-812c5b,21-07-2024,Ongoing,Pro,55,2695.0,32340.0,False,False,False,False,monthly,True
4512,S-da7f1f,A-1f0ac7,04-12-2023,Ongoing,Pro,24,1176.0,14112.0,False,False,False,False,monthly,False
4513,S-62641a,A-4c56c9,29-11-2024,03-12-2024,Enterprise,18,3582.0,42984.0,False,False,False,True,monthly,False
4514,S-2c3b6d,A-a2485e,05-12-2024,Ongoing,Enterprise,17,3383.0,40596.0,False,False,False,False,annual,True
4515,S-3e0c24,A-271f46,29-03-2023,Ongoing,Basic,38,722.0,8664.0,False,False,False,False,annual,True
4516,S-9d7fa9,A-a865bd,17-01-2024,Ongoing,Pro,38,1862.0,22344.0,False,False,False,False,monthly,True
4517,S-9f13f8,A-f3ff05,07-10-2024,Ongoing,Basic,2,38.0,456.0,False,False,False,False,annual,True
4518,S-0359cf,A-afa505,10-02-2024,Ongoing,Pro,70,0.0,0.0,True,False,False,False,annual,False
4519,S-f29976,A-977ca0,10-06-2023,Ongoing,Pro,6,0.0,0.0,True,False,False,False,annual,True
4520,S-23281c,A-69fad4,24-07-2023,Ongoing,Basic,15,285.0,3420.0,False,False,False,False,monthly,True
4521,S-b4536d,A-7a0d69,20-11-2024,Ongoing,Basic,20,380.0,4560.0,False,False,False,False,annual,True
4522,S-e5a001,A-922109,20-10-2024,Ongoing,Basic,9,0.0,0.0,True,False,False,False,monthly,True
4523,S-d56a2c,A-751bd4,29-10-2024,Ongoing,Pro,35,0.0,0.0,True,False,False,False,annual,True
4524,S-5ab139,A-30b4ca,24-05-2024,Ongoing,Enterprise,86,17114.0,205368.0,False,False,False,False,annual,True
4525,S-1e5fd7,A-ac9111,18-10-2024,Ongoing,Basic,21,399.0,4788.0,False,False,False,False,monthly,True
4526,S-1c7a41,A-4f18f0,20-12-2024,Ongoing,Basic,24,456.0,5472.0,False,False,False,False,monthly,True
4527,S-b7feb8,A-075038,08-05-2024,Ongoing,Basic,37,703.0,8436.0,False,False,False,False,annual,False
4528,S-b89456,A-13466a,01-09-2024,31-12-2024,Enterprise,4,796.0,9552.0,False,False,False,True,monthly,True
4529,S-e93577,A-bb2f49,14-11-2024,Ongoing,Pro,85,4165.0,49980.0,False,True,False,False,monthly,True
4530,S-69a2d8,A-dcc2f0,03-12-2023,Ongoing,Pro,15,735.0,8820.0,False,False,False,False,monthly,True
4531,S-00fb6e,A-c16101,22-10-2024,Ongoing,Basic,13,247.0,2964.0,False,False,False,False,monthly,True
4532,S-26bc22,A-59f724,23-07-2024,Ongoing,Enterprise,3,597.0,7164.0,False,True,False,False,annual,False
4533,S-77ba64,A-bd4513,16-11-2024,Ongoing,Basic,66,1254.0,15048.0,False,True,False,False,annual,True
4534,S-6f04a4,A-417d2f,14-09-2024,Ongoing,Pro,4,196.0,2352.0,False,False,False,False,monthly,True
4535,S-0268ba,A-9f0b68,20-07-2024,Ongoing,Enterprise,33,6567.0,78804.0,False,False,False,False,annual,True
4536,S-0abd10,A-016043,23-11-2024,21-12-2024,Enterprise,24,4776.0,57312.0,False,True,False,True,annual,True
4537,S-dab0d8,A-439b2f,16-05-2024,Ongoing,Basic,6,114.0,1368.0,False,False,False,False,annual,True
4538,S-046595,A-ed510f,28-12-2023,Ongoing,Enterprise,42,8358.0,100296.0,False,True,False,False,annual,True
4539,S-5aaf6f,A-6965e1,12-12-2024,Ongoing,Enterprise,13,2587.0,31044.0,False,False,False,False,annual,True
4540,S-a10469,A-5247b3,14-10-2024,Ongoing,Pro,16,784.0,9408.0,False,False,False,False,annual,True
4541,S-cbf8e8,A-d4e0d4,23-11-2024,Ongoing,Basic,117,2223.0,26676.0,False,False,False,False,monthly,True
4542,S-a0e1dc,A-712426,19-12-2024,Ongoing,Basic,119,2261.0,27132.0,False,False,False,False,monthly,True
4543,S-127d0b,A-1e50e0,04-05-2024,Ongoing,Pro,19,931.0,11172.0,False,False,False,False,monthly,True
4544,S-2fed82,A-5b4ebb,11-07-2024,Ongoing,Basic,21,399.0,4788.0,False,False,False,False,monthly,True
4545,S-2f07f6,A-9208f0,20-03-2024,Ongoing,Pro,49,0.0,0.0,True,False,False,False,monthly,False
4546,S-448b6d,A-8adedc,08-06-2024,Ongoing,Basic,19,361.0,4332.0,False,False,False,False,monthly,False
4547,S-c61dc9,A-f92792,15-12-2024,Ongoing,Basic,19,361.0,4332.0,False,False,False,False,annual,False
4548,S-a7ad50,A-82d8a6,18-12-2024,Ongoing,Basic,18,342.0,4104.0,False,False,False,False,monthly,True
4549,S-b037c5,A-0a282f,07-10-2024,Ongoing,Pro,20,980.0,11760.0,False,False,True,False,annual,True
4550,S-bdd2e4,A-ce66f8,16-05-2024,Ongoing,Basic,29,551.0,6612.0,False,False,False,False,annual,True
4551,S-8d89a8,A-5f2961,03-12-2024,Ongoing,Enterprise,16,3184.0,38208.0,False,False,False,False,monthly,True
4552,S-00bb84,A-4f18f0,07-07-2024,Ongoing,Pro,24,1176.0,14112.0,False,False,False,False,annual,True
4553,S-c5bec0,A-1986ca,21-09-2024,Ongoing,Enterprise,20,3980.0,47760.0,False,False,False,False,annual,True
4554,S-e6029e,A-9174e0,19-12-2024,Ongoing,Enterprise,37,7363.0,88356.0,False,False,False,False,monthly,True
4555,S-f8008a,A-eb2fdc,07-07-2024,Ongoing,Enterprise,31,6169.0,74028.0,False,False,False,False,annual,True
4556,S-db89df,A-1f0636,29-05-2024,Ongoing,Enterprise,105,20895.0,250740.0,False,True,False,False,annual,True
4557,S-700036,A-02cd81,31-03-2024,Ongoing,Basic,44,836.0,10032.0,False,False,False,False,annual,True
4558,S-7925f0,A-87aa7b,24-09-2024,Ongoing,Enterprise,24,4776.0,57312.0,False,False,False,False,monthly,True
4559,S-1877a6,A-d77f4c,31-03-2024,Ongoing,Pro,6,294.0,3528.0,False,False,False,False,monthly,True
4560,S-6b6cd7,A-d792a6,04-04-2023,Ongoing,Enterprise,6,0.0,0.0,True,False,False,False,monthly,True
4561,S-3ed1f5,A-7920cc,19-02-2024,Ongoing,Enterprise,39,7761.0,93132.0,False,False,False,False,monthly,True
4562,S-cf59a0,A-c16cf7,02-11-2024,Ongoing,Basic,18,0.0,0.0,True,False,False,False,monthly,True
4563,S-78e1c6,A-7e0a10,28-02-2024,Ongoing,Enterprise,46,9154.0,109848.0,False,False,False,False,monthly,False
4564,S-ce5636,A-4c56c9,14-11-2024,Ongoing,Basic,30,0.0,0.0,True,False,False,False,annual,True
4565,S-0c9600,A-2b9d3e,06-09-2023,Ongoing,Basic,11,209.0,2508.0,False,False,False,False,annual,True
4566,S-0a6b6b,A-d42431,11-06-2024,Ongoing,Basic,22,418.0,5016.0,False,False,True,False,monthly,True
4567,S-054897,A-de58ca,06-01-2024,Ongoing,Pro,15,735.0,8820.0,False,False,False,False,monthly,False
4568,S-b81c82,A-9289f6,17-12-2024,Ongoing,Pro,25,1225.0,14700.0,False,True,False,False,annual,False
4569,S-c9eecb,A-6c093d,10-10-2024,Ongoing,Basic,9,171.0,2052.0,False,False,False,False,annual,True
4570,S-2c53ad,A-c222ab,19-09-2024,Ongoing,Enterprise,32,6368.0,76416.0,False,False,False,False,monthly,True
4571,S-9eb2c5,A-bb3bd4,16-09-2024,Ongoing,Basic,23,437.0,5244.0,False,True,False,False,monthly,True
4572,S-d0c339,A-31ab9a,29-08-2024,Ongoing,Pro,19,0.0,0.0,True,False,False,False,annual,True
4573,S-6f43f7,A-e36807,22-07-2024,Ongoing,Enterprise,14,2786.0,33432.0,False,False,False,False,annual,True
4574,S-d43ad9,A-8bde0c,14-12-2024,Ongoing,Pro,13,637.0,7644.0,False,False,False,False,annual,False
4575,S-b04174,A-5b4ebb,15-10-2024,Ongoing,Basic,21,399.0,4788.0,False,False,False,False,monthly,True
4576,S-62aa3c,A-5b1bcd,27-11-2023,Ongoing,Enterprise,73,14527.0,174324.0,False,True,False,False,monthly,True
4577,S-d88b25,A-474ad4,29-12-2024,Ongoing,Enterprise,24,4776.0,57312.0,False,False,False,False,annual,False
4578,S-14a685,A-692f18,29-07-2024,Ongoing,Enterprise,7,1393.0,16716.0,False,False,False,False,monthly,False
4579,S-4977c8,A-3be56b,22-11-2023,23-02-2024,Enterprise,3,0.0,0.0,True,False,False,True,annual,False
4580,S-2e1ceb,A-ccb686,23-03-2024,Ongoing,Enterprise,12,0.0,0.0,True,True,False,False,annual,False
4581,S-59f0a6,A-104f1a,02-09-2024,28-11-2024,Pro,123,6027.0,72324.0,False,False,False,True,monthly,False
4582,S-66106d,A-186a44,02-11-2024,Ongoing,Enterprise,20,0.0,0.0,True,False,False,False,monthly,False
4583,S-510e07,A-b7ef83,20-10-2024,Ongoing,Enterprise,2,398.0,4776.0,False,True,False,False,monthly,True
4584,S-b7d99d,A-9f0b68,28-11-2024,Ongoing,Basic,14,266.0,3192.0,False,False,False,False,annual,True
4585,S-debbee,A-3a7284,28-11-2024,11-12-2024,Basic,73,1387.0,16644.0,False,False,False,True,annual,True
4586,S-c348d2,A-4a267b,17-06-2024,Ongoing,Basic,25,475.0,5700.0,False,False,False,False,annual,True
4587,S-d0259a,A-4e0e85,22-02-2024,Ongoing,Enterprise,6,1194.0,14328.0,False,False,False,False,monthly,True
4588,S-5f1d80,A-600734,17-04-2024,Ongoing,Basic,29,551.0,6612.0,False,False,False,False,monthly,True
4589,S-f132ab,A-e2cd1b,29-04-2024,Ongoing,Pro,15,735.0,8820.0,False,False,False,False,annual,True
4590,S-d1fb2e,A-3f9cc0,04-08-2024,Ongoing,Enterprise,30,5970.0,71640.0,False,False,False,False,monthly,True
4591,S-26da35,A-d27f50,09-12-2024,Ongoing,Pro,44,2156.0,25872.0,False,True,False,False,annual,True
4592,S-c92850,A-05d3b3,30-09-2023,Ongoing,Pro,22,1078.0,12936.0,False,False,False,False,annual,True
4593,S-64ddbc,A-c16cf7,18-12-2024,Ongoing,Basic,13,247.0,2964.0,False,False,False,False,monthly,True
4594,S-ef3aa2,A-5a92e7,19-09-2024,Ongoing,Pro,9,441.0,5292.0,False,False,False,False,monthly,False
4595,S-0e43ad,A-cc8c8f,21-06-2024,Ongoing,Enterprise,28,5572.0,66864.0,False,True,False,False,annual,True
4596,S-54df4c,A-9f9299,18-11-2024,Ongoing,Pro,28,1372.0,16464.0,False,False,False,False,annual,True
4597,S-d8165b,A-89ee83,18-10-2024,Ongoing,Basic,38,722.0,8664.0,False,False,False,False,annual,True
4598,S-67b7bf,A-dcc2f0,13-10-2024,Ongoing,Basic,15,285.0,3420.0,False,False,False,False,monthly,False
4599,S-e6ad38,A-b07b56,19-11-2024,Ongoing,Pro,25,1225.0,14700.0,False,False,False,False,monthly,True
4600,S-55a520,A-726cfa,26-08-2023,Ongoing,Pro,30,1470.0,17640.0,False,False,False,False,monthly,True
4601,S-83a9a4,A-09316c,26-11-2024,Ongoing,Pro,70,3430.0,41160.0,False,True,False,False,annual,True
4602,S-efeb9b,A-1f0636,27-02-2024,Ongoing,Basic,105,0.0,0.0,True,True,False,False,annual,True
4603,S-240a09,A-5c9849,30-12-2024,Ongoing,Pro,19,931.0,11172.0,False,True,False,False,monthly,False
4604,S-f52fd6,A-f1f639,19-09-2024,Ongoing,Enterprise,9,1791.0,21492.0,False,False,False,False,monthly,True
4605,S-1a2fbc,A-526d93,29-06-2024,Ongoing,Basic,45,855.0,10260.0,False,False,False,False,monthly,True
4606,S-8738af,A-84ebe4,19-03-2024,Ongoing,Pro,34,1666.0,19992.0,False,False,False,False,monthly,True
4607,S-af1def,A-443b7c,30-09-2024,Ongoing,Basic,36,684.0,8208.0,False,False,False,False,monthly,False
4608,S-7889d9,A-bcbe98,09-08-2024,Ongoing,Pro,46,2254.0,27048.0,False,False,False,False,annual,True
4609,S-a72188,A-ced9aa,31-12-2024,Ongoing,Pro,3,147.0,1764.0,False,False,False,False,annual,True
4610,S-0ffab0,A-e60f9d,18-10-2024,Ongoing,Enterprise,58,11542.0,138504.0,False,False,False,False,annual,True
4611,S-5f4afc,A-09316c,15-11-2024,Ongoing,Pro,70,3430.0,41160.0,False,False,False,False,monthly,True
4612,S-3f18be,A-e2cd1b,26-12-2024,Ongoing,Enterprise,16,3184.0,38208.0,False,False,False,False,annual,True
4613,S-e133a5,A-4a4c2d,03-07-2023,25-01-2024,Basic,54,1026.0,12312.0,False,False,False,True,monthly,True
4614,S-15662a,A-019782,22-02-2024,Ongoing,Basic,11,0.0,0.0,True,False,False,False,annual,True
4615,S-84dd93,A-acb7f7,16-02-2024,Ongoing,Enterprise,32,6368.0,76416.0,False,False,False,False,annual,True
4616,S-bafe35,A-1b707d,27-10-2024,Ongoing,Basic,41,779.0,9348.0,False,False,False,False,annual,False
4617,S-f1778c,A-1d5444,10-04-2024,Ongoing,Basic,24,456.0,5472.0,False,False,False,False,monthly,True
4618,S-85b7d7,A-d40bf7,27-12-2024,Ongoing,Basic,59,0.0,0.0,True,False,False,False,monthly,False
4619,S-df147d,A-940b8b,13-09-2024,Ongoing,Enterprise,10,0.0,0.0,True,False,False,False,monthly,True
4620,S-4ff3ae,A-eb7c38,29-07-2024,Ongoing,Basic,5,95.0,1140.0,False,True,False,False,annual,True
4621,S-808efb,A-7da956,16-11-2024,Ongoing,Enterprise,15,2985.0,35820.0,False,False,True,False,monthly,True
4622,S-208e33,A-b20d99,05-08-2024,Ongoing,Basic,20,380.0,4560.0,False,False,False,False,monthly,True
4623,S-a0f5ac,A-e7a1e2,07-10-2024,Ongoing,Pro,13,637.0,7644.0,False,False,False,False,monthly,True
4624,S-7079c2,A-039727,15-12-2024,Ongoing,Enterprise,25,4975.0,59700.0,False,False,True,False,annual,True
4625,S-8789b0,A-eb7c38,23-04-2024,02-08-2024,Basic,9,171.0,2052.0,False,True,False,True,monthly,False
4626,S-b3cae6,A-6a7c9d,12-11-2024,Ongoing,Enterprise,26,5174.0,62088.0,False,False,False,False,monthly,True
4627,S-23f506,A-9ee962,28-09-2023,27-11-2023,Basic,9,0.0,0.0,True,True,False,True,annual,True
4628,S-5b9330,A-f03140,17-07-2024,Ongoing,Enterprise,27,5373.0,64476.0,False,False,True,False,monthly,True
4629,S-03ac49,A-35083d,23-08-2023,Ongoing,Enterprise,19,3781.0,45372.0,False,False,False,False,monthly,True
4630,S-ffce65,A-9ee962,23-06-2023,Ongoing,Pro,9,441.0,5292.0,False,True,False,False,annual,True
4631,S-847173,A-c1dfe1,17-12-2023,Ongoing,Basic,33,627.0,7524.0,False,False,False,False,monthly,True
4632,S-32e8fa,A-94d3da,04-06-2023,21-10-2023,Pro,41,2009.0,24108.0,False,False,False,True,annual,True
4633,S-b70eef,A-b7b7b7,12-11-2024,Ongoing,Pro,24,0.0,0.0,True,False,False,False,monthly,True
4634,S-e1db7e,A-186a44,13-03-2024,Ongoing,Basic,20,380.0,4560.0,False,False,False,False,annual,True
4635,S-887d48,A-b07b56,20-11-2024,Ongoing,Pro,25,1225.0,14700.0,False,False,False,False,annual,True
4636,S-4b26c5,A-f45426,27-09-2024,28-09-2024,Enterprise,9,1791.0,21492.0,False,False,False,True,monthly,True
4637,S-004eb4,A-ab438f,05-12-2024,Ongoing,Enterprise,13,2587.0,31044.0,False,False,False,False,annual,True
4638,S-da7360,A-075038,26-10-2024,Ongoing,Basic,42,798.0,9576.0,False,False,False,False,monthly,True
4639,S-22c66b,A-49b828,17-02-2024,Ongoing,Basic,24,456.0,5472.0,False,False,False,False,monthly,True
4640,S-c844bd,A-6a4e2d,23-01-2024,03-11-2024,Basic,9,171.0,2052.0,False,True,False,True,annual,True
4641,S-bbc0f7,A-b7724f,15-09-2024,Ongoing,Basic,1,19.0,228.0,False,False,False,False,annual,True
4642,S-2f9bef,A-cc1d8d,08-12-2024,Ongoing,Enterprise,5,995.0,11940.0,False,False,False,False,annual,True
4643,S-6717d6,A-84ebe4,12-08-2023,Ongoing,Enterprise,21,4179.0,50148.0,False,False,False,False,annual,False
4644,S-17bedf,A-4437e4,20-11-2023,17-09-2024,Basic,3,0.0,0.0,True,False,False,True,monthly,True
4645,S-88f1be,A-5a215a,10-07-2024,Ongoing,Pro,87,4263.0,51156.0,False,True,False,False,annual,True
4646,S-b3613a,A-7641d3,24-04-2023,Ongoing,Enterprise,8,1592.0,19104.0,False,False,False,False,monthly,True
4647,S-885aa7,A-7920cc,11-03-2024,Ongoing,Enterprise,54,10746.0,128952.0,False,False,False,False,annual,True
4648,S-2c64e6,A-118d55,24-12-2024,Ongoing,Basic,15,285.0,3420.0,False,False,False,False,monthly,False
4649,S-891976,A-95b24a,12-09-2024,Ongoing,Basic,38,722.0,8664.0,False,True,False,False,monthly,True
4650,S-9bc272,A-7da956,20-07-2024,Ongoing,Pro,13,637.0,7644.0,False,False,False,False,annual,True
4651,S-2636a7,A-1f7acb,05-07-2024,Ongoing,Enterprise,64,12736.0,152832.0,False,False,True,False,annual,True
4652,S-3f48a5,A-0cc442,04-10-2024,Ongoing,Basic,45,855.0,10260.0,False,False,False,False,monthly,False
4653,S-58239c,A-87aa7b,22-05-2024,Ongoing,Pro,24,1176.0,14112.0,False,False,False,False,monthly,True
4654,S-e6571c,A-0be015,03-11-2024,12-11-2024,Basic,19,361.0,4332.0,False,False,False,True,annual,True
4655,S-66569a,A-19b2c8,31-07-2023,Ongoing,Pro,20,980.0,11760.0,False,False,False,False,monthly,False
4656,S-e1444a,A-139c3b,30-12-2024,Ongoing,Basic,21,0.0,0.0,True,False,False,False,annual,True
4657,S-9f7b07,A-42e5e1,28-11-2024,Ongoing,Pro,10,490.0,5880.0,False,False,False,False,annual,False
4658,S-9f8593,A-396e5f,23-10-2024,Ongoing,Enterprise,2,0.0,0.0,True,False,False,False,monthly,True
4659,S-ef2990,A-76fa4d,29-11-2024,Ongoing,Pro,69,3381.0,40572.0,False,False,False,False,annual,True
4660,S-66b994,A-7f4db3,29-10-2024,Ongoing,Basic,23,0.0,0.0,True,False,True,False,annual,True
4661,S-8b64df,A-92a333,04-08-2023,Ongoing,Basic,9,171.0,2052.0,False,False,True,False,annual,True
4662,S-f57b2b,A-20736a,09-05-2024,Ongoing,Pro,50,2450.0,29400.0,False,False,False,False,annual,True
4663,S-c41b43,A-9f9299,17-11-2024,Ongoing,Basic,28,532.0,6384.0,False,False,False,False,monthly,True
4664,S-a3455c,A-e51ec7,16-09-2024,Ongoing,Enterprise,2,0.0,0.0,True,False,False,False,annual,True
4665,S-479d9a,A-463db0,12-12-2024,Ongoing,Basic,37,703.0,8436.0,False,False,False,False,monthly,True
4666,S-fa03a5,A-7dacce,27-11-2024,Ongoing,Pro,12,588.0,7056.0,False,False,False,False,annual,True
4667,S-10ab8d,A-9f0b68,02-09-2024,Ongoing,Enterprise,13,2587.0,31044.0,False,False,False,False,annual,False
4668,S-1ade0b,A-22d9d2,24-10-2024,Ongoing,Pro,92,4508.0,54096.0,False,True,False,False,monthly,False
4669,S-a9ca9b,A-b9eed8,06-10-2024,Ongoing,Enterprise,17,3383.0,40596.0,False,False,False,False,annual,True
4670,S-efe3f6,A-dfbd31,27-04-2024,Ongoing,Pro,17,833.0,9996.0,False,False,False,False,monthly,True
4671,S-20f505,A-e1b9cd,05-11-2023,Ongoing,Pro,78,3822.0,45864.0,False,False,False,False,annual,True
4672,S-ab3ad8,A-cd458b,12-07-2024,Ongoing,Basic,10,190.0,2280.0,False,False,False,False,annual,True
4673,S-d3bd2f,A-81edc3,08-06-2024,Ongoing,Basic,24,456.0,5472.0,False,False,False,False,monthly,True
4674,S-c8a3f6,A-4e44e8,04-09-2024,Ongoing,Basic,6,114.0,1368.0,False,False,False,False,monthly,False
4675,S-5cda31,A-832ec2,04-03-2024,Ongoing,Basic,5,95.0,1140.0,False,False,False,False,annual,False
4676,S-34cfad,A-5a3eb9,15-12-2023,Ongoing,Basic,29,551.0,6612.0,False,False,False,False,annual,True
4677,S-bb84b1,A-af0cd2,12-10-2023,Ongoing,Basic,30,570.0,6840.0,False,False,False,False,annual,True
4678,S-73cd99,A-726cfa,06-09-2024,Ongoing,Enterprise,11,0.0,0.0,True,False,False,False,monthly,True
4679,S-6bc703,A-c37cab,01-08-2024,Ongoing,Enterprise,13,2587.0,31044.0,False,False,False,False,monthly,True
4680,S-9b5676,A-1e50e0,02-03-2024,Ongoing,Pro,98,4802.0,57624.0,False,False,False,False,monthly,False
4681,S-d30d10,A-c45b23,06-10-2024,Ongoing,Basic,7,133.0,1596.0,False,False,False,False,monthly,False
4682,S-b3f236,A-712533,15-07-2024,Ongoing,Enterprise,18,3582.0,42984.0,False,False,False,False,monthly,True
4683,S-929a7c,A-328bd0,10-08-2023,Ongoing,Basic,28,0.0,0.0,True,False,False,False,monthly,True
4684,S-f9092a,A-f03140,10-07-2024,Ongoing,Basic,38,722.0,8664.0,False,False,False,False,monthly,True
4685,S-c5d797,A-35083d,13-08-2024,Ongoing,Enterprise,19,3781.0,45372.0,False,False,False,False,monthly,True
4686,S-99af79,A-0532a9,05-10-2024,Ongoing,Basic,19,361.0,4332.0,False,False,False,False,annual,False
4687,S-ce932b,A-a1b80b,24-08-2024,Ongoing,Pro,16,784.0,9408.0,False,False,False,False,annual,False
4688,S-1f2b1a,A-544d0a,22-06-2024,Ongoing,Pro,6,294.0,3528.0,False,False,False,False,monthly,True
4689,S-a14c42,A-4d1e75,10-10-2024,Ongoing,Basic,20,380.0,4560.0,False,False,False,False,monthly,True
4690,S-147ad7,A-54ecc2,29-08-2024,Ongoing,Basic,4,76.0,912.0,False,False,False,False,annual,True
4691,S-69fb37,A-e4bf56,12-12-2024,Ongoing,Pro,17,833.0,9996.0,False,False,False,False,annual,True
4692,S-d90352,A-f9cc74,05-12-2024,Ongoing,Enterprise,30,0.0,0.0,True,True,False,False,annual,True
4693,S-a9a5a1,A-7c4956,05-06-2023,Ongoing,Basic,9,171.0,2052.0,False,False,False,False,monthly,False
4694,S-daf6b3,A-8bde0c,04-11-2024,Ongoing,Pro,12,588.0,7056.0,False,False,False,False,monthly,True
4695,S-03bfa3,A-bc4d48,27-12-2024,Ongoing,Basic,35,665.0,7980.0,False,False,False,False,annual,True
4696,S-de3170,A-98a59a,27-10-2024,Ongoing,Pro,56,2744.0,32928.0,False,False,False,False,annual,True
4697,S-cfbb85,A-054577,06-08-2024,Ongoing,Pro,16,784.0,9408.0,False,True,False,False,monthly,False
4698,S-42f3be,A-05f0e5,29-04-2024,Ongoing,Enterprise,32,6368.0,76416.0,False,False,False,False,monthly,True
4699,S-c04755,A-2789e3,14-10-2024,Ongoing,Basic,11,209.0,2508.0,False,False,False,False,annual,True
4700,S-bfca66,A-10b8da,09-06-2023,Ongoing,Basic,14,266.0,3192.0,False,False,False,False,annual,False
4701,S-cdf625,A-c222ab,24-08-2024,Ongoing,Pro,32,1568.0,18816.0,False,False,False,False,monthly,True
4702,S-d8f67e,A-f97b9a,11-06-2024,Ongoing,Enterprise,36,7164.0,85968.0,False,False,False,False,monthly,True
4703,S-80af39,A-7f29a7,26-09-2024,Ongoing,Basic,41,779.0,9348.0,False,False,False,False,monthly,True
4704,S-11034a,A-9bfc9f,11-07-2024,Ongoing,Pro,53,2597.0,31164.0,False,True,True,False,annual,True
4705,S-40d3aa,A-9badbd,22-08-2024,Ongoing,Basic,103,1957.0,23484.0,False,False,False,False,monthly,True
4706,S-679640,A-b44e3e,25-06-2024,Ongoing,Enterprise,40,7960.0,95520.0,False,False,False,False,monthly,False
4707,S-cb853a,A-c37cab,17-12-2024,Ongoing,Basic,23,437.0,5244.0,False,False,False,False,annual,True
4708,S-f553b5,A-6da850,08-10-2023,Ongoing,Pro,34,1666.0,19992.0,False,True,False,False,monthly,True
4709,S-fb0905,A-09316c,10-12-2024,Ongoing,Basic,70,1330.0,15960.0,False,False,False,False,annual,True
4710,S-0fc73c,A-9affe6,14-09-2023,Ongoing,Basic,56,1064.0,12768.0,False,False,False,False,annual,True
4711,S-7e7a73,A-89ee83,20-12-2024,Ongoing,Enterprise,16,3184.0,38208.0,False,False,False,False,monthly,True
4712,S-2dc98b,A-5a92e7,08-11-2024,Ongoing,Pro,9,441.0,5292.0,False,False,False,False,annual,True
4713,S-16f4a2,A-e08cd3,10-11-2024,Ongoing,Enterprise,67,13333.0,159996.0,False,False,False,False,annual,True
4714,S-6630bc,A-600734,07-03-2024,Ongoing,Enterprise,29,5771.0,69252.0,False,False,False,False,monthly,True
4715,S-bd2ab2,A-186a44,23-11-2024,Ongoing,Enterprise,47,9353.0,112236.0,False,False,False,False,annual,True
4716,S-97bc99,A-82861f,25-05-2024,Ongoing,Pro,46,2254.0,27048.0,False,False,False,False,annual,True
4717,S-0c0ddf,A-65c341,05-10-2024,Ongoing,Enterprise,11,2189.0,26268.0,False,False,False,False,annual,True
4718,S-f45fe3,A-02fac6,30-05-2024,Ongoing,Pro,59,2891.0,34692.0,False,False,False,False,monthly,True
4719,S-936fa3,A-02cd81,16-07-2024,Ongoing,Pro,44,2156.0,25872.0,False,False,False,False,annual,True
4720,S-82df6c,A-ac9111,06-09-2023,Ongoing,Pro,41,2009.0,24108.0,False,False,True,False,annual,True
4721,S-a83bc2,A-b07b56,25-11-2024,Ongoing,Basic,25,475.0,5700.0,False,False,False,False,monthly,False
4722,S-69a7ce,A-58b9ff,14-07-2024,Ongoing,Pro,6,294.0,3528.0,False,False,False,False,annual,True
4723,S-522a6f,A-3a7284,30-11-2024,Ongoing,Enterprise,39,7761.0,93132.0,False,False,False,False,annual,True
4724,S-1a04fe,A-4e631b,13-05-2024,Ongoing,Enterprise,22,4378.0,52536.0,False,True,False,False,annual,True
4725,S-d22ebe,A-5a92e7,14-06-2024,Ongoing,Basic,9,171.0,2052.0,False,False,False,False,annual,True
4726,S-fa781b,A-271f46,25-04-2024,Ongoing,Enterprise,38,0.0,0.0,True,False,False,False,monthly,True
4727,S-718116,A-462d45,03-05-2024,Ongoing,Pro,11,539.0,6468.0,False,False,True,False,monthly,True
4728,S-ce5fb5,A-fd9422,25-11-2024,Ongoing,Enterprise,58,0.0,0.0,True,False,False,False,monthly,True
4729,S-2ebd06,A-32728c,04-04-2023,Ongoing,Pro,20,980.0,11760.0,False,False,False,False,monthly,True
4730,S-03a939,A-cd458b,25-07-2024,Ongoing,Enterprise,26,5174.0,62088.0,False,False,False,False,monthly,True
4731,S-fc65aa,A-eb1312,27-12-2024,Ongoing,Enterprise,25,4975.0,59700.0,False,False,False,False,annual,True
4732,S-6d9231,A-c37601,24-12-2024,Ongoing,Enterprise,12,2388.0,28656.0,False,False,False,False,monthly,True
4733,S-4b15c4,A-65aeb5,01-08-2024,Ongoing,Enterprise,18,3582.0,42984.0,False,False,False,False,annual,True
4734,S-66f0d0,A-0158bb,28-06-2024,Ongoing,Basic,35,665.0,7980.0,False,False,False,False,monthly,True
4735,S-95aaf8,A-781cc0,30-10-2024,Ongoing,Basic,12,228.0,2736.0,False,False,False,False,annual,True
4736,S-3a2aee,A-e08cd3,14-12-2024,Ongoing,Enterprise,67,0.0,0.0,True,False,False,False,monthly,True
4737,S-66a834,A-659280,23-12-2023,Ongoing,Enterprise,31,6169.0,74028.0,False,False,False,False,annual,False
4738,S-e9b437,A-0f7d77,30-11-2024,Ongoing,Pro,11,539.0,6468.0,False,False,False,False,monthly,True
4739,S-61a647,A-726cfa,01-11-2023,Ongoing,Pro,11,539.0,6468.0,False,False,False,False,annual,True
4740,S-ef2703,A-0b0d6d,30-12-2024,Ongoing,Enterprise,36,7164.0,85968.0,False,False,False,False,annual,True
4741,S-c288ef,A-d26ab4,09-12-2024,Ongoing,Pro,9,0.0,0.0,True,False,False,False,annual,True
4742,S-91e96a,A-970c97,06-03-2024,Ongoing,Enterprise,14,2786.0,33432.0,False,False,True,False,monthly,False
4743,S-453f00,A-45ce7a,18-08-2023,20-05-2024,Pro,16,784.0,9408.0,False,True,True,True,monthly,True
4744,S-812d97,A-249769,24-08-2024,Ongoing,Pro,19,0.0,0.0,True,False,False,False,annual,True
4745,S-39a5a7,A-09316c,22-09-2024,Ongoing,Basic,70,1330.0,15960.0,False,False,False,False,monthly,True
4746,S-1c06f3,A-53f4e3,05-11-2024,Ongoing,Basic,13,247.0,2964.0,False,False,False,False,annual,True
4747,S-c6ff41,A-443f6f,19-12-2024,Ongoing,Basic,38,722.0,8664.0,False,False,False,False,monthly,True
4748,S-108caf,A-6dee43,31-10-2023,Ongoing,Enterprise,12,2388.0,28656.0,False,False,False,False,annual,True
4749,S-644316,A-cdf020,07-10-2024,Ongoing,Enterprise,23,4577.0,54924.0,False,True,False,False,annual,True
4750,S-d54349,A-016043,11-09-2024,Ongoing,Enterprise,20,3980.0,47760.0,False,False,False,False,annual,True
4751,S-10a1b5,A-e98302,09-09-2024,Ongoing,Basic,34,646.0,7752.0,False,False,False,False,annual,False
4752,S-93fa71,A-309e54,21-12-2024,Ongoing,Enterprise,59,11741.0,140892.0,False,False,True,False,annual,True
4753,S-550202,A-bb3bd4,17-12-2024,Ongoing,Basic,23,437.0,5244.0,False,False,False,False,annual,True
4754,S-07399c,A-4e44e8,18-11-2024,Ongoing,Basic,29,551.0,6612.0,False,False,False,False,monthly,True
4755,S-f4e174,A-ae052e,17-12-2024,Ongoing,Basic,39,0.0,0.0,True,False,False,False,annual,True
4756,S-3b5eb3,A-6f8ad2,07-10-2024,12-10-2024,Pro,70,0.0,0.0,True,True,False,True,annual,True
4757,S-08c8e1,A-31ab9a,10-12-2024,Ongoing,Enterprise,14,2786.0,33432.0,False,False,False,False,monthly,True
4758,S-6b977f,A-7988d1,25-08-2024,Ongoing,Pro,33,1617.0,19404.0,False,False,False,False,monthly,False
4759,S-c1f8e1,A-0532a9,26-12-2024,Ongoing,Pro,19,931.0,11172.0,False,True,False,False,annual,False
4760,S-9030e0,A-32728c,18-04-2024,Ongoing,Enterprise,20,0.0,0.0,True,True,False,False,annual,True
4761,S-02d6c8,A-3a7284,05-12-2024,Ongoing,Enterprise,31,6169.0,74028.0,False,False,False,False,monthly,True
4762,S-599207,A-427b69,08-12-2024,Ongoing,Enterprise,17,3383.0,40596.0,False,False,False,False,annual,True
4763,S-5d8b88,A-1d5444,25-11-2024,Ongoing,Pro,24,1176.0,14112.0,False,False,False,False,annual,True
4764,S-ac01fb,A-533452,27-11-2024,Ongoing,Enterprise,14,0.0,0.0,True,False,False,False,annual,True
4765,S-b7ef4c,A-5ed98d,25-11-2024,Ongoing,Pro,28,1372.0,16464.0,False,False,False,False,monthly,False
4766,S-9f0371,A-313be3,03-07-2024,Ongoing,Enterprise,47,0.0,0.0,True,False,False,False,annual,True
4767,S-d914d8,A-ee42db,30-06-2023,Ongoing,Pro,13,0.0,0.0,True,False,True,False,monthly,True
4768,S-67c131,A-432483,02-09-2024,15-09-2024,Pro,13,637.0,7644.0,False,False,False,True,annual,True
4769,S-263c1e,A-a8b49c,26-12-2023,Ongoing,Pro,16,0.0,0.0,True,False,False,False,monthly,True
4770,S-76b964,A-39868b,11-10-2024,Ongoing,Pro,9,441.0,5292.0,False,True,False,False,monthly,False
4771,S-d4d459,A-2e4581,19-12-2024,Ongoing,Enterprise,29,5771.0,69252.0,False,False,False,False,monthly,True
4772,S-b45a10,A-313be3,14-08-2024,Ongoing,Pro,56,2744.0,32928.0,False,False,False,False,monthly,False
4773,S-1b0848,A-dcc3f1,17-01-2024,Ongoing,Pro,51,2499.0,29988.0,False,False,False,False,monthly,True
4774,S-00ab51,A-ae052e,31-03-2024,Ongoing,Pro,39,1911.0,22932.0,False,True,False,False,monthly,True
4775,S-1ccdd4,A-54d94a,21-10-2024,Ongoing,Pro,27,1323.0,15876.0,False,False,False,False,monthly,True
4776,S-302119,A-e1462e,03-04-2023,Ongoing,Enterprise,15,2985.0,35820.0,False,False,True,False,monthly,True
4777,S-65e749,A-2d4502,14-07-2024,Ongoing,Basic,61,1159.0,13908.0,False,False,False,False,monthly,False
4778,S-05b1b6,A-337bc1,11-11-2023,Ongoing,Enterprise,34,6766.0,81192.0,False,False,False,False,monthly,True
4779,S-f2da7f,A-1619f8,05-11-2024,Ongoing,Enterprise,29,5771.0,69252.0,False,False,False,False,monthly,True
4780,S-d71fe9,A-d62e02,11-10-2024,Ongoing,Enterprise,6,1194.0,14328.0,False,False,False,False,annual,True
4781,S-f69fca,A-4c38bc,06-07-2024,Ongoing,Basic,36,684.0,8208.0,False,False,False,False,annual,True
4782,S-5b322c,A-1f0636,27-07-2024,Ongoing,Basic,105,1995.0,23940.0,False,False,False,False,annual,True
4783,S-392e05,A-65a46c,10-03-2024,Ongoing,Basic,45,855.0,10260.0,False,False,False,False,annual,True
4784,S-fd3d2d,A-e36807,06-10-2024,Ongoing,Enterprise,40,0.0,0.0,True,False,False,False,monthly,True
4785,S-8ddc89,A-bd4513,27-11-2024,Ongoing,Enterprise,50,9950.0,119400.0,False,False,False,False,monthly,True
4786,S-07c0da,A-068fc6,02-01-2024,Ongoing,Pro,35,0.0,0.0,True,False,False,False,annual,True
4787,S-d1dbf7,A-3b37d9,02-12-2023,Ongoing,Pro,28,0.0,0.0,True,False,False,False,monthly,True
4788,S-e57fb8,A-96e141,14-10-2023,Ongoing,Enterprise,40,0.0,0.0,True,False,False,False,monthly,True
4789,S-b71cfb,A-9123ac,10-05-2024,Ongoing,Enterprise,15,0.0,0.0,True,False,True,False,monthly,True
4790,S-a7da97,A-5790f4,25-12-2024,Ongoing,Enterprise,63,12537.0,150444.0,False,False,False,False,annual,False
4791,S-4b005c,A-50f3f7,05-01-2024,Ongoing,Enterprise,45,8955.0,107460.0,False,False,False,False,annual,True
4792,S-605115,A-bd4513,30-12-2024,Ongoing,Basic,50,950.0,11400.0,False,False,False,False,annual,True
4793,S-fcbd92,A-7f29a7,21-12-2024,Ongoing,Pro,41,2009.0,24108.0,False,False,False,False,monthly,True
4794,S-d9e0d1,A-812c5b,15-11-2024,Ongoing,Basic,55,1045.0,12540.0,False,False,False,False,annual,True
4795,S-869978,A-443f6f,24-12-2024,Ongoing,Enterprise,19,3781.0,45372.0,False,False,False,False,monthly,False
4796,S-5daabf,A-533452,16-12-2024,Ongoing,Enterprise,9,1791.0,21492.0,False,True,True,False,monthly,True
4797,S-c0352b,A-cc102e,06-11-2024,Ongoing,Pro,13,637.0,7644.0,False,False,False,False,monthly,False
4798,S-a648e7,A-3b5cd1,29-01-2024,Ongoing,Basic,13,247.0,2964.0,False,False,False,False,annual,False
4799,S-618471,A-bbc346,20-10-2024,Ongoing,Enterprise,45,8955.0,107460.0,False,False,False,False,monthly,True
4800,S-a16038,A-d4e0d4,15-11-2024,Ongoing,Pro,117,5733.0,68796.0,False,False,False,False,monthly,True
4801,S-b805b2,A-d77f4c,13-04-2024,Ongoing,Enterprise,8,1592.0,19104.0,False,False,False,False,annual,False
4802,S-b04b73,A-e1b9cd,24-11-2023,27-06-2024,Enterprise,40,7960.0,95520.0,False,False,False,True,monthly,True
4803,S-ed4475,A-1f559b,27-06-2024,Ongoing,Pro,12,588.0,7056.0,False,False,False,False,annual,True
4804,S-5a1d20,A-f97b9a,08-12-2024,Ongoing,Pro,16,784.0,9408.0,False,False,False,False,annual,True
4805,S-c65456,A-a33200,26-09-2024,Ongoing,Pro,29,1421.0,17052.0,False,False,False,False,annual,True
4806,S-7fbc53,A-2edab2,29-03-2024,Ongoing,Pro,17,833.0,9996.0,False,False,False,False,monthly,False
4807,S-0d33fc,A-1b707d,18-11-2023,Ongoing,Enterprise,16,3184.0,38208.0,False,False,False,False,monthly,True
4808,S-db3e30,A-40de06,08-11-2023,Ongoing,Basic,28,532.0,6384.0,False,False,False,False,annual,True
4809,S-966ce7,A-a1b80b,01-04-2024,Ongoing,Enterprise,16,3184.0,38208.0,False,False,False,False,annual,True
4810,S-41ea32,A-054577,22-10-2024,05-12-2024,Basic,24,456.0,5472.0,False,False,False,True,monthly,True
4811,S-57800a,A-f446b6,08-09-2024,Ongoing,Basic,5,95.0,1140.0,False,False,False,False,annual,True
4812,S-daf6aa,A-098560,27-10-2024,Ongoing,Basic,40,760.0,9120.0,False,False,False,False,monthly,True
4813,S-615a8a,A-bf7919,31-12-2024,Ongoing,Enterprise,11,0.0,0.0,True,False,False,False,annual,False
4814,S-a892fd,A-22f2df,27-12-2024,Ongoing,Pro,8,392.0,4704.0,False,False,False,False,monthly,False
4815,S-2b2532,A-410e86,25-12-2024,Ongoing,Enterprise,24,4776.0,57312.0,False,False,False,False,monthly,False
4816,S-54daa5,A-94f8c9,17-12-2024,Ongoing,Enterprise,36,7164.0,85968.0,False,False,False,False,annual,True
4817,S-85320b,A-71615e,21-08-2024,Ongoing,Enterprise,15,0.0,0.0,True,True,False,False,monthly,True
4818,S-317bed,A-53f4e3,16-10-2024,Ongoing,Basic,18,342.0,4104.0,False,False,False,False,monthly,False
4819,S-4fc62f,A-6c093d,12-12-2024,Ongoing,Enterprise,7,0.0,0.0,True,False,False,False,annual,True
4820,S-fb10b8,A-5a92e7,15-07-2024,Ongoing,Pro,43,2107.0,25284.0,False,False,False,False,annual,True
4821,S-0fc72f,A-faa28c,23-02-2024,Ongoing,Pro,65,3185.0,38220.0,False,True,False,False,annual,True
4822,S-55834e,A-4437e4,30-08-2024,Ongoing,Pro,4,0.0,0.0,True,False,False,False,annual,True
4823,S-09d706,A-6e08f3,20-07-2024,Ongoing,Pro,8,392.0,4704.0,False,False,True,False,monthly,True
4824,S-738d4a,A-71615e,06-12-2024,Ongoing,Pro,15,735.0,8820.0,False,False,False,False,annual,True
4825,S-207191,A-726cfa,15-07-2023,Ongoing,Pro,20,980.0,11760.0,False,False,False,False,annual,True
4826,S-ff5ff8,A-eb2fdc,25-05-2024,Ongoing,Pro,31,1519.0,18228.0,False,False,False,False,annual,True
4827,S-99c1c7,A-fa3095,04-06-2024,Ongoing,Basic,70,1330.0,15960.0,False,False,False,False,annual,True
4828,S-d5aded,A-0f6450,29-12-2024,Ongoing,Pro,28,1372.0,16464.0,False,False,False,False,monthly,True
4829,S-b1e72a,A-adc1f3,12-12-2024,Ongoing,Enterprise,12,2388.0,28656.0,False,False,False,False,monthly,True
4830,S-1898b3,A-e1462e,23-07-2023,Ongoing,Basic,28,0.0,0.0,True,False,False,False,annual,True
4831,S-76eded,A-ae052e,24-10-2024,11-12-2024,Pro,39,1911.0,22932.0,False,False,False,True,monthly,True
4832,S-3d2ebb,A-716841,15-10-2024,Ongoing,Basic,45,855.0,10260.0,False,False,False,False,annual,True
4833,S-1299be,A-f45426,18-10-2024,Ongoing,Basic,9,171.0,2052.0,False,False,True,False,monthly,False
4834,S-59d90a,A-aa9511,28-08-2024,13-11-2024,Pro,29,0.0,0.0,True,False,False,True,annual,True
4835,S-1f505e,A-95b24a,30-07-2023,Ongoing,Basic,38,722.0,8664.0,False,True,False,False,annual,True
4836,S-ed1eb5,A-726cfa,08-01-2024,Ongoing,Basic,15,285.0,3420.0,False,True,False,False,monthly,True
4837,S-950c4e,A-ee42db,20-02-2024,Ongoing,Basic,24,456.0,5472.0,False,False,False,False,annual,True
4838,S-d34b17,A-9123ac,21-10-2024,Ongoing,Enterprise,18,3582.0,42984.0,False,False,False,False,annual,True
4839,S-f33b5f,A-f97b9a,22-08-2024,Ongoing,Basic,65,0.0,0.0,True,False,False,False,annual,True
4840,S-505db5,A-883b7d,01-05-2024,Ongoing,Pro,53,2597.0,31164.0,False,False,False,False,monthly,True
4841,S-db56d2,A-c1dfe1,26-10-2023,17-03-2024,Basic,26,494.0,5928.0,False,False,False,True,monthly,False
4842,S-075ffc,A-eb7c38,02-09-2024,15-12-2024,Enterprise,15,2985.0,35820.0,False,False,False,True,annual,True
4843,S-b59bff,A-cea1f0,27-12-2024,Ongoing,Enterprise,8,1592.0,19104.0,False,False,False,False,annual,False
4844,S-3ae8d8,A-396e5f,02-10-2024,Ongoing,Enterprise,7,1393.0,16716.0,False,True,False,False,monthly,True
4845,S-62b7cf,A-4c38bc,06-11-2024,Ongoing,Enterprise,36,7164.0,85968.0,False,True,False,False,annual,True
4846,S-91ec54,A-331424,04-11-2024,Ongoing,Pro,11,0.0,0.0,True,False,False,False,monthly,False
4847,S-4f43fd,A-fd7ad3,26-12-2024,Ongoing,Basic,29,551.0,6612.0,False,False,False,False,monthly,True
4848,S-0dd555,A-e7a1e2,22-11-2024,Ongoing,Pro,33,1617.0,19404.0,False,False,False,False,annual,False
4849,S-36f8c0,A-19b2c8,19-06-2023,Ongoing,Pro,33,1617.0,19404.0,False,False,False,False,annual,True
4850,S-204d42,A-5b4ebb,22-10-2024,Ongoing,Pro,21,1029.0,12348.0,False,False,False,False,monthly,True
4851,S-770f21,A-a8d89d,12-07-2024,Ongoing,Basic,35,665.0,7980.0,False,False,False,False,monthly,True
4852,S-14b7f3,A-50bb9f,09-08-2024,Ongoing,Basic,5,95.0,1140.0,False,False,False,False,monthly,True
4853,S-34512a,A-9289f6,22-11-2024,Ongoing,Pro,1,49.0,588.0,False,False,False,False,monthly,True
4854,S-e22519,A-f44180,17-06-2024,Ongoing,Pro,14,686.0,8232.0,False,False,False,False,monthly,True
4855,S-c419d6,A-6e08f3,16-02-2024,Ongoing,Enterprise,24,4776.0,57312.0,False,False,False,False,annual,False
4856,S-dc9874,A-cc102e,09-05-2024,27-09-2024,Pro,42,2058.0,24696.0,False,False,False,True,annual,True
4857,S-2d3096,A-712533,19-01-2024,Ongoing,Pro,22,1078.0,12936.0,False,False,False,False,annual,True
4858,S-9d727d,A-ac85cd,09-12-2024,18-12-2024,Basic,53,0.0,0.0,True,False,False,True,monthly,True
4859,S-78cb5f,A-9badbd,07-12-2024,Ongoing,Enterprise,7,1393.0,16716.0,False,False,False,False,monthly,True
4860,S-3b0fbb,A-bd4708,12-10-2024,Ongoing,Pro,59,0.0,0.0,True,False,False,False,annual,False
4861,S-4eabfc,A-751bd4,18-09-2024,Ongoing,Basic,10,190.0,2280.0,False,False,False,False,monthly,True
4862,S-35752e,A-e6afc1,08-05-2024,Ongoing,Pro,1,49.0,588.0,False,False,False,False,annual,True
4863,S-e56037,A-2ebb4b,25-05-2024,Ongoing,Pro,41,2009.0,24108.0,False,True,False,False,annual,True
4864,S-c545c8,A-c1e51e,20-10-2024,Ongoing,Basic,7,133.0,1596.0,False,False,True,False,monthly,True
4865,S-10f143,A-6f8ad2,13-08-2024,Ongoing,Basic,8,152.0,1824.0,False,False,False,False,monthly,True
4866,S-8669e4,A-6dee43,11-08-2024,23-10-2024,Pro,55,2695.0,32340.0,False,False,False,True,annual,False
4867,S-0337da,A-098560,02-09-2024,Ongoing,Enterprise,29,5771.0,69252.0,False,False,False,False,monthly,True
4868,S-fe77d4,A-fda07f,01-12-2024,Ongoing,Pro,16,784.0,9408.0,False,True,False,False,monthly,True
4869,S-ac2157,A-5a184f,14-04-2024,Ongoing,Enterprise,14,2786.0,33432.0,False,False,False,False,monthly,True
4870,S-f180b5,A-86cdb4,13-10-2024,Ongoing,Basic,17,323.0,3876.0,False,False,False,False,monthly,True
4871,S-8442d1,A-82d8a6,22-12-2024,24-12-2024,Enterprise,21,0.0,0.0,True,False,False,True,monthly,True
4872,S-f3e5f9,A-a09355,09-12-2024,Ongoing,Pro,26,1274.0,15288.0,False,False,False,False,monthly,True
4873,S-6b1de8,A-6843f2,27-12-2024,Ongoing,Basic,21,399.0,4788.0,False,False,False,False,monthly,True
4874,S-c7621b,A-ced9aa,23-11-2024,25-11-2024,Basic,19,361.0,4332.0,False,False,False,True,annual,True
4875,S-973625,A-794a0b,18-12-2023,Ongoing,Basic,23,437.0,5244.0,False,False,False,False,annual,False
4876,S-7425f9,A-3d957b,30-07-2024,Ongoing,Pro,29,1421.0,17052.0,False,True,False,False,monthly,True
4877,S-9d8ac4,A-313be3,29-09-2024,Ongoing,Basic,47,0.0,0.0,True,False,False,False,annual,True
4878,S-1a20b6,A-1e6fc3,01-04-2024,Ongoing,Pro,5,245.0,2940.0,False,False,False,False,monthly,True
4879,S-a3791c,A-c4ea60,17-12-2024,Ongoing,Enterprise,18,3582.0,42984.0,False,False,False,False,monthly,True
4880,S-f9cb96,A-fd9422,09-05-2024,Ongoing,Enterprise,58,11542.0,138504.0,False,True,False,False,annual,True
4881,S-5450af,A-b48f73,13-12-2024,Ongoing,Enterprise,80,15920.0,191040.0,False,False,False,False,annual,False
4882,S-641794,A-fd9422,08-05-2024,Ongoing,Pro,58,0.0,0.0,True,False,False,False,annual,True
4883,S-7fb77e,A-91e948,10-11-2023,Ongoing,Pro,41,2009.0,24108.0,False,True,False,False,annual,True
4884,S-30008c,A-cc98bc,26-05-2024,Ongoing,Pro,54,2646.0,31752.0,False,True,False,False,annual,True
4885,S-e8f8c0,A-cab532,27-05-2023,Ongoing,Enterprise,25,4975.0,59700.0,False,False,False,False,monthly,True
4886,S-9828eb,A-cb6cc6,01-10-2024,Ongoing,Pro,25,1225.0,14700.0,False,False,False,False,monthly,True
4887,S-d75e1f,A-922109,29-11-2024,Ongoing,Enterprise,4,796.0,9552.0,False,False,False,False,monthly,False
4888,S-7077ab,A-fda07f,30-12-2024,Ongoing,Basic,14,266.0,3192.0,False,False,False,False,monthly,True
4889,S-aa751f,A-86fc1d,16-10-2024,Ongoing,Basic,37,703.0,8436.0,False,False,False,False,monthly,True
4890,S-08a3ca,A-c45b23,07-09-2024,Ongoing,Pro,25,0.0,0.0,True,False,False,False,annual,True
4891,S-886184,A-7c83a1,20-09-2024,Ongoing,Enterprise,17,0.0,0.0,True,False,False,False,annual,True
4892,S-46a7eb,A-e19ff6,05-10-2024,Ongoing,Enterprise,43,0.0,0.0,True,False,False,False,monthly,True
4893,S-482e5b,A-427b69,07-09-2024,Ongoing,Pro,18,882.0,10584.0,False,False,False,False,annual,True
4894,S-632acf,A-331424,28-08-2024,Ongoing,Enterprise,11,2189.0,26268.0,False,False,False,False,monthly,True
4895,S-712e69,A-0f3e88,24-11-2024,Ongoing,Basic,17,323.0,3876.0,False,False,False,False,annual,True
4896,S-f8d74d,A-7641d3,21-05-2024,Ongoing,Enterprise,14,2786.0,33432.0,False,False,False,False,monthly,False
4897,S-c2c197,A-029f69,15-09-2024,19-09-2024,Basic,15,285.0,3420.0,False,False,False,True,monthly,False
4898,S-e2981a,A-7f4db3,06-11-2024,Ongoing,Enterprise,18,3582.0,42984.0,False,False,False,False,annual,True
4899,S-fae195,A-a7bd4b,31-10-2023,Ongoing,Basic,22,418.0,5016.0,False,True,False,False,annual,False
4900,S-a8a1e8,A-f92792,25-08-2024,Ongoing,Enterprise,35,6965.0,83580.0,False,False,False,False,monthly,True
4901,S-d471c6,A-a6d261,16-07-2024,Ongoing,Basic,9,171.0,2052.0,False,False,False,False,monthly,True
4902,S-465825,A-e2cd1b,20-11-2024,Ongoing,Basic,18,342.0,4104.0,False,True,False,False,monthly,True
4903,S-c59b3b,A-781cc0,18-09-2024,Ongoing,Enterprise,12,2388.0,28656.0,False,False,False,False,annual,True
4904,S-7e8bd4,A-ac14bb,26-03-2024,Ongoing,Basic,27,513.0,6156.0,False,False,False,False,monthly,True
4905,S-92ae0a,A-91e948,11-07-2024,Ongoing,Enterprise,41,8159.0,97908.0,False,True,False,False,monthly,True
4906,S-180859,A-d4ac0e,06-08-2024,Ongoing,Basic,18,342.0,4104.0,False,False,False,False,monthly,True
4907,S-3c8e09,A-e351e1,01-10-2024,Ongoing,Basic,33,627.0,7524.0,False,False,False,False,monthly,True
4908,S-306a99,A-3a5ad8,31-03-2024,Ongoing,Basic,9,0.0,0.0,True,False,False,False,monthly,True
4909,S-0bdf55,A-7dacce,18-09-2024,Ongoing,Enterprise,13,2587.0,31044.0,False,False,False,False,annual,False
4910,S-cc771c,A-81edc3,08-06-2024,Ongoing,Pro,41,2009.0,24108.0,False,True,False,False,monthly,False
4911,S-af6284,A-30b4ca,27-05-2024,Ongoing,Enterprise,86,17114.0,205368.0,False,False,False,False,annual,True
4912,S-e92512,A-0dbdc6,13-03-2024,Ongoing,Basic,30,570.0,6840.0,False,False,False,False,monthly,True
4913,S-87d801,A-443b7c,16-09-2024,Ongoing,Pro,5,245.0,2940.0,False,False,False,False,monthly,True
4914,S-74bda1,A-dfbd31,17-06-2024,Ongoing,Basic,14,0.0,0.0,True,False,False,False,annual,False
4915,S-fcb954,A-45ce7a,19-03-2024,Ongoing,Enterprise,16,3184.0,38208.0,False,False,False,False,annual,True
4916,S-a44d30,A-e08cd3,31-10-2024,Ongoing,Enterprise,67,13333.0,159996.0,False,False,False,False,monthly,True
4917,S-a4a6c9,A-86fc1d,16-08-2024,Ongoing,Enterprise,28,5572.0,66864.0,False,True,False,False,monthly,True
4918,S-ff2510,A-80eeb6,14-09-2024,Ongoing,Pro,46,0.0,0.0,True,True,True,False,annual,True
4919,S-1c54b6,A-0f6450,31-12-2024,Ongoing,Enterprise,28,5572.0,66864.0,False,False,False,False,monthly,False
4920,S-90a14e,A-503d5a,30-03-2024,Ongoing,Pro,4,196.0,2352.0,False,False,False,False,annual,False
4921,S-b4cd75,A-cc102e,23-09-2024,Ongoing,Enterprise,13,2587.0,31044.0,False,False,False,False,monthly,False
4922,S-10bf4d,A-ce66f8,24-08-2023,Ongoing,Basic,29,551.0,6612.0,False,False,False,False,monthly,True
4923,S-7e8699,A-e89151,14-11-2024,Ongoing,Pro,31,1519.0,18228.0,False,False,False,False,monthly,True
4924,S-726749,A-43a9e3,22-02-2024,Ongoing,Pro,18,882.0,10584.0,False,True,False,False,annual,True
4925,S-d2932e,A-ac9111,26-08-2024,Ongoing,Enterprise,21,4179.0,50148.0,False,False,False,False,annual,False
4926,S-72a3e2,A-3c1a3f,26-10-2024,Ongoing,Basic,7,133.0,1596.0,False,False,False,False,annual,False
4927,S-763b53,A-592832,22-12-2024,Ongoing,Basic,18,342.0,4104.0,False,False,False,False,annual,False
4928,S-8b4074,A-d922bf,10-12-2024,Ongoing,Enterprise,9,1791.0,21492.0,False,False,False,False,annual,True
4929,S-37d427,A-eb2fdc,06-04-2024,Ongoing,Basic,31,589.0,7068.0,False,False,False,False,monthly,True
4930,S-1784ce,A-a0ca4e,25-09-2024,Ongoing,Pro,49,2401.0,28812.0,False,False,False,False,annual,True
4931,S-c913f8,A-82d8a6,03-12-2024,Ongoing,Enterprise,68,13532.0,162384.0,False,False,False,False,monthly,True
4932,S-67acc8,A-f9cc74,09-11-2024,Ongoing,Pro,30,0.0,0.0,True,False,False,False,monthly,True
4933,S-1a93b8,A-5a92e7,03-10-2024,Ongoing,Enterprise,19,0.0,0.0,True,False,False,False,annual,False
4934,S-cc3f3d,A-94f8c9,19-10-2024,Ongoing,Enterprise,17,3383.0,40596.0,False,False,False,False,annual,False
4935,S-66bae1,A-812c5b,22-10-2024,Ongoing,Basic,55,1045.0,12540.0,False,False,False,False,monthly,True
4936,S-0aed9e,A-22d9d2,29-06-2024,Ongoing,Pro,8,392.0,4704.0,False,False,False,False,annual,True
4937,S-fa92c5,A-443b7c,01-10-2024,Ongoing,Pro,84,4116.0,49392.0,False,False,False,False,monthly,True
4938,S-fee9c9,A-779e4e,02-07-2024,Ongoing,Enterprise,6,1194.0,14328.0,False,False,False,False,annual,False
4939,S-2d0d53,A-fe79a5,06-09-2024,Ongoing,Enterprise,23,4577.0,54924.0,False,False,False,False,annual,True
4940,S-e0a991,A-9affe6,06-04-2023,Ongoing,Enterprise,7,1393.0,16716.0,False,False,False,False,monthly,True
4941,S-58b1a2,A-67be94,20-06-2024,Ongoing,Enterprise,52,10348.0,124176.0,False,False,False,False,monthly,True
4942,S-f6a70a,A-2446e3,06-10-2024,Ongoing,Enterprise,27,5373.0,64476.0,False,True,False,False,annual,True
4943,S-9c9700,A-0f6450,31-12-2024,Ongoing,Basic,28,532.0,6384.0,False,False,False,False,annual,True
4944,S-65ec6b,A-ac14bb,15-03-2024,20-10-2024,Enterprise,35,6965.0,83580.0,False,False,False,True,monthly,True
4945,S-99a404,A-139c3b,20-12-2024,Ongoing,Basic,10,190.0,2280.0,False,False,False,False,annual,True
4946,S-532502,A-a09355,14-11-2024,Ongoing,Basic,14,266.0,3192.0,False,False,False,False,monthly,True
4947,S-77befa,A-7e0a10,29-11-2023,Ongoing,Basic,46,874.0,10488.0,False,False,False,False,monthly,False
4948,S-aa78ed,A-6e08f3,29-02-2024,Ongoing,Pro,18,0.0,0.0,True,True,False,False,monthly,False
4949,S-e781ba,A-53f4e3,17-06-2024,Ongoing,Pro,19,931.0,11172.0,False,False,False,False,monthly,False
4950,S-61fa27,A-5a3eb9,30-10-2024,Ongoing,Basic,21,399.0,4788.0,False,False,False,False,annual,False
4951,S-4f5c94,A-6dee43,22-10-2023,Ongoing,Basic,6,114.0,1368.0,False,False,False,False,annual,True
4952,S-4a0cb3,A-a1b80b,16-05-2024,04-08-2024,Enterprise,22,0.0,0.0,True,False,False,True,monthly,True
4953,S-77c880,A-40906c,01-12-2024,Ongoing,Pro,92,4508.0,54096.0,False,False,False,False,annual,True
4954,S-f8ee6e,A-ed510f,19-04-2023,Ongoing,Enterprise,42,0.0,0.0,True,False,False,False,monthly,True
4955,S-c7b793,A-90a8c8,07-11-2024,Ongoing,Pro,23,1127.0,13524.0,False,False,False,False,monthly,True
4956,S-e7f571,A-9affe6,06-06-2023,11-12-2024,Basic,7,133.0,1596.0,False,False,False,True,monthly,True
4957,S-611bf8,A-df10db,08-09-2023,Ongoing,Enterprise,2,398.0,4776.0,False,False,False,False,annual,True
4958,S-f3979e,A-9c18c4,15-12-2023,Ongoing,Pro,11,539.0,6468.0,False,False,False,False,annual,True
4959,S-409beb,A-7988d1,12-03-2024,Ongoing,Basic,33,0.0,0.0,True,False,False,False,annual,True
4960,S-0896bc,A-9779ad,16-12-2024,Ongoing,Enterprise,40,7960.0,95520.0,False,False,False,False,monthly,False
4961,S-e09e04,A-fda07f,24-08-2024,Ongoing,Enterprise,14,2786.0,33432.0,False,True,False,False,annual,True
4962,S-293a1f,A-40de06,17-05-2024,Ongoing,Pro,28,1372.0,16464.0,False,False,False,False,monthly,False
4963,S-b56884,A-c1dfe1,26-07-2024,Ongoing,Enterprise,41,8159.0,97908.0,False,False,False,False,annual,True
4964,S-5f8ad0,A-dfbd31,08-08-2024,Ongoing,Basic,24,456.0,5472.0,False,False,False,False,annual,True
4965,S-713c12,A-8ed5dd,27-11-2024,Ongoing,Basic,15,285.0,3420.0,False,False,True,False,monthly,True
4966,S-e74ca1,A-59f724,24-08-2024,Ongoing,Basic,3,0.0,0.0,True,False,False,False,monthly,False
4967,S-b6a35b,A-59f724,08-05-2024,Ongoing,Pro,19,931.0,11172.0,False,False,False,False,monthly,True
4968,S-711528,A-a7bd4b,25-09-2024,Ongoing,Basic,18,342.0,4104.0,False,False,False,False,monthly,True
4969,S-101401,A-08e34e,05-12-2024,Ongoing,Pro,58,2842.0,34104.0,False,False,False,False,monthly,True
4970,S-155934,A-4a4c2d,16-04-2024,Ongoing,Pro,54,0.0,0.0,True,False,False,False,annual,True
4971,S-535bd1,A-d792a6,18-03-2023,Ongoing,Pro,9,0.0,0.0,True,False,False,False,monthly,False
4972,S-42bbe0,A-2e3bad,09-10-2024,Ongoing,Basic,61,0.0,0.0,True,False,False,False,annual,True
4973,S-09076d,A-87aa7b,23-12-2024,Ongoing,Pro,51,2499.0,29988.0,False,True,False,False,monthly,True
4974,S-d302e2,A-bd4708,31-08-2024,Ongoing,Enterprise,37,7363.0,88356.0,False,False,False,False,annual,True
4975,S-f9a56a,A-0be015,19-11-2024,Ongoing,Basic,24,456.0,5472.0,False,False,False,False,monthly,False
4976,S-f783b6,A-2d4502,31-08-2024,Ongoing,Enterprise,7,1393.0,16716.0,False,False,False,False,monthly,True
4977,S-6d9705,A-726cfa,25-03-2024,Ongoing,Enterprise,11,2189.0,26268.0,False,False,False,False,annual,True
4978,S-93ab2d,A-f17767,02-05-2023,Ongoing,Basic,2,38.0,456.0,False,False,False,False,annual,True
4979,S-617065,A-a45270,01-10-2024,Ongoing,Enterprise,3,597.0,7164.0,False,True,False,False,annual,True
4980,S-329803,A-1f0ac7,29-04-2024,Ongoing,Basic,34,646.0,7752.0,False,False,False,False,monthly,False
4981,S-677801,A-80eeb6,02-05-2024,Ongoing,Enterprise,89,17711.0,212532.0,False,False,False,False,monthly,True
4982,S-3092cb,A-6a4e2d,03-08-2023,Ongoing,Enterprise,22,4378.0,52536.0,False,False,False,False,annual,True
4983,S-f9469c,A-781cc0,04-09-2024,Ongoing,Enterprise,12,2388.0,28656.0,False,True,False,False,monthly,True
4984,S-c13970,A-59f724,27-06-2024,Ongoing,Basic,36,684.0,8208.0,False,False,False,False,monthly,True
4985,S-c1c6ca,A-856b1e,03-02-2024,Ongoing,Pro,36,1764.0,21168.0,False,False,False,False,monthly,True
4986,S-966a44,A-f5641b,21-04-2024,22-07-2024,Enterprise,31,6169.0,74028.0,False,True,True,True,monthly,True
4987,S-aef0c5,A-e1b9cd,22-05-2024,Ongoing,Basic,40,760.0,9120.0,False,False,False,False,monthly,True
4988,S-6ca9be,A-e888d1,11-05-2023,Ongoing,Basic,54,1026.0,12312.0,False,False,False,False,annual,True
4989,S-f7b2fc,A-f446b6,25-07-2024,13-10-2024,Enterprise,13,2587.0,31044.0,False,False,False,True,monthly,True
4990,S-9c414f,A-0a282f,27-12-2024,Ongoing,Pro,2,98.0,1176.0,False,False,False,False,annual,True
4991,S-4b9226,A-798a3f,11-10-2024,Ongoing,Enterprise,13,2587.0,31044.0,False,False,False,False,monthly,False
4992,S-72fa62,A-4c56c9,03-09-2024,Ongoing,Enterprise,27,5373.0,64476.0,False,False,False,False,annual,True
4993,S-4fe9b6,A-8bde0c,19-12-2024,30-12-2024,Pro,25,1225.0,14700.0,False,False,False,True,annual,True
4994,S-7c635b,A-92a333,15-08-2023,Ongoing,Enterprise,33,6567.0,78804.0,False,False,False,False,annual,True
4995,S-c158df,A-fa2041,27-10-2024,Ongoing,Enterprise,18,3582.0,42984.0,False,False,False,False,monthly,True
4996,S-b49c0a,A-db5e9e,05-12-2024,Ongoing,Pro,23,1127.0,13524.0,False,False,False,False,monthly,False
4997,S-42822d,A-443f6f,15-12-2024,Ongoing,Pro,25,1225.0,14700.0,False,False,False,False,annual,True
4998,S-432401,A-c7ffc2,25-05-2023,Ongoing,Pro,132,6468.0,77616.0,False,False,False,False,monthly,True
4999,S-71fc3d,A-ccb686,06-12-2024,Ongoing,Enterprise,10,1990.0,23880.0,False,False,False,False,monthly,True
5003,S-000002,A-bbc346,16-09-2024,Unknown,Enterprise,19,3781.0,45372.0,False,False,False,True,annual,True
5004,S-000003,A-781cc0,24-09-2024,Ongoing,Basic,34,646.0,7752.0,False,False,False,False,annual,True
5005,S-000004,A-9b9fe9,17-08-2024,Ongoing,Pro,5,245.0,2940.0,False,False,False,False,monthly,True
5006,S-000005,A-faa28c,06-06-2024,Unknown,Enterprise,48,9552.0,114624.0,False,False,False,True,monthly,False
5007,S-000006,A-dcc3f1,29-10-2024,Ongoing,Enterprise,21,4179.0,50148.0,False,False,True,False,monthly,True
5008,S-000007,A-bb2f49,07-12-2024,Ongoing,Basic,8,152.0,1824.0,False,False,False,False,annual,True
5012,S-000009,A-d82ef9,30-07-2024,Ongoing,Pro,58,2842.0,34104.0,False,True,False,False,annual,True
5014,S-00000b,A-a6d261,13-12-2023,Ongoing,Basic,9,171.0,2052.0,False,False,False,False,monthly,True
5016,S-00000c,A-dcc2f0,29-11-2023,Ongoing,Enterprise,15,2985.0,35820.0,False,False,False,False,monthly,True
5019,S-6ff09c,A-d62e02,11-12-2024,Unknown,Basic,16,304.0,3648.0,False,False,False,True,annual,True
5020,S-00000d,A-82d8a6,22-12-2024,Ongoing,Basic,32,608.0,7296.0,False,False,False,False,annual,True
5021,S-00000e,A-9f9299,04-04-2024,Ongoing,Basic,28,532.0,6384.0,False,False,False,False,monthly,True
5023,S-45baac,A-1d5444,31-05-2024,Unknown,Enterprise,24,4776.0,57312.0,False,False,False,True,monthly,False
5026,S-00000f,A-700ade,20-11-2024,04-12-2024,Enterprise,9,1791.0,21492.0,False,False,False,True,annual,True
5027,S-000010,A-a8b49c,23-03-2024,Ongoing,Enterprise,7,1393.0,16716.0,False,False,False,False,monthly,True
5032,S-000013,A-eb7c38,02-09-2024,Unknown,Enterprise,15,2985.0,35820.0,False,False,False,True,annual,True
5035,S-000015,A-e61e98,15-01-2024,Ongoing,Basic,19,361.0,4332.0,False,False,False,False,monthly,True
5036,S-000016,A-2bc93d,26-03-2024,Ongoing,Basic,95,1805.0,21660.0,False,False,False,False,monthly,True
5038,S-000018,A-59f724,24-08-2024,Ongoing,Basic,3,0.0,0.0,True,False,False,False,monthly,False
5040,S-000019,A-ba6516,10-05-2024,Ongoing,Basic,27,0.0,0.0,True,False,False,False,annual,True
5041,S-00001a,A-751c58,11-10-2024,Ongoing,Pro,45,2205.0,26460.0,False,True,False,False,monthly,True
5043,S-00001b,A-e6afc1,30-08-2024,Ongoing,Pro,2,98.0,1176.0,False,False,False,False,annual,True
5044,S-00001c,A-ed510f,09-04-2024,Ongoing,Enterprise,42,8358.0,100296.0,False,False,False,False,annual,True
5045,S-00001d,A-9bfc9f,01-01-2024,Ongoing,Basic,53,1007.0,12084.0,False,True,False,False,monthly,True
5047,S-00001e,A-b07b56,20-11-2024,Ongoing,Pro,25,1225.0,14700.0,False,False,False,False,annual,True
5048,S-00001f,A-625d0b,22-11-2024,Ongoing,Pro,9,441.0,5292.0,False,False,False,False,annual,True
5049,S-000020,A-700ade,25-11-2024,Ongoing,Basic,7,133.0,1596.0,False,False,False,False,annual,True
5050,S-000021,A-acb7f7,16-02-2024,Ongoing,Enterprise,32,6368.0,76416.0,False,False,False,False,annual,True
5052,S-000023,A-956988,05-12-2024,Ongoing,Enterprise,55,10945.0,131340.0,False,False,False,False,annual,True
5053,S-000024,A-3932db,10-12-2023,Ongoing,Basic,23,437.0,5244.0,False,False,False,False,monthly,True
5054,S-000025,A-241e75,08-09-2024,Unknown,Basic,14,266.0,3192.0,False,False,False,True,annual,True
5058,S-000026,A-075038,30-11-2023,Ongoing,Pro,23,0.0,0.0,True,True,False,False,monthly,True
5059,S-000027,A-55f257,19-08-2024,Ongoing,Enterprise,21,4179.0,50148.0,False,False,False,False,monthly,False
5060,S-000028,A-b48f73,06-12-2024,Ongoing,Enterprise,80,0.0,0.0,True,False,False,False,annual,True
5061,S-000029,A-39ddf4,21-12-2024,Ongoing,Pro,40,1960.0,23520.0,False,False,False,False,monthly,True
5062,S-00002a,A-54d94a,24-02-2024,Unknown,Pro,27,1323.0,15876.0,False,False,True,True,monthly,True
5064,S-00002b,A-aa9511,09-02-2024,Ongoing,Enterprise,97,19303.0,231636.0,False,False,False,False,annual,True
5065,S-00002c,A-0aaf6e,26-12-2024,Ongoing,Enterprise,18,3582.0,42984.0,False,False,False,False,monthly,True
5067,S-00002d,A-832ec2,07-04-2024,Ongoing,Basic,12,228.0,2736.0,False,False,False,False,monthly,False
5071,S-00002e,A-eafc6e,01-09-2024,Ongoing,Pro,27,1323.0,15876.0,False,False,False,False,monthly,True
5073,S-695c1e,A-ce66f8,02-07-2024,Unknown,Enterprise,37,7363.0,88356.0,False,False,False,True,monthly,True
5074,S-00002f,A-ff79f2,28-07-2024,Ongoing,Pro,10,490.0,5880.0,False,False,False,False,monthly,False
5080,S-000030,A-8e47ca,29-04-2024,Ongoing,Enterprise,19,3781.0,45372.0,False,False,False,False,monthly,False
5081,S-000031,A-55f257,18-01-2024,Ongoing,Pro,9,441.0,5292.0,False,False,False,False,monthly,False
5083,S-000032,A-0532a9,26-09-2024,Ongoing,Basic,19,361.0,4332.0,False,False,False,False,annual,True
5085,S-000033,A-432483,13-12-2023,Ongoing,Enterprise,60,11940.0,143280.0,False,False,False,False,monthly,False
5087,S-000034,A-6da850,05-08-2024,Ongoing,Basic,18,0.0,0.0,True,True,False,False,monthly,True
5089,S-000036,A-54ecc2,26-11-2023,Ongoing,Basic,4,76.0,912.0,False,False,False,False,annual,True
5091,S-000037,A-f19409,20-12-2024,Ongoing,Basic,35,665.0,7980.0,False,False,False,False,annual,False
5095,S-000039,A-0b0d6d,30-12-2024,Ongoing,Enterprise,36,7164.0,85968.0,False,False,False,False,annual,True
5096,S-00003a,A-7e0a10,30-12-2024,Ongoing,Enterprise,70,13930.0,167160.0,False,False,False,False,annual,True
5097,S-00003b,A-2e4581,22-12-2024,Ongoing,Basic,44,836.0,10032.0,False,False,False,False,monthly,True
5099,S-00003d,A-855a48,08-05-2024,Ongoing,Basic,14,266.0,3192.0,False,False,False,False,monthly,False
5102,S-00003f,A-544d0a,07-12-2024,Ongoing,Basic,2,38.0,456.0,False,False,False,False,monthly,True
5103,S-000040,A-bb1eaa,28-07-2024,Ongoing,Basic,21,399.0,4788.0,False,False,False,False,monthly,True
5105,S-000041,A-bb1eaa,12-12-2024,Ongoing,Pro,25,1225.0,14700.0,False,False,False,False,annual,True
5106,S-000042,A-0532a9,26-11-2024,Unknown,Pro,21,1029.0,12348.0,False,True,False,True,monthly,False
5107,S-000043,A-bf7919,21-12-2024,Ongoing,Pro,15,735.0,8820.0,False,False,False,False,annual,True
5108,S-000044,A-30b4ca,24-05-2024,Ongoing,Enterprise,86,17114.0,205368.0,False,False,False,False,annual,True
5110,S-000046,A-09316c,27-11-2024,Ongoing,Pro,70,3430.0,41160.0,False,False,False,False,annual,True
5114,S-000049,A-dfbd31,31-12-2023,Ongoing,Enterprise,24,0.0,0.0,True,False,False,False,monthly,True
5115,S-00004a,A-bb2f49,15-06-2024,Ongoing,Pro,35,1715.0,20580.0,False,False,False,False,annual,True
5116,S-00004b,A-2bc93d,19-07-2023,Ongoing,Enterprise,14,2786.0,33432.0,False,False,False,False,annual,True
5118,S-00004c,A-7c4956,14-08-2024,Ongoing,Enterprise,6,1194.0,14328.0,False,False,False,False,annual,True
5119,S-00004d,A-856b1e,17-12-2023,Ongoing,Pro,30,1470.0,17640.0,False,False,False,False,monthly,True
5120,S-00004e,A-034368,29-11-2024,Ongoing,Basic,29,551.0,6612.0,False,False,False,False,monthly,False
5121,S-00004f,A-f97b9a,19-06-2024,Ongoing,Enterprise,16,3184.0,38208.0,False,False,False,False,annual,True
5122,S-000050,A-94f8c9,17-12-2024,Ongoing,Enterprise,36,7164.0,85968.0,False,False,False,False,annual,True
5123,S-000051,A-ff3c73,08-04-2023,Ongoing,Basic,66,1254.0,15048.0,False,False,False,False,annual,True
5124,S-cb38be,A-f92792,05-09-2024,Unknown,Basic,2,38.0,456.0,False,False,True,True,annual,True
5125,S-000052,A-cdf020,07-10-2024,Ongoing,Enterprise,23,4577.0,54924.0,False,True,False,False,annual,True
5127,S-000053,A-2e4581,19-12-2024,Ongoing,Enterprise,29,5771.0,69252.0,False,False,False,False,monthly,True
5128,S-000054,A-089363,04-11-2023,Ongoing,Basic,40,760.0,9120.0,False,False,False,False,monthly,False
5129,S-000055,A-c9bb3e,13-09-2024,Ongoing,Basic,26,494.0,5928.0,False,False,False,False,monthly,True
5130,S-000056,A-53f4e3,03-12-2024,Unknown,Basic,13,247.0,2964.0,False,False,False,True,annual,True
5133,S-000057,A-0f6450,27-12-2024,Ongoing,Enterprise,28,0.0,0.0,True,False,False,False,monthly,True
5134,S-000058,A-10b8f2,29-01-2024,Unknown,Basic,47,893.0,10716.0,False,False,False,True,annual,False
5135,S-000059,A-d49cc5,09-10-2024,Ongoing,Pro,75,3675.0,44100.0,False,False,False,False,monthly,True
5136,S-00005a,A-7d514c,08-09-2024,Ongoing,Basic,17,0.0,0.0,True,False,False,False,monthly,True
5138,S-00005b,A-560d27,01-06-2024,Ongoing,Pro,23,1127.0,13524.0,False,False,False,False,annual,False
5139,S-00005c,A-5fe118,06-12-2024,Ongoing,Enterprise,39,7761.0,93132.0,False,False,False,False,annual,True
5141,S-00005d,A-075038,08-11-2023,Unknown,Pro,17,833.0,9996.0,False,False,False,True,monthly,True
5142,S-00005e,A-1e6fc3,01-04-2024,Ongoing,Pro,5,245.0,2940.0,False,False,False,False,monthly,True
5144,S-000060,A-00cac8,05-09-2024,Ongoing,Pro,8,392.0,4704.0,False,False,False,False,monthly,True
5145,S-000061,A-6da850,17-01-2024,Unknown,Enterprise,5,995.0,11940.0,False,False,False,True,monthly,True
5147,S-000063,A-5b4ebb,15-10-2024,Ongoing,Pro,26,1274.0,15288.0,False,True,False,False,annual,True
5150,S-000065,A-cbbe12,21-07-2023,Ongoing,Pro,40,0.0,0.0,True,False,False,False,annual,True
5151,S-000066,A-87aa7b,05-06-2024,Ongoing,Pro,24,1176.0,14112.0,False,False,True,False,annual,False
5152,S-000067,A-81edc3,08-06-2024,Ongoing,Basic,24,456.0,5472.0,False,False,False,False,monthly,True
5156,S-000068,A-4437e4,12-02-2024,Ongoing,Pro,27,1323.0,15876.0,False,False,False,False,monthly,True
5157,S-000069,A-d792a6,04-07-2024,Unknown,Enterprise,4,796.0,9552.0,False,False,False,True,monthly,True
5158,S-00006a,A-08e34e,01-07-2024,Ongoing,Pro,14,686.0,8232.0,False,False,False,False,annual,True
5159,S-00006b,A-d82ef9,07-08-2024,Ongoing,Enterprise,26,0.0,0.0,True,False,False,False,annual,True
5160,S-00006c,A-aa9511,16-06-2024,Ongoing,Pro,23,1127.0,13524.0,False,False,False,False,monthly,True
5161,S-00006d,A-0dbdc6,25-10-2024,Ongoing,Enterprise,30,5970.0,71640.0,False,False,False,False,monthly,False
5162,S-00006e,A-50f3f7,23-10-2024,Ongoing,Enterprise,31,6169.0,74028.0,False,False,False,False,monthly,True
5163,S-00006f,A-4c6f11,01-08-2024,Ongoing,Basic,24,456.0,5472.0,False,False,False,False,monthly,True
5164,S-000070,A-0e966d,15-11-2024,Ongoing,Enterprise,11,2189.0,26268.0,False,False,False,False,annual,True
5165,S-000071,A-40a557,06-06-2024,Ongoing,Pro,16,784.0,9408.0,False,False,False,False,monthly,True
5166,S-000072,A-98a59a,10-05-2024,Ongoing,Basic,56,1064.0,12768.0,False,False,False,False,monthly,False
5167,S-000073,A-474ad4,02-07-2024,Ongoing,Pro,17,833.0,9996.0,False,False,False,False,monthly,True
5168,S-000074,A-dfbd31,17-09-2024,Ongoing,Pro,43,2107.0,25284.0,False,True,False,False,monthly,True
5169,S-000075,A-b7724f,26-12-2024,Ongoing,Basic,71,1349.0,16188.0,False,False,False,False,monthly,True
5170,S-000076,A-fa2041,15-07-2024,Unknown,Enterprise,16,3184.0,38208.0,False,False,False,True,annual,True
5171,S-000077,A-7d514c,05-12-2024,Ongoing,Enterprise,17,3383.0,40596.0,False,False,False,False,monthly,True
5174,S-000078,A-4d1e75,17-09-2024,Ongoing,Pro,20,980.0,11760.0,False,True,False,False,monthly,False
5177,S-00007a,A-30b4ca,25-08-2024,Ongoing,Basic,86,1634.0,19608.0,False,False,False,False,monthly,True
5178,S-00007b,A-425e76,16-04-2024,Ongoing,Basic,8,152.0,1824.0,False,False,False,False,monthly,True
5179,S-00007c,A-712426,16-12-2024,Unknown,Pro,9,441.0,5292.0,False,False,False,True,annual,True
5181,S-00007d,A-f92792,11-09-2024,Ongoing,Basic,6,0.0,0.0,True,False,False,False,monthly,True
5184,S-00007f,A-f19b24,17-03-2024,Ongoing,Pro,29,1421.0,17052.0,False,False,False,False,monthly,True
5186,S-000080,A-f44180,31-08-2023,Unknown,Enterprise,9,1791.0,21492.0,False,False,False,True,annual,True
5187,S-000081,A-883b7d,29-05-2024,Ongoing,Enterprise,25,4975.0,59700.0,False,False,False,False,monthly,True
5188,S-000082,A-4a4c2d,03-10-2024,Ongoing,Basic,54,1026.0,12312.0,False,False,False,False,monthly,True
5190,S-000084,A-4437e4,16-08-2024,Ongoing,Basic,11,209.0,2508.0,False,False,False,False,annual,True
5191,S-000085,A-eb2fdc,22-05-2024,Ongoing,Enterprise,47,9353.0,112236.0,False,False,False,False,annual,True
5195,S-000086,A-b9eed8,30-11-2024,Ongoing,Basic,18,342.0,4104.0,False,False,False,False,monthly,True
5196,S-000087,A-a33200,30-11-2024,Ongoing,Basic,29,551.0,6612.0,False,False,False,False,annual,True
5197,S-000088,A-bd4513,20-12-2024,Ongoing,Enterprise,50,9950.0,119400.0,False,False,False,False,monthly,False
5198,S-000089,A-241e75,11-07-2024,Ongoing,Pro,46,2254.0,27048.0,False,False,False,False,annual,True
5199,S-00008a,A-bc4d48,28-11-2024,Unknown,Enterprise,35,6965.0,83580.0,False,False,False,True,annual,False
5200,S-00008b,A-443b7c,13-11-2024,21-11-2024,Pro,39,0.0,0.0,True,False,False,True,monthly,False
5201,S-00008c,A-88c6ca,19-11-2024,Ongoing,Enterprise,5,995.0,11940.0,False,False,False,False,monthly,True
5202,S-00008d,A-45ce7a,13-04-2024,Ongoing,Pro,16,0.0,0.0,True,False,False,False,monthly,True
5206,S-00008f,A-ff3c73,17-09-2024,Ongoing,Basic,45,855.0,10260.0,False,False,False,False,annual,False
5207,S-000090,A-3b5cd1,24-12-2024,Unknown,Enterprise,32,6368.0,76416.0,False,False,False,True,annual,True
5208,S-17bbdd,A-bcbe98,18-11-2024,Unknown,Pro,46,2254.0,27048.0,False,False,False,True,annual,True
5210,S-000091,A-eafc6e,16-08-2024,Ongoing,Enterprise,27,5373.0,64476.0,False,False,False,False,monthly,True
5214,S-000094,A-2d1036,13-07-2024,Ongoing,Basic,69,1311.0,15732.0,False,False,False,False,annual,False
5215,S-000095,A-bad8c1,12-12-2023,Ongoing,Enterprise,10,0.0,0.0,True,True,False,False,annual,True
5216,S-000096,A-9123ac,21-10-2024,Ongoing,Enterprise,18,3582.0,42984.0,False,False,False,False,annual,True
5217,S-000097,A-0651a4,25-12-2024,Ongoing,Enterprise,65,12935.0,155220.0,False,False,False,False,annual,True
5218,S-000098,A-f17767,20-03-2024,Unknown,Pro,9,441.0,5292.0,False,False,False,True,monthly,True
5219,S-000099,A-4d1e75,14-11-2024,Ongoing,Pro,39,1911.0,22932.0,False,False,False,False,annual,True
5221,S-00009a,A-dfbd31,16-10-2024,Ongoing,Pro,60,2940.0,35280.0,False,False,False,False,annual,True
5223,S-00009b,A-462d45,25-03-2024,Ongoing,Pro,18,882.0,10584.0,False,False,False,False,monthly,True
5224,S-00009c,A-5a3eb9,21-09-2023,Unknown,Pro,18,882.0,10584.0,False,False,False,True,annual,True
5226,S-00009e,A-0aaf6e,07-12-2024,15-12-2024,Pro,12,588.0,7056.0,False,False,False,True,annual,False
5227,S-691d69,A-cea1f0,18-10-2024,Unknown,Enterprise,22,4378.0,52536.0,False,True,False,True,monthly,True
5232,S-0000a1,A-bc87bc,15-12-2024,Ongoing,Basic,8,152.0,1824.0,False,False,False,False,monthly,True
5234,S-0000a3,A-d5a319,24-07-2024,Ongoing,Enterprise,15,2985.0,35820.0,False,True,False,False,monthly,False
5236,S-0000a5,A-ac9111,21-12-2024,Ongoing,Basic,21,399.0,4788.0,False,False,False,False,annual,True
5238,S-6ee525,A-9badbd,05-09-2024,Unknown,Enterprise,23,4577.0,54924.0,False,False,False,True,annual,True
5239,S-0000a6,A-2ebb4b,25-05-2024,Ongoing,Pro,41,2009.0,24108.0,False,True,False,False,annual,True
5241,S-0000a8,A-ccc747,13-05-2024,Unknown,Enterprise,16,0.0,0.0,True,True,False,True,monthly,False
5242,S-0000a9,A-6f50ae,31-12-2024,Unknown,Enterprise,19,3781.0,45372.0,False,False,False,True,monthly,True
5243,S-0000aa,A-8bde0c,20-12-2024,22-12-2024,Pro,12,588.0,7056.0,False,False,False,True,monthly,True
5244,S-0000ab,A-503d5a,28-06-2024,Ongoing,Pro,6,294.0,3528.0,False,False,False,False,monthly,True
5245,S-0000ac,A-5a92e7,17-12-2024,Ongoing,Pro,9,0.0,0.0,True,False,False,False,monthly,True
5246,S-0000ad,A-544d0a,02-09-2024,Ongoing,Pro,29,1421.0,17052.0,False,False,False,False,annual,False
5248,S-0000ae,A-86fc1d,08-08-2024,Ongoing,Pro,56,2744.0,32928.0,False,False,False,False,annual,True
5251,S-0000b0,A-71615e,04-07-2024,Unknown,Enterprise,15,2985.0,35820.0,False,False,False,True,monthly,True
5252,S-0000b1,A-1d5444,16-09-2024,Ongoing,Pro,24,0.0,0.0,True,False,False,False,annual,True
5255,S-0000b3,A-2e4581,20-10-2024,Ongoing,Pro,9,441.0,5292.0,False,False,False,False,monthly,True
5256,S-0000b4,A-993085,05-08-2023,Ongoing,Basic,31,589.0,7068.0,False,False,False,False,monthly,True
5257,S-0000b5,A-8adedc,17-07-2024,Ongoing,Enterprise,16,3184.0,38208.0,False,False,False,False,monthly,True
5258,S-0000b6,A-0cc442,27-07-2024,Ongoing,Enterprise,45,0.0,0.0,True,False,False,False,monthly,True
5259,S-0000b7,A-1e1b80,05-07-2024,Ongoing,Enterprise,50,9950.0,119400.0,False,False,False,False,annual,False
5260,S-0000b8,A-cc98bc,09-07-2023,Ongoing,Enterprise,32,6368.0,76416.0,False,False,False,False,monthly,True
5263,S-0000b9,A-d27f50,29-11-2024,Ongoing,Enterprise,44,0.0,0.0,True,False,False,False,monthly,True
5264,S-0000ba,A-17939a,30-12-2024,Ongoing,Pro,31,1519.0,18228.0,False,False,False,False,annual,False
5267,S-0000bb,A-e7a1e2,29-12-2024,Unknown,Enterprise,44,8756.0,105072.0,False,False,False,True,annual,True
5269,S-0000bc,A-e40f45,15-05-2024,Unknown,Pro,44,2156.0,25872.0,False,True,False,True,monthly,True
5270,S-0000bd,A-e1462e,27-07-2023,Ongoing,Pro,15,735.0,8820.0,False,False,False,False,annual,False
5272,S-0000be,A-86fc1d,16-08-2024,Ongoing,Enterprise,28,5572.0,66864.0,False,True,False,False,monthly,True
5273,S-0000bf,A-f17767,17-09-2023,Ongoing,Pro,26,1274.0,15288.0,False,True,True,False,monthly,True
5274,S-0000c0,A-a45270,23-09-2024,Ongoing,Basic,29,551.0,6612.0,False,True,False,False,monthly,True
5275,S-0000c1,A-58b9ff,13-10-2024,Ongoing,Basic,22,418.0,5016.0,False,True,False,False,annual,True
5282,S-0000c4,A-e6afc1,12-07-2024,Ongoing,Enterprise,16,3184.0,38208.0,False,False,False,False,monthly,True
5283,S-0000c5,A-bece89,20-05-2024,Ongoing,Enterprise,26,5174.0,62088.0,False,True,False,False,annual,False
5285,S-0000c7,A-65aeb5,02-02-2024,Ongoing,Basic,9,171.0,2052.0,False,False,False,False,monthly,False
5286,S-0000c8,A-a6d261,25-02-2024,Ongoing,Pro,9,441.0,5292.0,False,False,False,False,monthly,False
5287,S-0000c9,A-94f8c9,11-04-2024,Ongoing,Enterprise,13,2587.0,31044.0,False,True,False,False,monthly,True
5288,S-0000ca,A-7988d1,18-05-2024,Ongoing,Basic,33,627.0,7524.0,False,False,False,False,annual,True
5291,S-0000cc,A-0a282f,10-11-2024,Ongoing,Pro,1,49.0,588.0,False,False,False,False,annual,True
5292,S-0000cd,A-e693b6,19-07-2024,Unknown,Enterprise,55,0.0,0.0,True,False,False,True,annual,True
5293,S-0000ce,A-1b707d,24-01-2024,Ongoing,Pro,13,637.0,7644.0,False,False,False,False,monthly,True
5294,S-0000cf,A-328bd0,28-02-2024,Ongoing,Basic,18,342.0,4104.0,False,False,False,False,monthly,False
5295,S-0000d0,A-eb7fac,21-01-2024,22-04-2024,Pro,7,343.0,4116.0,False,False,False,True,annual,True
5296,S-0000d1,A-9c18c4,30-11-2023,Ongoing,Enterprise,12,2388.0,28656.0,False,True,False,False,annual,True
5297,S-0000d2,A-2e3bad,06-01-2024,Ongoing,Pro,61,2989.0,35868.0,False,False,False,False,annual,False
5298,S-0000d3,A-427b69,24-10-2024,Ongoing,Pro,17,833.0,9996.0,False,False,False,False,annual,False
5299,S-0000d4,A-faa28c,25-12-2024,Ongoing,Pro,48,2352.0,28224.0,False,False,False,False,monthly,True
5300,S-0000d5,A-68f37c,13-08-2023,22-06-2024,Enterprise,4,796.0,9552.0,False,True,False,True,monthly,True
5302,S-0000d6,A-6c093d,08-03-2024,19-09-2024,Pro,7,343.0,4116.0,False,False,False,True,annual,True
5305,S-0000d8,A-c222ab,07-10-2024,Ongoing,Basic,32,608.0,7296.0,False,True,False,False,monthly,True
5307,S-0000da,A-4a4c2d,25-12-2023,Ongoing,Enterprise,54,10746.0,128952.0,False,False,False,False,annual,False
5308,S-0000db,A-94c3cd,07-08-2024,Ongoing,Enterprise,32,0.0,0.0,True,False,False,False,monthly,True
5309,S-0000dc,A-76fa4d,08-12-2024,28-12-2024,Pro,69,0.0,0.0,True,False,False,True,monthly,True
5310,S-0000dd,A-158f4e,11-10-2023,Unknown,Pro,61,2989.0,35868.0,False,False,False,True,annual,True
5311,S-0000de,A-9174e0,21-12-2024,Ongoing,Enterprise,68,0.0,0.0,True,False,False,False,monthly,False
5313,S-0000df,A-e89151,14-11-2024,Unknown,Pro,31,1519.0,18228.0,False,False,False,True,monthly,True
5314,S-0000e0,A-4ef964,11-11-2024,Unknown,Basic,17,323.0,3876.0,False,False,False,True,monthly,True
5315,S-0000e1,A-2ebb4b,06-05-2024,Ongoing,Basic,41,779.0,9348.0,False,False,False,False,monthly,True
5317,S-a384d2,A-d62e02,10-12-2024,Unknown,Enterprise,21,4179.0,50148.0,False,False,False,True,monthly,True
5318,S-0000e2,A-e1b9cd,24-11-2023,27-06-2024,Enterprise,40,7960.0,95520.0,False,False,False,True,monthly,True
5319,S-0000e3,A-1e1b80,28-03-2024,Ongoing,Enterprise,50,9950.0,119400.0,False,False,False,False,monthly,True
5327,S-0000e6,A-854864,31-12-2024,Ongoing,Pro,20,980.0,11760.0,False,False,False,False,annual,True
5330,S-0000e8,A-c7ffc2,01-11-2023,Ongoing,Enterprise,30,5970.0,71640.0,False,True,False,False,monthly,True
5331,S-9686c6,A-eb2fdc,31-05-2024,Ongoing,Pro,33,1617.0,19404.0,False,False,False,False,annual,False
5337,S-0000e9,A-337bc1,05-03-2024,Ongoing,Enterprise,31,6169.0,74028.0,False,False,False,False,annual,True
5339,S-0000eb,A-2e3bad,29-09-2024,Ongoing,Enterprise,61,12139.0,145668.0,False,False,False,False,annual,True
5340,S-0000ec,A-3c1a3f,30-09-2024,Ongoing,Enterprise,3,597.0,7164.0,False,False,False,False,annual,True
5342,S-0000ed,A-08e34e,02-07-2024,Unknown,Basic,29,0.0,0.0,True,False,False,True,annual,True
5344,S-0000ef,A-c16b88,08-03-2024,Ongoing,Pro,27,0.0,0.0,True,False,False,False,annual,True
5345,S-0000f0,A-fabe19,12-12-2024,27-12-2024,Enterprise,32,6368.0,76416.0,False,False,False,True,annual,True
5346,S-0000f1,A-7988d1,25-08-2024,Ongoing,Pro,33,1617.0,19404.0,False,False,False,False,monthly,False
5348,S-0000f2,A-6843f2,15-12-2024,Ongoing,Enterprise,21,4179.0,50148.0,False,False,False,False,monthly,True
5349,S-0000f3,A-902ef7,07-11-2024,Ongoing,Basic,83,1577.0,18924.0,False,False,False,False,annual,True
5350,S-0000f4,A-17939a,27-12-2024,Ongoing,Pro,1,49.0,588.0,False,False,False,False,annual,True
5351,S-0000f5,A-52dd88,15-12-2023,Ongoing,Basic,23,0.0,0.0,True,False,False,False,annual,True
5353,S-0000f6,A-fdfc91,14-09-2023,Ongoing,Basic,29,551.0,6612.0,False,False,False,False,annual,True
5354,S-0000f7,A-fa3095,04-06-2024,Ongoing,Basic,70,1330.0,15960.0,False,False,False,False,annual,True
5355,S-0000f8,A-18793f,24-12-2024,Ongoing,Basic,148,2812.0,33744.0,False,False,False,False,annual,True
5357,S-0000f9,A-98a59a,27-09-2023,Ongoing,Basic,56,1064.0,12768.0,False,False,False,False,annual,True
5358,S-0000fa,A-7988d1,28-09-2024,16-11-2024,Basic,33,627.0,7524.0,False,False,False,True,monthly,False
5360,S-0000fc,A-31ab9a,01-04-2024,Ongoing,Enterprise,3,597.0,7164.0,False,False,False,False,annual,True
5362,S-658bcb,A-0cc442,14-08-2024,Unknown,Enterprise,45,8955.0,107460.0,False,False,False,True,monthly,True
5364,S-0000fe,A-eb7c38,28-10-2024,Ongoing,Enterprise,35,6965.0,83580.0,False,False,False,False,monthly,True
5365,S-0000ff,A-e51ec7,19-12-2024,Ongoing,Enterprise,10,1990.0,23880.0,False,False,False,False,monthly,True
5366,S-000100,A-a1b80b,15-08-2024,Ongoing,Pro,16,784.0,9408.0,False,False,False,False,annual,True
5367,S-000101,A-59f724,29-01-2024,Ongoing,Enterprise,22,4378.0,52536.0,False,False,False,False,monthly,True
5368,S-000102,A-cab532,22-11-2024,Ongoing,Pro,21,1029.0,12348.0,False,False,False,False,annual,True
5369,S-000103,A-7f29a7,03-12-2024,Ongoing,Basic,41,779.0,9348.0,False,False,False,False,annual,True
5370,S-000104,A-6da850,10-11-2024,09-12-2024,Pro,8,392.0,4704.0,False,False,False,True,monthly,False
5372,S-000105,A-2d4502,19-07-2024,Unknown,Enterprise,41,8159.0,97908.0,False,True,False,True,annual,True
5373,S-000106,A-9badbd,28-08-2024,Ongoing,Basic,17,323.0,3876.0,False,False,False,False,annual,True
5375,S-000107,A-139c3b,28-11-2024,Unknown,Basic,29,551.0,6612.0,False,False,False,True,annual,True
5378,S-000109,A-55f257,06-03-2024,Ongoing,Pro,14,686.0,8232.0,False,False,False,False,monthly,True
5379,S-00010a,A-b07b56,29-11-2024,Ongoing,Basic,25,475.0,5700.0,False,False,False,False,annual,True
5382,S-00010c,A-05f0e5,23-11-2024,Ongoing,Pro,58,2842.0,34104.0,False,False,False,False,annual,True
5383,S-00010d,A-6843f2,19-12-2024,Ongoing,Basic,21,399.0,4788.0,False,False,False,False,annual,True
5385,S-00010e,A-9f9299,24-11-2023,20-07-2024,Enterprise,28,5572.0,66864.0,False,False,False,True,annual,True
5387,S-000110,A-bcf87c,14-08-2024,Ongoing,Pro,10,490.0,5880.0,False,False,False,False,annual,False
5390,S-000112,A-bcf87c,27-11-2024,Ongoing,Pro,21,1029.0,12348.0,False,False,False,False,monthly,True
5391,S-8789b0,A-eb7c38,23-04-2024,Ongoing,Basic,9,171.0,2052.0,False,True,False,False,monthly,False
5392,S-000113,A-bb3bd4,16-12-2024,Unknown,Enterprise,23,0.0,0.0,True,False,False,True,annual,True
5393,S-000114,A-fa3095,08-07-2024,Ongoing,Enterprise,70,13930.0,167160.0,False,False,False,False,annual,True
5395,S-000115,A-4814a3,19-10-2024,Ongoing,Enterprise,87,0.0,0.0,True,False,False,False,monthly,False
5396,S-000116,A-e888d1,04-09-2023,Unknown,Enterprise,16,3184.0,38208.0,False,True,False,True,monthly,True
5397,S-000117,A-cb6cc6,22-08-2023,Ongoing,Basic,13,247.0,2964.0,False,False,False,False,monthly,True
5398,S-000118,A-f9cc74,30-10-2024,Ongoing,Enterprise,30,5970.0,71640.0,False,False,False,False,monthly,True
5399,S-000119,A-2b9d3e,21-11-2023,Ongoing,Enterprise,5,995.0,11940.0,False,False,False,False,annual,True
5400,S-00011a,A-34d880,04-06-2024,Ongoing,Pro,9,0.0,0.0,True,False,False,False,monthly,True
5401,S-00011b,A-ad3abd,21-11-2023,04-02-2024,Basic,44,0.0,0.0,True,False,False,True,monthly,True
5402,S-00011c,A-149a69,14-12-2024,Ongoing,Enterprise,34,6766.0,81192.0,False,False,False,False,annual,False
5403,S-00011d,A-18793f,19-12-2024,Ongoing,Enterprise,148,29452.0,353424.0,False,False,False,False,annual,False
5404,S-00011e,A-e83938,26-06-2024,Ongoing,Pro,5,245.0,2940.0,False,False,False,False,annual,True
5405,S-00011f,A-684255,18-06-2024,09-08-2024,Enterprise,14,0.0,0.0,True,True,False,True,monthly,True
5407,S-000120,A-dbc825,27-04-2024,Ongoing,Pro,19,931.0,11172.0,False,False,False,False,annual,True
5411,S-000121,A-dbc825,25-11-2024,Ongoing,Basic,19,361.0,4332.0,False,False,False,False,annual,True
5412,S-000122,A-118d55,30-12-2024,31-12-2024,Enterprise,29,5771.0,69252.0,False,False,False,True,monthly,True
5413,S-000123,A-9f2731,10-11-2024,Ongoing,Pro,33,1617.0,19404.0,False,False,False,False,monthly,True
5416,S-000124,A-00bed1,16-07-2024,Ongoing,Enterprise,28,5572.0,66864.0,False,False,False,False,annual,True
5418,S-000125,A-40906c,06-11-2024,Ongoing,Pro,92,4508.0,54096.0,False,False,False,False,annual,True
5419,S-000126,A-d792a6,26-04-2024,Ongoing,Pro,4,196.0,2352.0,False,False,False,False,annual,True
5421,S-000128,A-0a62f5,21-12-2024,Ongoing,Basic,25,475.0,5700.0,False,False,False,False,monthly,True
5422,S-000129,A-a7bd4b,31-05-2024,Unknown,Pro,51,2499.0,29988.0,False,False,False,True,annual,True
5424,S-00012a,A-82d8a6,12-12-2024,Ongoing,Pro,37,1813.0,21756.0,False,True,False,False,monthly,True
5425,S-00012b,A-0be015,19-11-2024,Ongoing,Basic,24,456.0,5472.0,False,False,False,False,monthly,False
5427,S-00012c,A-1ac5e0,19-11-2024,Ongoing,Enterprise,33,6567.0,78804.0,False,False,False,False,annual,True
5429,S-00012e,A-d4ac0e,09-08-2024,Ongoing,Basic,27,513.0,6156.0,False,True,False,False,monthly,False
5430,S-00012f,A-4e0e85,16-02-2024,Ongoing,Pro,20,0.0,0.0,True,False,False,False,annual,True
5431,S-495e57,A-bbc346,31-08-2024,Ongoing,Pro,20,980.0,11760.0,False,True,False,False,annual,True
5432,S-000130,A-378b99,10-09-2024,Ongoing,Pro,19,931.0,11172.0,False,False,False,False,monthly,True
5434,S-000131,A-d4ac0e,02-07-2024,Ongoing,Enterprise,21,0.0,0.0,True,False,False,False,monthly,True
5435,S-000132,A-410e86,29-11-2024,Ongoing,Enterprise,24,4776.0,57312.0,False,False,False,False,annual,True
5436,S-000133,A-30b4ca,03-10-2024,Unknown,Basic,86,1634.0,19608.0,False,False,False,True,annual,True
5437,S-000134,A-0651a4,19-12-2024,Ongoing,Enterprise,36,0.0,0.0,True,False,False,False,annual,True
5439,S-000135,A-503d5a,19-12-2024,Ongoing,Enterprise,56,11144.0,133728.0,False,False,False,False,annual,False
5441,S-000136,A-f3ff05,22-08-2024,Ongoing,Pro,4,196.0,2352.0,False,False,False,False,annual,True
5442,S-000137,A-ed510f,18-09-2024,Ongoing,Pro,42,2058.0,24696.0,False,False,False,False,monthly,False
5443,S-000138,A-7f4db3,28-03-2023,17-06-2024,Pro,4,196.0,2352.0,False,False,False,True,monthly,True
5444,S-000139,A-c4ea60,20-07-2024,Ongoing,Pro,18,882.0,10584.0,False,False,False,False,annual,True
5445,S-00013a,A-dfbd31,04-12-2024,Ongoing,Pro,35,1715.0,20580.0,False,False,True,False,annual,True
5446,S-00013b,A-02cd81,29-06-2024,Unknown,Pro,44,2156.0,25872.0,False,False,False,True,annual,True
5447,S-00013c,A-4a4c2d,03-07-2023,25-01-2024,Basic,54,1026.0,12312.0,False,False,False,True,monthly,True
5448,S-00013d,A-18793f,30-12-2024,Ongoing,Basic,148,0.0,0.0,True,True,False,False,monthly,True
5449,S-00013e,A-ac85cd,09-11-2024,18-12-2024,Pro,53,2597.0,31164.0,False,False,False,True,annual,True
5452,S-00013f,A-5f2961,27-11-2024,Ongoing,Enterprise,7,1393.0,16716.0,False,False,False,False,annual,True
5453,S-000140,A-faa28c,05-02-2024,13-10-2024,Enterprise,48,9552.0,114624.0,False,False,False,True,monthly,False
5454,S-000141,A-0532a9,05-10-2024,Unknown,Basic,19,361.0,4332.0,False,False,False,True,annual,False
5456,S-000142,A-1b7577,26-11-2024,06-12-2024,Basic,4,76.0,912.0,False,False,False,True,monthly,True
5457,S-000143,A-df10db,05-12-2023,Ongoing,Pro,7,343.0,4116.0,False,True,False,False,monthly,False
5459,S-000145,A-f97b9a,30-11-2024,Ongoing,Pro,54,2646.0,31752.0,False,True,False,False,annual,False
5460,S-000146,A-20736a,03-10-2024,Ongoing,Pro,61,2989.0,35868.0,False,False,True,False,monthly,True
5462,S-000147,A-cab532,03-11-2023,14-12-2024,Pro,31,1519.0,18228.0,False,False,False,True,monthly,True
5463,S-000148,A-3932db,31-12-2024,Ongoing,Enterprise,19,0.0,0.0,True,False,False,False,monthly,True
5464,S-f973d4,A-5247b3,27-07-2024,Unknown,Pro,24,1176.0,14112.0,False,True,False,True,monthly,True
5466,S-000149,A-69b156,16-06-2024,Ongoing,Enterprise,13,2587.0,31044.0,False,False,False,False,monthly,True
5468,S-00014b,A-f446b6,08-09-2024,Ongoing,Basic,5,95.0,1140.0,False,False,False,False,annual,True
5469,S-00014c,A-c37cab,01-08-2024,Ongoing,Enterprise,13,2587.0,31044.0,False,False,False,False,monthly,True
5471,S-00014d,A-700ade,11-11-2024,Ongoing,Pro,12,588.0,7056.0,False,False,False,False,monthly,False
5473,S-00014e,A-19b2c8,06-11-2023,Ongoing,Enterprise,20,3980.0,47760.0,False,False,False,False,monthly,True
5474,S-00014f,A-3ce5b8,30-09-2024,Ongoing,Basic,8,152.0,1824.0,False,False,False,False,monthly,True
5476,S-000150,A-a8d89d,17-09-2024,Unknown,Basic,13,247.0,2964.0,False,False,False,True,annual,True
5478,S-000151,A-b30291,27-09-2024,Ongoing,Basic,41,779.0,9348.0,False,False,False,False,monthly,True
5481,S-000153,A-dcc2f0,16-09-2024,03-11-2024,Pro,15,735.0,8820.0,False,False,False,True,annual,True
5482,S-000154,A-10b8f2,15-08-2024,Unknown,Basic,47,0.0,0.0,True,True,False,True,monthly,True
5484,S-000155,A-1b7577,03-12-2024,Ongoing,Pro,4,196.0,2352.0,False,False,False,False,annual,True
5485,S-cb853a,A-c37cab,17-12-2024,Unknown,Basic,23,437.0,5244.0,False,False,False,True,annual,True
5486,S-000156,A-e4144b,22-12-2024,Ongoing,Enterprise,41,8159.0,97908.0,False,False,False,False,annual,True
5487,S-000157,A-d49cc5,06-07-2024,Unknown,Basic,50,950.0,11400.0,False,False,False,True,annual,True
5488,S-000158,A-1ac5e0,24-11-2024,Ongoing,Enterprise,33,0.0,0.0,True,False,False,False,monthly,False
5489,S-000159,A-c7ffc2,22-09-2023,Ongoing,Basic,30,570.0,6840.0,False,True,False,False,annual,True
5492,S-00015a,A-ee42db,03-11-2023,Ongoing,Basic,33,627.0,7524.0,False,False,False,False,monthly,False
5493,S-00015b,A-8adedc,21-08-2024,Ongoing,Basic,22,418.0,5016.0,False,False,False,False,monthly,True
5496,S-00015c,A-6c093d,08-05-2024,Ongoing,Basic,15,285.0,3420.0,False,True,False,False,monthly,True
5498,S-00015d,A-0e966d,27-10-2024,Ongoing,Pro,57,2793.0,33516.0,False,False,False,False,monthly,False
