,ticket_id,account_id,submitted_at,closed_at,resolution_time_hours,priority,first_response_time_minutes,satisfaction_score,escalation_flag
0,T-0024de,A-712f1c,27-07-2023,28-07-2023 03:00,27,high,74,-1.0,False
1,T-4d04b9,A-e43bf7,08-07-2024,09-07-2024 03:00,27,urgent,144,-1.0,False
2,T-d5e12f,A-0f3e88,17-10-2024,17-10-2024 19:00,19,urgent,93,4.0,False
3,T-dfce9a,A-4c56c9,08-09-2024,09-09-2024 23:00,47,medium,126,5.0,False
4,T-c59f77,A-6f8ad2,30-11-2024,01-12-2024 02:00,26,medium,8,-1.0,False
5,T-90f06d,A-94c3cd,27-07-2023,27-07-2023 09:00,9,medium,60,-1.0,False
6,T-30b537,A-2e4581,09-09-2023,10-09-2023 03:00,27,urgent,64,3.0,False
7,T-60242d,A-72799b,29-01-2024,29-01-2024 12:00,12,low,56,4.0,True
8,T-7119c9,A-b179bf,27-08-2023,27-08-2023 16:00,16,urgent,154,-1.0,False
9,T-b0edf2,A-7cfe77,06-05-2024,07-05-2024 04:00,28,medium,150,3.0,False
10,T-98a84a,A-157070,20-12-2023,21-12-2023 18:00,42,low,26,-1.0,False
11,T-04457d,A-854864,18-07-2024,20-07-2024 00:00,48,medium,140,5.0,False
12,T-6bd715,A-4e0e85,14-05-2024,16-05-2024 02:00,50,medium,129,-1.0,False
13,T-13f1b8,A-5b4ebb,05-12-2023,06-12-2023 02:00,26,low,121,5.0,False
14,T-a3288b,A-098560,28-12-2024,30-12-2024 07:00,55,low,26,3.0,False
15,T-f8e2c3,A-40a557,01-03-2024,03-03-2024 21:00,69,high,60,-1.0,False
16,T-4e7816,A-05f0e5,03-10-2024,04-10-2024 12:00,36,low,108,-1.0,False
17,T-0dea8b,A-671f31,24-01-2024,26-01-2024 12:00,60,medium,45,3.0,False
18,T-ca96ba,A-410e86,28-04-2024,28-04-2024 03:00,3,high,64,-1.0,False
19,T-ac0b69,A-ac9111,02-03-2024,02-03-2024 14:00,14,low,86,-1.0,False
20,T-0f1c67,A-78f02b,09-10-2024,11-10-2024 00:00,48,low,51,4.0,False
21,T-4fb3f2,A-c62e55,05-03-2023,07-03-2023 11:00,59,medium,136,3.0,False
22,T-2b4423,A-158f4e,07-12-2023,07-12-2023 11:00,11,high,99,-1.0,False
23,T-b17401,A-50bb9f,21-02-2024,21-02-2024 12:00,12,high,171,3.0,False
24,T-462ece,A-b9f5b1,17-07-2023,19-07-2023 03:00,51,low,50,3.0,True
25,T-066714,A-b2225d,11-04-2024,12-04-2024 00:00,24,high,52,3.0,False
26,T-8c694d,A-883b7d,24-05-2024,24-05-2024 15:00,15,low,39,3.0,True
27,T-804c6c,A-751bd4,29-10-2024,30-10-2024 04:00,28,medium,49,4.0,False
28,T-64b0b8,A-533452,27-09-2023,29-09-2023 08:00,56,low,16,5.0,False
29,T-bfa749,A-684255,04-08-2023,04-08-2023 01:00,1,low,137,5.0,False
30,T-3b24c1,A-0aaf6e,09-06-2024,11-06-2024 06:00,54,high,151,3.0,False
31,T-68c8a6,A-7c4956,23-09-2024,23-09-2024 19:00,19,high,34,-1.0,False
32,T-bbe374,A-3ce5b8,15-01-2024,17-01-2024 02:00,50,low,155,-1.0,False
33,T-bccf63,A-82d8a6,29-11-2024,01-12-2024 22:00,70,high,67,3.0,False
34,T-98448a,A-462d45,10-02-2024,10-02-2024 18:00,18,high,99,4.0,False
35,T-f68dde,A-118d55,08-09-2024,08-09-2024 14:00,14,medium,1,4.0,False
36,T-5f84c5,A-1f559b,22-01-2024,24-01-2024 14:00,62,high,28,4.0,False
37,T-9bae5a,A-7cfe77,14-04-2024,14-04-2024 23:00,23,urgent,176,5.0,False
38,T-22842d,A-533452,05-08-2024,05-08-2024 08:00,8,high,66,3.0,False
39,T-f8b58d,A-ee42db,16-01-2023,18-01-2023 09:00,57,urgent,144,-1.0,False
40,T-3a2a66,A-e98302,15-09-2023,17-09-2023 18:00,66,low,150,-1.0,False
41,T-490c4a,A-503d5a,08-08-2023,08-08-2023 09:00,9,urgent,179,-1.0,False
42,T-6cce32,A-659280,12-06-2024,12-06-2024 06:00,6,medium,176,4.0,False
43,T-ec46f5,A-f5641b,19-04-2023,21-04-2023 07:00,55,high,93,-1.0,False
44,T-219077,A-fb186e,09-02-2024,10-02-2024 18:00,42,medium,58,-1.0,False
45,T-6b6fb7,A-716841,11-02-2024,11-02-2024 04:00,4,medium,119,3.0,False
46,T-2e5ba4,A-0be015,05-12-2024,05-12-2024 14:00,14,low,46,4.0,True
47,T-8001a4,A-c9bb3e,08-05-2023,08-05-2023 11:00,11,urgent,53,4.0,True
48,T-a1d9dd,A-fd7ad3,27-04-2024,29-04-2024 16:00,64,urgent,21,3.0,False
49,T-121d6f,A-d5a319,17-09-2024,17-09-2024 17:00,17,low,132,4.0,True
50,T-fd1ba2,A-d27f50,15-12-2023,16-12-2023 16:00,40,high,158,4.0,False
51,T-b6d7ac,A-a0ca4e,29-10-2023,29-10-2023 11:00,11,low,12,5.0,True
52,T-f2b9a5,A-f6b2fb,19-01-2024,20-01-2024 12:00,36,medium,138,5.0,True
53,T-61fc87,A-034368,13-01-2023,15-01-2023 17:00,65,medium,127,3.0,False
54,T-00fa83,A-9208f0,01-04-2023,03-04-2023 22:00,70,low,6,-1.0,False
55,T-358dd5,A-ced9aa,20-08-2023,22-08-2023 09:00,57,medium,131,-1.0,False
56,T-54e843,A-bb3bd4,06-10-2024,06-10-2024 08:00,8,medium,63,3.0,False
57,T-50ad36,A-922109,07-05-2023,08-05-2023 02:00,26,medium,126,-1.0,False
58,T-06bf16,A-4a4c2d,02-08-2023,03-08-2023 06:00,30,medium,44,4.0,False
59,T-f155f0,A-b179bf,06-08-2023,06-08-2023 06:00,6,high,156,-1.0,False
60,T-777753,A-ce66f8,23-01-2023,25-01-2023 21:00,69,low,74,-1.0,False
61,T-857a8d,A-bb3bd4,08-01-2024,10-01-2024 18:00,66,medium,52,-1.0,False
62,T-384dcb,A-bc4d48,18-11-2024,20-11-2024 23:00,71,urgent,6,5.0,True
63,T-970c6c,A-439b2f,12-12-2024,12-12-2024 20:00,20,urgent,123,-1.0,False
64,T-50c7f8,A-a1bbb6,18-01-2024,19-01-2024 12:00,36,urgent,47,-1.0,False
65,T-a528f4,A-b78bf8,15-04-2023,16-04-2023 00:00,24,urgent,7,3.0,False
66,T-7b7a5a,A-1e50e0,02-10-2024,02-10-2024 19:00,19,high,170,5.0,True
67,T-c9a73c,A-b9f5b1,24-10-2024,24-10-2024 18:00,18,urgent,86,4.0,False
68,T-486b6b,A-883b7d,28-01-2023,28-01-2023 22:00,22,urgent,102,5.0,False
71,T-d4142b,A-700ade,25-05-2023,27-05-2023 18:00,66,urgent,69,4.0,False
72,T-6ba215,A-56962b,24-03-2023,26-03-2023 18:00,66,low,73,3.0,False
73,T-e5c785,A-b54c01,07-03-2023,08-03-2023 02:00,26,medium,41,3.0,False
74,T-4f0d98,A-e40f45,31-03-2023,31-03-2023 10:00,10,urgent,19,-1.0,False
75,T-e97da3,A-45ce7a,04-04-2024,05-04-2024 01:00,25,low,81,-1.0,False
76,T-990a0e,A-fa3095,06-11-2024,08-11-2024 00:00,48,high,28,-1.0,False
77,T-ce1dee,A-d792a6,10-10-2024,11-10-2024 08:00,32,low,126,-1.0,False
78,T-b7b797,A-bbc346,11-03-2024,12-03-2024 11:00,35,medium,24,-1.0,False
79,T-847498,A-7cfe77,17-07-2023,19-07-2023 11:00,59,high,36,-1.0,False
80,T-2ef49b,A-cc1d8d,15-09-2023,16-09-2023 21:00,45,medium,33,5.0,False
81,T-fb6fa3,A-0a62f5,26-11-2024,26-11-2024 08:00,8,urgent,57,-1.0,False
82,T-a3f900,A-ae052e,22-07-2023,23-07-2023 05:00,29,medium,126,3.0,False
83,T-b9e7df,A-526d93,10-05-2023,10-05-2023 05:00,5,medium,158,-1.0,False
84,T-0e6db2,A-ccc747,27-06-2024,29-06-2024 12:00,60,urgent,169,5.0,False
85,T-4c2f4b,A-726cfa,02-12-2023,03-12-2023 13:00,37,high,150,-1.0,False
86,T-e7dc15,A-39868b,26-03-2024,26-03-2024 22:00,22,medium,137,-1.0,False
87,T-9876fb,A-2e3bad,18-01-2024,18-01-2024 14:00,14,high,92,-1.0,False
88,T-2c6679,A-0be015,16-07-2024,18-07-2024 03:00,51,medium,73,5.0,False
89,T-03303d,A-87aa7b,29-11-2023,01-12-2023 11:00,59,high,7,-1.0,True
90,T-1ed4c4,A-c62e55,21-03-2024,21-03-2024 15:00,15,urgent,129,5.0,False
91,T-7c6ab3,A-65a46c,23-12-2024,25-12-2024 09:00,57,urgent,96,5.0,False
92,T-67bfcf,A-3932db,01-09-2023,02-09-2023 12:00,36,urgent,144,3.0,False
93,T-088eb6,A-ac14bb,28-03-2024,28-03-2024 21:00,21,high,23,-1.0,False
94,T-b4bec0,A-117171,05-08-2023,06-08-2023 09:00,33,urgent,137,-1.0,False
95,T-03d219,A-ae052e,02-01-2024,04-01-2024 05:00,53,urgent,6,-1.0,False
96,T-7c2d38,A-ad3abd,03-11-2024,03-11-2024 01:00,1,high,35,-1.0,False
97,T-1112c6,A-de24d5,22-09-2023,25-09-2023 00:00,72,urgent,24,3.0,False
98,T-938c6d,A-a8d89d,19-08-2023,21-08-2023 12:00,60,low,132,-1.0,False
100,T-bdc72c,A-34d880,19-11-2024,21-11-2024 14:00,62,medium,106,3.0,False
101,T-7d4777,A-66224b,20-11-2024,21-11-2024 16:00,40,medium,4,3.0,False
102,T-03624c,A-7c6b6b,29-01-2024,31-01-2024 10:00,58,low,68,3.0,False
103,T-3fab11,A-463db0,12-03-2023,14-03-2023 07:00,55,high,123,5.0,False
104,T-37f2cf,A-faa28c,29-05-2024,30-05-2024 17:00,41,urgent,127,5.0,True
105,T-826f63,A-f9cc74,23-07-2023,26-07-2023 00:00,72,low,169,-1.0,False
106,T-f7ec04,A-ad296b,18-10-2023,18-10-2023 16:00,16,urgent,74,3.0,True
107,T-856d24,A-dbc825,05-05-2023,07-05-2023 05:00,53,high,166,-1.0,False
108,T-cbfd6b,A-8b0451,15-03-2023,16-03-2023 01:00,25,medium,137,4.0,False
109,T-66636b,A-37f969,25-07-2023,27-07-2023 22:00,70,medium,116,4.0,False
110,T-be44ea,A-bc4d48,17-09-2024,19-09-2024 01:00,49,medium,19,5.0,False
111,T-fcd539,A-7da956,12-07-2024,12-07-2024 21:00,21,urgent,97,-1.0,False
112,T-433a53,A-297a2d,28-02-2023,28-02-2023 10:00,10,high,160,3.0,False
113,T-5fb9f7,A-0f7d77,06-01-2023,06-01-2023 19:00,19,medium,88,-1.0,False
114,T-ced995,A-76fa4d,24-06-2024,25-06-2024 19:00,43,urgent,92,-1.0,False
115,T-9398db,A-bbe56f,28-06-2024,30-06-2024 00:00,48,low,107,5.0,False
116,T-58a90d,A-cb6cc6,25-11-2024,26-11-2024 02:00,26,high,170,3.0,False
117,T-8833a5,A-a1b80b,02-12-2023,03-12-2023 10:00,34,medium,150,4.0,False
118,T-ef7c6e,A-f446b6,14-05-2024,14-05-2024 01:00,1,high,47,5.0,False
119,T-b8ed8f,A-22f2df,18-01-2023,18-01-2023 11:00,11,high,99,-1.0,False
120,T-97fa24,A-f51f16,16-06-2023,16-06-2023 09:00,9,medium,73,3.0,False
121,T-290bd4,A-ccc747,02-06-2023,02-06-2023 03:00,3,medium,18,-1.0,False
122,T-c45238,A-3f9cc0,03-11-2024,05-11-2024 12:00,60,medium,139,-1.0,False
123,T-a8de52,A-5b4ebb,07-11-2024,07-11-2024 17:00,17,medium,128,5.0,False
125,T-eace7b,A-9c18c4,12-02-2023,13-02-2023 08:00,32,low,156,-1.0,False
126,T-9cb671,A-ce550d,11-06-2023,13-06-2023 07:00,55,high,73,-1.0,False
127,T-ae23c2,A-7e0a10,09-03-2023,10-03-2023 15:00,39,urgent,127,5.0,False
128,T-1cbbd0,A-c1dfe1,28-01-2024,29-01-2024 09:00,33,urgent,38,4.0,False
129,T-78b6e2,A-55f257,11-09-2023,12-09-2023 07:00,31,high,45,5.0,False
130,T-a941f1,A-a09355,20-10-2023,20-10-2023 08:00,8,low,129,5.0,False
131,T-667845,A-82861f,17-09-2024,17-09-2024 11:00,11,urgent,77,3.0,False
132,T-546223,A-ccabf0,04-01-2023,06-01-2023 13:00,61,high,46,4.0,False
133,T-6a2899,A-4437e4,12-09-2023,14-09-2023 03:00,51,medium,136,-1.0,True
134,T-ceb781,A-712533,17-07-2023,17-07-2023 09:00,9,low,108,3.0,False
135,T-365342,A-39868b,04-04-2023,05-04-2023 05:00,29,low,146,5.0,False
136,T-e9e7a7,A-3be56b,17-06-2023,17-06-2023 22:00,22,low,107,3.0,False
137,T-4be927,A-96bbc6,04-11-2023,06-11-2023 14:00,62,low,31,3.0,False
138,T-5b7600,A-bd4513,28-08-2023,29-08-2023 21:00,45,medium,127,5.0,False
139,T-d0e9c2,A-0f6450,27-02-2024,28-02-2024 12:00,36,medium,112,-1.0,False
140,T-62d8ce,A-50f3f7,01-09-2024,02-09-2024 02:00,26,low,165,5.0,False
141,T-2a24d4,A-8145a0,19-08-2023,19-08-2023 17:00,17,urgent,87,3.0,False
142,T-a3d1d0,A-c58f49,24-08-2023,25-08-2023 20:00,44,urgent,54,-1.0,False
143,T-ade86f,A-e3bd71,25-01-2024,25-01-2024 16:00,16,low,96,-1.0,False
144,T-b8e4c5,A-ef84cf,03-11-2023,04-11-2023 10:00,34,low,98,-1.0,False
145,T-ffeda5,A-560d27,12-11-2023,13-11-2023 16:00,40,medium,90,-1.0,False
146,T-e938bb,A-832ec2,24-07-2024,26-07-2024 06:00,54,medium,171,4.0,False
147,T-85af66,A-1f7acb,12-01-2024,12-01-2024 13:00,13,medium,165,-1.0,False
148,T-e13c08,A-de58ca,28-12-2023,28-12-2023 06:00,6,low,23,-1.0,False
149,T-f365f1,A-9779ad,14-10-2024,15-10-2024 19:00,43,medium,161,5.0,False
150,T-dd45ee,A-8ed5dd,09-12-2024,09-12-2024 08:00,8,high,97,3.0,False
151,T-59d842,A-158f4e,05-08-2024,07-08-2024 19:00,67,medium,168,4.0,False
152,T-4a12e6,A-d42431,07-08-2024,08-08-2024 23:00,47,urgent,108,5.0,False
153,T-3bfb51,A-425e76,07-05-2024,07-05-2024 23:00,23,high,60,-1.0,False
154,T-d3391b,A-cb5333,25-11-2023,27-11-2023 17:00,65,low,165,-1.0,False
155,T-ae6671,A-798a3f,16-07-2023,18-07-2023 10:00,58,urgent,112,-1.0,False
156,T-300e16,A-22d9d2,15-10-2024,15-10-2024 04:00,4,urgent,131,3.0,True
157,T-167962,A-e3bd71,09-11-2023,10-11-2023 08:00,32,high,143,3.0,False
158,T-1760ba,A-0b0d6d,03-08-2023,04-08-2023 12:00,36,medium,1,3.0,False
159,T-a231f8,A-76fa4d,19-04-2023,19-04-2023 22:00,22,high,177,4.0,False
160,T-706693,A-b54c01,31-12-2023,01-01-2024 14:00,38,medium,19,3.0,False
161,T-fe8af7,A-90a8c8,13-10-2023,14-10-2023 00:00,24,low,33,3.0,False
162,T-a427d8,A-4ef964,24-03-2023,24-03-2023 05:00,5,high,61,3.0,False
163,T-30b4eb,A-104f1a,30-12-2024,30-12-2024 12:00,12,medium,37,-1.0,False
164,T-abb562,A-700ade,08-09-2023,08-09-2023 12:00,12,low,6,5.0,False
165,T-a819c9,A-139c3b,11-07-2023,13-07-2023 14:00,62,urgent,38,-1.0,False
166,T-36d4a7,A-902ef7,07-07-2024,08-07-2024 13:00,37,urgent,130,-1.0,False
167,T-5c2f82,A-1f559b,13-12-2023,15-12-2023 20:00,68,urgent,143,4.0,False
168,T-701980,A-ced9aa,15-09-2023,15-09-2023 20:00,20,low,125,3.0,False
169,T-5f6c15,A-e43bf7,25-12-2024,25-12-2024 05:00,5,medium,26,3.0,False
170,T-07593c,A-310452,24-11-2023,24-11-2023 11:00,11,medium,145,3.0,False
171,T-6807e7,A-a33200,23-08-2023,23-08-2023 16:00,16,low,118,4.0,False
172,T-027d8f,A-508199,23-03-2024,24-03-2024 20:00,44,urgent,27,-1.0,False
173,T-3798d5,A-5ed98d,28-03-2024,28-03-2024 12:00,12,medium,56,-1.0,False
174,T-763f2d,A-118f1c,22-06-2023,24-06-2023 16:00,64,medium,141,3.0,False
175,T-196fca,A-6843f2,27-04-2024,29-04-2024 13:00,61,high,22,3.0,False
176,T-b2adad,A-54ecc2,29-10-2024,31-10-2024 09:00,57,medium,20,5.0,False
177,T-37b69f,A-bb1eaa,21-05-2024,21-05-2024 01:00,1,urgent,114,4.0,False
178,T-f873ff,A-9123ac,21-04-2023,22-04-2023 16:00,40,low,73,4.0,False
179,T-2a2ecd,A-533452,26-10-2023,27-10-2023 23:00,47,medium,30,-1.0,False
180,T-b29471,A-44dc83,11-06-2023,12-06-2023 16:00,40,high,53,4.0,False
181,T-c32093,A-313be3,27-01-2023,27-01-2023 08:00,8,urgent,41,-1.0,False
182,T-f0f18c,A-ed510f,31-03-2023,02-04-2023 16:00,64,high,137,-1.0,False
183,T-4c7b15,A-443f6f,22-01-2023,24-01-2023 02:00,50,low,126,5.0,False
184,T-ca36f7,A-812c5b,28-02-2023,01-03-2023 14:00,38,high,108,4.0,False
185,T-a1bab0,A-45ce7a,25-04-2023,27-04-2023 02:00,50,medium,141,4.0,False
186,T-5daa6c,A-f44180,28-04-2024,29-04-2024 08:00,32,low,157,5.0,False
187,T-ea0979,A-855a48,30-06-2024,01-07-2024 14:00,38,urgent,177,-1.0,False
188,T-308071,A-f51f16,16-04-2023,17-04-2023 11:00,35,high,10,3.0,False
189,T-ed091b,A-09316c,12-08-2023,14-08-2023 10:00,58,medium,129,4.0,False
190,T-fd14d8,A-751c58,21-06-2023,23-06-2023 01:00,49,medium,178,-1.0,False
191,T-3a3a53,A-139c3b,18-12-2024,19-12-2024 02:00,26,medium,89,5.0,False
192,T-35ae60,A-7641d3,17-12-2023,19-12-2023 22:00,70,medium,174,-1.0,False
193,T-93f5f0,A-3c1a3f,04-08-2023,04-08-2023 05:00,5,low,20,-1.0,False
194,T-0a835d,A-0aaf6e,06-11-2023,08-11-2023 08:00,56,low,14,-1.0,False
195,T-a79931,A-b179bf,23-08-2023,25-08-2023 05:00,53,low,94,4.0,False
196,T-54b348,A-50f3f7,31-05-2023,02-06-2023 07:00,55,low,41,-1.0,False
197,T-ee77ae,A-8ed5dd,17-05-2024,19-05-2024 03:00,51,low,87,-1.0,False
198,T-fb798a,A-8bde0c,07-11-2024,07-11-2024 09:00,9,medium,64,-1.0,False
199,T-b0b086,A-bb3bd4,18-02-2023,19-02-2023 11:00,35,medium,65,5.0,False
200,T-6de710,A-7da956,04-02-2024,05-02-2024 18:00,42,low,55,-1.0,False
201,T-d319e4,A-eb7c38,04-03-2024,05-03-2024 01:00,25,low,46,-1.0,False
202,T-041287,A-34ea2f,15-07-2024,17-07-2024 22:00,70,urgent,19,4.0,False
203,T-496c6b,A-1e1b80,23-08-2024,25-08-2024 21:00,69,low,150,3.0,False
204,T-d92e2e,A-712426,18-07-2024,20-07-2024 19:00,67,high,67,4.0,False
205,T-6f8270,A-dbc825,11-11-2023,14-11-2023 00:00,72,high,118,3.0,False
206,T-2a21f8,A-1f7acb,30-05-2024,30-05-2024 08:00,8,medium,92,4.0,False
207,T-08e86b,A-9f9299,05-10-2023,05-10-2023 03:00,3,urgent,160,-1.0,False
208,T-bdbc42,A-31ab9a,09-09-2024,11-09-2024 14:00,62,urgent,90,4.0,False
209,T-996921,A-751bd4,13-11-2024,14-11-2024 17:00,41,urgent,124,5.0,False
212,T-51307e,A-b78bf8,15-09-2023,16-09-2023 16:00,40,low,93,5.0,False
213,T-e545b2,A-dfbd31,09-01-2024,10-01-2024 21:00,45,low,158,5.0,False
214,T-5a402d,A-e7beab,25-04-2023,27-04-2023 15:00,63,low,138,3.0,False
215,T-287b04,A-92a333,07-05-2023,08-05-2023 01:00,25,low,11,-1.0,False
216,T-2c61f3,A-4bfa33,29-06-2024,29-06-2024 16:00,16,high,180,3.0,False
217,T-c2b413,A-90a8c8,31-03-2024,02-04-2024 22:00,70,urgent,13,3.0,False
218,T-a7489c,A-7e0a10,24-01-2024,26-01-2024 20:00,68,high,72,-1.0,False
219,T-011d5c,A-a09355,13-05-2023,15-05-2023 15:00,63,urgent,34,3.0,False
220,T-af4249,A-dec005,02-10-2023,04-10-2023 18:00,66,low,180,3.0,False
221,T-2904e8,A-692f18,11-11-2024,11-11-2024 20:00,20,low,144,-1.0,False
222,T-a9333e,A-5ed98d,06-09-2024,09-09-2024 00:00,72,medium,77,-1.0,False
223,T-4d5bca,A-970c97,29-01-2023,31-01-2023 13:00,61,urgent,139,5.0,False
224,T-f0d824,A-b9f5b1,01-12-2023,02-12-2023 04:00,28,urgent,165,3.0,False
225,T-05b5f6,A-cc1d8d,05-03-2024,06-03-2024 16:00,40,high,137,-1.0,False
226,T-246510,A-bb3bd4,29-09-2024,30-09-2024 17:00,41,high,160,5.0,False
227,T-e7f66c,A-241e75,25-04-2023,27-04-2023 04:00,52,low,136,-1.0,False
228,T-dcb2e1,A-34d880,10-10-2023,12-10-2023 13:00,61,medium,78,3.0,False
229,T-0e3932,A-118d55,09-12-2024,09-12-2024 11:00,11,medium,32,4.0,False
230,T-52fd00,A-0532a9,29-01-2023,29-01-2023 07:00,7,medium,49,-1.0,False
232,T-5a765e,A-3cc791,27-02-2024,29-02-2024 23:00,71,high,38,5.0,False
234,T-30ab22,A-65aeb5,01-09-2023,03-09-2023 05:00,53,high,146,5.0,False
235,T-a1ebca,A-712426,10-12-2024,11-12-2024 08:00,32,medium,43,4.0,False
236,T-d9e588,A-bbe56f,01-08-2024,01-08-2024 07:00,7,low,117,3.0,False
237,T-765765,A-4437e4,13-08-2023,14-08-2023 20:00,44,high,120,-1.0,False
238,T-848076,A-c42f1f,31-10-2023,31-10-2023 08:00,8,low,105,3.0,False
239,T-00644f,A-8adedc,22-05-2023,24-05-2023 18:00,66,medium,62,-1.0,False
240,T-ec469a,A-e4bf56,10-07-2023,12-07-2023 04:00,52,urgent,72,5.0,False
241,T-d1c41b,A-98a59a,22-03-2023,23-03-2023 00:00,24,high,68,-1.0,False
242,T-090534,A-cc8c8f,30-11-2023,30-11-2023 07:00,7,urgent,143,4.0,False
243,T-367cc3,A-b7b7b7,31-08-2024,31-08-2024 01:00,1,medium,159,5.0,False
244,T-f86b35,A-139c3b,13-09-2024,13-09-2024 11:00,11,urgent,108,-1.0,False
245,T-e23a37,A-855a48,11-05-2023,11-05-2023 13:00,13,high,55,-1.0,False
246,T-776916,A-0a282f,12-06-2023,14-06-2023 17:00,65,medium,12,5.0,False
247,T-0854f6,A-310452,31-01-2024,02-02-2024 19:00,67,urgent,178,3.0,False
248,T-2c34c5,A-034368,29-08-2023,31-08-2023 17:00,65,low,34,5.0,False
249,T-270c25,A-81edc3,19-12-2023,21-12-2023 21:00,69,high,56,-1.0,False
250,T-f3e69b,A-b7ef83,03-10-2024,05-10-2024 19:00,67,medium,70,-1.0,False
251,T-2987d9,A-50f3f7,17-04-2023,18-04-2023 06:00,30,urgent,155,5.0,True
252,T-da63ee,A-149a69,30-01-2023,31-01-2023 09:00,33,high,79,5.0,False
253,T-44b600,A-eafc6e,14-07-2023,16-07-2023 16:00,64,medium,136,-1.0,False
254,T-4d0d5b,A-5a215a,06-12-2024,06-12-2024 12:00,12,urgent,126,4.0,False
255,T-7cca37,A-dbc825,02-10-2024,03-10-2024 16:00,40,medium,128,5.0,True
257,T-27d61d,A-c7e58b,25-01-2024,25-01-2024 13:00,13,medium,171,4.0,False
258,T-86e757,A-82d8a6,29-10-2023,31-10-2023 03:00,51,high,129,-1.0,False
259,T-13e2c4,A-92a3af,17-03-2024,19-03-2024 23:00,71,medium,29,5.0,False
260,T-df9759,A-b7724f,30-12-2024,30-12-2024 15:00,15,medium,86,3.0,False
261,T-c556c6,A-7c5768,21-11-2024,23-11-2024 02:00,50,high,39,4.0,False
262,T-e57828,A-883b7d,16-04-2023,17-04-2023 19:00,43,high,52,-1.0,False
263,T-fc25d0,A-fd7ad3,17-08-2024,19-08-2024 13:00,61,high,138,-1.0,False
264,T-743f15,A-d49cc5,21-12-2024,23-12-2024 16:00,64,urgent,2,-1.0,False
265,T-9bbea1,A-b54c01,06-02-2023,08-02-2023 04:00,52,low,172,-1.0,False
266,T-9bf64e,A-3ce5b8,07-10-2023,08-10-2023 05:00,29,high,87,-1.0,False
267,T-7cefd9,A-7920cc,31-03-2023,02-04-2023 15:00,63,medium,146,5.0,False
268,T-9717fc,A-cea1f0,11-05-2024,13-05-2024 09:00,57,medium,145,-1.0,False
269,T-b43464,A-08e34e,15-07-2024,17-07-2024 20:00,68,high,67,3.0,False
270,T-29abed,A-cd458b,28-03-2024,30-03-2024 02:00,50,urgent,39,5.0,False
271,T-4e24d4,A-b3fe05,29-05-2023,31-05-2023 18:00,66,urgent,75,-1.0,False
272,T-990f20,A-6a7c9d,15-08-2024,16-08-2024 04:00,28,medium,42,3.0,False
273,T-618d10,A-afa505,25-09-2024,25-09-2024 19:00,19,urgent,130,-1.0,False
274,T-9736d7,A-d4e0d4,12-08-2023,12-08-2023 19:00,19,medium,66,-1.0,False
275,T-7a48cd,A-4c38bc,27-07-2024,29-07-2024 18:00,66,medium,37,4.0,False
276,T-8f1182,A-fa3095,25-05-2023,27-05-2023 02:00,50,high,98,-1.0,False
277,T-926ee8,A-5a92e7,17-06-2023,19-06-2023 20:00,68,high,9,5.0,False
278,T-21c5ae,A-9123ac,18-11-2024,19-11-2024 13:00,37,urgent,77,4.0,False
279,T-7d1efb,A-eb2fdc,18-12-2023,19-12-2023 22:00,46,medium,16,-1.0,False
280,T-bad86e,A-7c6b6b,10-09-2024,12-09-2024 20:00,68,high,144,-1.0,False
281,T-818ae1,A-6965e1,27-07-2024,29-07-2024 09:00,57,low,55,-1.0,False
282,T-e1cf37,A-4c38bc,13-04-2023,15-04-2023 20:00,68,high,72,3.0,False
283,T-104009,A-fd7ad3,21-08-2023,23-08-2023 07:00,55,high,82,-1.0,False
284,T-2b7d40,A-474ad4,23-04-2023,25-04-2023 00:00,48,medium,65,-1.0,True
285,T-b4f3d9,A-378b99,03-08-2023,03-08-2023 05:00,5,low,101,5.0,False
286,T-d6ab6c,A-66224b,05-12-2023,05-12-2023 06:00,6,urgent,58,3.0,False
287,T-62b1dd,A-a45270,27-12-2024,29-12-2024 19:00,67,medium,112,4.0,False
288,T-cd4a87,A-798a3f,08-04-2023,09-04-2023 21:00,45,urgent,38,3.0,False
289,T-3aa54d,A-db5e9e,25-06-2024,27-06-2024 16:00,64,low,177,5.0,False
290,T-640bda,A-96bbc6,07-01-2023,08-01-2023 04:00,28,medium,112,3.0,False
291,T-8e435c,A-e1b9cd,16-06-2023,17-06-2023 11:00,35,high,115,3.0,False
292,T-32b901,A-67be94,14-11-2024,16-11-2024 01:00,49,high,1,-1.0,False
293,T-867910,A-3793ee,14-06-2024,16-06-2024 22:00,70,high,11,4.0,False
294,T-316da7,A-1ac5e0,15-01-2024,16-01-2024 11:00,35,high,44,4.0,False
295,T-3517a8,A-702032,28-07-2023,30-07-2023 04:00,52,medium,43,-1.0,False
296,T-86c6c6,A-8adedc,05-08-2023,07-08-2023 11:00,59,high,22,4.0,False
297,T-565965,A-3b5cd1,11-01-2023,12-01-2023 17:00,41,urgent,42,4.0,False
298,T-096b66,A-313be3,27-06-2023,27-06-2023 06:00,6,urgent,69,-1.0,False
299,T-d90ef7,A-e2cd1b,17-08-2023,19-08-2023 19:00,67,medium,101,4.0,False
300,T-495585,A-acb7f7,27-01-2024,27-01-2024 23:00,23,medium,31,3.0,False
301,T-502019,A-4e631b,23-09-2024,23-09-2024 20:00,20,low,18,4.0,False
302,T-b6d93a,A-50bb9f,24-02-2023,25-02-2023 10:00,34,low,35,-1.0,False
303,T-d5352f,A-c1e51e,23-01-2023,25-01-2023 05:00,53,high,148,3.0,False
304,T-5f94dd,A-d82ef9,31-12-2024,31-12-2024 13:00,13,high,149,4.0,False
305,T-d0ff21,A-378b99,11-07-2023,12-07-2023 10:00,34,medium,40,5.0,False
306,T-1d7cfb,A-05d3b3,11-08-2024,11-08-2024 15:00,15,urgent,44,5.0,False
307,T-759c6f,A-fb186e,11-01-2023,12-01-2023 19:00,43,medium,132,3.0,False
308,T-0c378b,A-f03140,04-12-2023,05-12-2023 17:00,41,low,169,-1.0,False
309,T-bde8aa,A-781cc0,01-08-2024,02-08-2024 07:00,31,high,133,-1.0,False
310,T-bf01b8,A-59f724,21-06-2024,21-06-2024 19:00,19,urgent,30,4.0,False
311,T-926f27,A-34d880,05-10-2024,07-10-2024 16:00,64,low,127,3.0,False
312,T-952a1a,A-9bfc9f,04-06-2023,06-06-2023 15:00,63,high,168,4.0,True
313,T-361edc,A-eb7fac,18-03-2023,18-03-2023 23:00,23,low,112,-1.0,False
314,T-2d4793,A-ce550d,12-02-2024,12-02-2024 03:00,3,urgent,88,-1.0,False
315,T-9bfb24,A-ad64c6,02-07-2024,04-07-2024 20:00,68,high,2,5.0,False
316,T-abcd41,A-6da850,01-11-2024,02-11-2024 12:00,36,medium,44,-1.0,False
317,T-5b0ebb,A-cea1f0,22-03-2023,23-03-2023 05:00,29,high,17,-1.0,False
318,T-2e5c7e,A-ff79f2,04-09-2024,06-09-2024 15:00,63,low,136,-1.0,False
319,T-ac4493,A-66224b,12-08-2023,14-08-2023 05:00,53,medium,172,4.0,False
320,T-6f11a3,A-a1b80b,13-05-2023,15-05-2023 10:00,58,urgent,18,-1.0,False
321,T-88949f,A-68f37c,26-10-2024,27-10-2024 19:00,43,low,173,-1.0,False
322,T-d612f3,A-bb1486,19-05-2024,19-05-2024 18:00,18,low,1,3.0,False
323,T-c127ef,A-149a69,01-10-2024,02-10-2024 01:00,25,high,170,4.0,False
324,T-6858fa,A-034368,04-05-2024,05-05-2024 00:00,24,medium,51,-1.0,False
325,T-6db7d8,A-e888d1,06-12-2023,07-12-2023 02:00,26,urgent,68,3.0,False
326,T-ad4ec7,A-560d27,28-02-2024,28-02-2024 12:00,12,low,62,3.0,False
327,T-a51205,A-cd458b,04-07-2023,05-07-2023 18:00,42,urgent,76,3.0,False
328,T-4dd126,A-af0cd2,27-06-2024,28-06-2024 12:00,36,medium,123,-1.0,False
329,T-6750a4,A-a33200,14-03-2024,15-03-2024 13:00,37,low,101,-1.0,False
330,T-33d113,A-7e0a10,11-08-2024,12-08-2024 09:00,33,high,30,-1.0,False
331,T-58506b,A-158f4e,14-12-2023,14-12-2023 13:00,13,urgent,124,4.0,False
332,T-753ba1,A-4bfa33,08-12-2023,08-12-2023 19:00,19,high,29,-1.0,False
333,T-59d67b,A-86902e,21-03-2024,23-03-2024 00:00,48,urgent,17,3.0,False
334,T-6ec2a9,A-9208f0,21-06-2023,23-06-2023 22:00,70,low,3,-1.0,False
335,T-b1d1d0,A-bcf664,13-08-2023,14-08-2023 01:00,25,urgent,128,3.0,False
336,T-130a82,A-cb5333,22-08-2023,23-08-2023 01:00,25,low,35,3.0,False
337,T-66d999,A-b44e3e,26-06-2023,27-06-2023 15:00,39,urgent,41,5.0,False
338,T-037337,A-378b99,11-07-2024,11-07-2024 16:00,16,low,1,-1.0,False
339,T-342b36,A-cc102e,17-10-2024,19-10-2024 13:00,61,low,177,5.0,False
340,T-223760,A-2edab2,01-04-2023,03-04-2023 11:00,59,low,124,-1.0,False
341,T-9eb2b5,A-dcc3f1,16-01-2024,17-01-2024 06:00,30,urgent,144,5.0,False
342,T-f3e7c5,A-756192,23-01-2023,23-01-2023 17:00,17,urgent,119,5.0,False
343,T-116af1,A-dcc2f0,08-05-2024,10-05-2024 04:00,52,urgent,93,-1.0,False
344,T-29279c,A-812c5b,20-02-2023,21-02-2023 19:00,43,urgent,127,4.0,False
345,T-b0acc7,A-1f559b,27-08-2023,29-08-2023 00:00,48,medium,126,4.0,False
346,T-d32d8c,A-c1e51e,04-01-2023,05-01-2023 01:00,25,urgent,55,4.0,False
347,T-cb9d4b,A-fd7ad3,06-07-2023,07-07-2023 14:00,38,medium,144,4.0,False
348,T-475284,A-d27f50,13-04-2024,13-04-2024 15:00,15,low,99,3.0,False
349,T-411989,A-2446e3,27-10-2024,27-10-2024 08:00,8,medium,148,4.0,False
350,T-863bcf,A-bece89,28-05-2024,29-05-2024 02:00,26,medium,163,4.0,True
351,T-866ebe,A-b07b56,05-06-2023,06-06-2023 03:00,27,urgent,115,-1.0,False
353,T-458e24,A-f25509,27-03-2024,27-03-2024 20:00,20,medium,147,4.0,False
354,T-c8be02,A-378b99,03-11-2023,05-11-2023 01:00,49,medium,115,5.0,False
355,T-7f088c,A-4e44e8,21-06-2023,23-06-2023 23:00,71,low,175,4.0,False
356,T-4a0f02,A-186a44,21-01-2023,23-01-2023 03:00,51,urgent,61,-1.0,False
357,T-f3f1b8,A-dbc825,11-04-2024,13-04-2024 22:00,70,low,122,-1.0,False
358,T-79b057,A-31ab9a,22-01-2023,23-01-2023 03:00,27,low,66,4.0,False
359,T-11534a,A-524364,21-03-2023,23-03-2023 17:00,65,low,110,5.0,False
360,T-c0d8b2,A-8b0451,01-12-2024,03-12-2024 01:00,49,urgent,23,3.0,False
362,T-cbc17d,A-7c5768,30-09-2024,30-09-2024 19:00,19,medium,62,-1.0,False
363,T-1d4920,A-b7b7b7,11-05-2024,11-05-2024 09:00,9,low,101,-1.0,False
364,T-ef0a78,A-ad296b,09-09-2024,10-09-2024 14:00,38,medium,81,3.0,False
365,T-b369df,A-c7e58b,13-08-2024,13-08-2024 16:00,16,low,125,3.0,False
366,T-29e9b8,A-4a267b,17-05-2023,17-05-2023 07:00,7,low,166,5.0,False
367,T-96702f,A-9077b0,14-09-2023,16-09-2023 20:00,68,high,176,5.0,False
368,T-9df3b0,A-eb2fdc,23-01-2023,25-01-2023 07:00,55,low,42,4.0,False
369,T-a39933,A-ed510f,31-01-2023,01-02-2023 20:00,44,urgent,129,5.0,False
370,T-7febc0,A-779e4e,27-01-2023,28-01-2023 09:00,33,urgent,79,3.0,False
371,T-84717f,A-f19409,12-11-2024,12-11-2024 01:00,1,urgent,90,4.0,False
372,T-135f77,A-cd458b,02-12-2024,04-12-2024 05:00,53,medium,146,5.0,False
373,T-41014e,A-a0ca4e,02-12-2024,04-12-2024 13:00,61,high,40,-1.0,False
375,T-3ec096,A-f97b9a,18-06-2023,20-06-2023 11:00,59,high,32,3.0,False
376,T-251fda,A-856b1e,15-09-2024,15-09-2024 01:00,1,low,123,-1.0,False
377,T-8d3d46,A-30b4ca,02-09-2024,04-09-2024 16:00,64,medium,131,-1.0,False
378,T-051e5b,A-e08cd3,20-09-2023,20-09-2023 11:00,11,urgent,59,5.0,False
379,T-429ce6,A-c45b23,30-05-2024,30-05-2024 07:00,7,high,55,3.0,False
380,T-3367b8,A-ba6516,17-07-2023,19-07-2023 18:00,66,low,14,-1.0,False
381,T-1e3043,A-b78bf8,19-02-2024,19-02-2024 02:00,2,urgent,89,5.0,False
383,T-864e85,A-9bfc9f,01-03-2024,03-03-2024 10:00,58,low,72,3.0,False
384,T-2b1a0a,A-89ee83,05-10-2024,05-10-2024 13:00,13,medium,35,4.0,True
385,T-5c9e4d,A-c7e58b,16-12-2024,18-12-2024 07:00,55,urgent,104,-1.0,False
386,T-af95b8,A-58b9ff,30-11-2023,02-12-2023 17:00,65,low,120,4.0,False
387,T-471c3e,A-3ce5b8,15-08-2024,16-08-2024 17:00,41,high,89,4.0,False
388,T-862ab3,A-31ab9a,16-06-2024,18-06-2024 11:00,59,medium,85,3.0,False
389,T-7b0fe1,A-716841,03-04-2023,04-04-2023 16:00,40,low,176,-1.0,False
390,T-ac5eaa,A-55f257,22-05-2023,23-05-2023 12:00,36,urgent,144,5.0,False
391,T-f27d8b,A-7920cc,30-09-2023,01-10-2023 23:00,47,urgent,113,-1.0,False
392,T-60706c,A-2922b6,02-10-2024,03-10-2024 03:00,27,urgent,136,-1.0,False
393,T-3a3aa1,A-3b5cd1,21-10-2023,21-10-2023 09:00,9,low,24,4.0,False
394,T-e74b9f,A-94d3da,10-06-2024,11-06-2024 12:00,36,low,98,3.0,False
395,T-dfad13,A-5b1bcd,17-12-2024,17-12-2024 05:00,5,urgent,143,5.0,False
396,T-60c481,A-5247b3,29-07-2024,31-07-2024 09:00,57,urgent,131,4.0,False
397,T-772cfe,A-e51ec7,05-10-2024,06-10-2024 21:00,45,high,87,5.0,False
398,T-187648,A-592832,27-10-2024,28-10-2024 17:00,41,medium,51,-1.0,False
399,T-48f8ab,A-dcc2f0,20-07-2023,20-07-2023 02:00,2,medium,107,-1.0,False
400,T-35ba6a,A-ab438f,03-03-2024,03-03-2024 04:00,4,urgent,139,3.0,False
401,T-5b9038,A-d922bf,16-07-2024,16-07-2024 23:00,23,high,7,3.0,False
402,T-690c29,A-c222ab,01-12-2024,03-12-2024 23:00,71,medium,77,5.0,False
403,T-3f754a,A-bb3bd4,25-09-2024,25-09-2024 14:00,14,urgent,36,5.0,False
404,T-367563,A-e61e98,23-11-2024,23-11-2024 05:00,5,medium,175,-1.0,False
405,T-0079ed,A-cc98bc,13-06-2023,13-06-2023 03:00,3,urgent,125,-1.0,False
406,T-69e92c,A-ccabf0,27-09-2023,28-09-2023 22:00,46,medium,114,3.0,False
407,T-e3d7af,A-526d93,13-11-2024,15-11-2024 06:00,54,low,157,-1.0,False
408,T-f708b2,A-bc87bc,11-10-2023,11-10-2023 11:00,11,low,177,3.0,False
409,T-b2b3fd,A-7df7a7,19-03-2024,20-03-2024 02:00,26,high,132,3.0,True
410,T-1dc468,A-4c6f11,29-11-2023,29-11-2023 20:00,20,urgent,14,5.0,False
411,T-b78a44,A-9208f0,27-09-2023,28-09-2023 08:00,32,medium,103,4.0,False
412,T-194946,A-65aeb5,10-08-2023,11-08-2023 08:00,32,low,173,-1.0,False
413,T-cbfee6,A-5247b3,11-06-2023,13-06-2023 04:00,52,high,173,-1.0,False
414,T-ea7839,A-ba6516,17-03-2024,18-03-2024 00:00,24,low,58,3.0,False
415,T-32cb13,A-1986ca,14-06-2023,14-06-2023 15:00,15,urgent,146,4.0,False
416,T-88d5fe,A-0b0d6d,14-01-2024,15-01-2024 17:00,41,urgent,59,-1.0,False
417,T-a80500,A-fce879,16-01-2023,17-01-2023 05:00,29,medium,74,3.0,False
418,T-325ab2,A-f03140,21-09-2023,22-09-2023 19:00,43,medium,71,-1.0,False
419,T-cfae4d,A-fdfc91,27-01-2023,28-01-2023 20:00,44,urgent,55,4.0,False
420,T-cc5da4,A-86cdb4,07-08-2023,09-08-2023 14:00,62,high,33,5.0,False
421,T-387b29,A-956988,20-04-2024,21-04-2024 20:00,44,low,83,-1.0,False
422,T-86268f,A-157070,04-12-2024,06-12-2024 12:00,60,low,176,3.0,False
423,T-ef99b1,A-eb1312,04-09-2023,06-09-2023 20:00,68,low,117,5.0,False
424,T-89ae7a,A-503d5a,11-01-2024,14-01-2024 00:00,72,high,107,5.0,False
425,T-7c37e5,A-8b0451,10-12-2024,11-12-2024 23:00,47,urgent,104,-1.0,False
426,T-bd64bb,A-5a92e7,25-04-2023,27-04-2023 19:00,67,urgent,172,5.0,False
427,T-6deaa1,A-5f2961,30-06-2023,02-07-2023 05:00,53,high,19,-1.0,False
428,T-1c52db,A-8e47ca,04-01-2023,05-01-2023 22:00,46,medium,90,-1.0,False
429,T-be05b0,A-396e5f,15-08-2024,16-08-2024 05:00,29,urgent,27,-1.0,False
430,T-ffd35f,A-bb1eaa,15-10-2023,17-10-2023 10:00,58,urgent,106,-1.0,False
431,T-d15fe8,A-600734,15-03-2024,17-03-2024 19:00,67,high,88,4.0,False
432,T-742fdb,A-fdfc91,17-11-2024,17-11-2024 23:00,23,urgent,120,3.0,False
433,T-b45de1,A-a7bd4b,11-07-2023,11-07-2023 11:00,11,high,70,4.0,False
434,T-0c38ce,A-bbe56f,30-11-2024,01-12-2024 03:00,27,urgent,79,-1.0,False
435,T-1f01f6,A-4bfa33,12-12-2023,12-12-2023 12:00,12,urgent,46,4.0,False
436,T-5b2010,A-038089,18-04-2024,18-04-2024 14:00,14,medium,149,3.0,False
437,T-2a5b2f,A-f92792,03-07-2024,05-07-2024 22:00,70,low,80,4.0,False
438,T-a7ce4a,A-034368,01-07-2023,01-07-2023 19:00,19,high,124,-1.0,False
439,T-d6c9b1,A-a6d261,09-02-2024,09-02-2024 01:00,1,high,32,5.0,False
440,T-8206e8,A-e43bf7,17-06-2024,18-06-2024 14:00,38,low,86,-1.0,False
441,T-fd832d,A-4ae22a,11-02-2023,11-02-2023 04:00,4,low,107,-1.0,False
442,T-3c6a06,A-c62e55,03-02-2024,03-02-2024 21:00,21,urgent,132,4.0,False
443,T-bdc427,A-56962b,23-01-2023,25-01-2023 18:00,66,high,79,-1.0,False
444,T-d4a251,A-751bd4,10-01-2023,10-01-2023 15:00,15,urgent,127,3.0,False
445,T-d57ae7,A-bf7919,11-06-2023,11-06-2023 17:00,17,low,110,5.0,False
446,T-8a7eca,A-fa3095,24-10-2023,26-10-2023 20:00,68,urgent,132,5.0,False
447,T-5df251,A-b179bf,06-10-2023,08-10-2023 04:00,52,high,139,-1.0,False
448,T-967ccc,A-acb7f7,28-12-2023,30-12-2023 02:00,50,urgent,144,4.0,False
449,T-5bd570,A-dcc3f1,10-06-2023,12-06-2023 11:00,59,low,95,-1.0,False
450,T-9b7b66,A-13466a,24-06-2023,24-06-2023 21:00,21,high,77,5.0,False
451,T-4b2c43,A-c4ea60,07-04-2024,08-04-2024 23:00,47,medium,83,3.0,False
452,T-eeae26,A-0f3e88,24-11-2023,26-11-2023 12:00,60,low,104,5.0,False
453,T-8ec963,A-bc4d48,24-06-2023,25-06-2023 19:00,43,high,133,3.0,False
454,T-c8d035,A-bf7919,29-10-2024,29-10-2024 12:00,12,high,53,-1.0,False
455,T-686725,A-993085,23-03-2024,25-03-2024 02:00,50,medium,78,-1.0,False
456,T-926c1c,A-eb7c38,13-05-2024,14-05-2024 12:00,36,medium,119,5.0,False
457,T-fcd24e,A-f1f639,05-12-2024,05-12-2024 22:00,22,high,27,5.0,False
458,T-6db04f,A-ed510f,06-07-2023,08-07-2023 12:00,60,urgent,46,-1.0,False
459,T-f0e463,A-3cc791,04-12-2023,06-12-2023 22:00,70,low,75,5.0,False
460,T-d89dd4,A-6dee43,07-11-2023,08-11-2023 17:00,41,urgent,64,5.0,False
461,T-ad83da,A-fb186e,18-10-2023,18-10-2023 21:00,21,urgent,91,-1.0,False
463,T-8402a1,A-1e6fc3,25-04-2023,25-04-2023 08:00,8,low,122,-1.0,False
464,T-d5bbc8,A-05d3b3,13-08-2023,13-08-2023 11:00,11,medium,19,-1.0,False
465,T-d370a4,A-fd7ad3,23-12-2023,25-12-2023 06:00,54,urgent,118,5.0,True
466,T-fd84fa,A-08e34e,16-03-2023,17-03-2023 06:00,30,medium,170,3.0,False
467,T-145a95,A-6f50ae,01-03-2023,02-03-2023 10:00,34,medium,144,5.0,False
468,T-80284c,A-ce550d,24-08-2023,26-08-2023 02:00,50,urgent,64,3.0,False
469,T-0d0582,A-ee42db,13-02-2024,15-02-2024 05:00,53,medium,5,-1.0,False
470,T-b03205,A-b9eed8,29-05-2023,30-05-2023 23:00,47,urgent,40,3.0,False
471,T-935cb7,A-5f7781,14-08-2024,16-08-2024 03:00,51,high,21,4.0,False
472,T-89db4e,A-31ab9a,31-08-2023,02-09-2023 15:00,63,medium,132,-1.0,False
473,T-787a34,A-396e5f,06-03-2024,06-03-2024 12:00,12,high,147,-1.0,False
474,T-c0b6ed,A-1986ca,27-07-2024,29-07-2024 07:00,55,urgent,30,3.0,False
475,T-50b851,A-cea1f0,26-12-2023,28-12-2023 00:00,48,low,42,4.0,False
476,T-c98c9f,A-832ec2,28-02-2024,28-02-2024 20:00,20,medium,68,-1.0,False
477,T-b5f0d3,A-016043,02-10-2023,02-10-2023 20:00,20,high,28,4.0,False
478,T-699109,A-ced9aa,14-05-2024,15-05-2024 10:00,34,urgent,54,-1.0,False
479,T-9bde67,A-524364,30-09-2023,02-10-2023 11:00,59,high,59,4.0,False
480,T-fcedc6,A-5a184f,13-04-2024,14-04-2024 13:00,37,high,33,4.0,False
481,T-f7d63c,A-65a46c,29-10-2024,30-10-2024 20:00,44,urgent,4,4.0,False
482,T-d62751,A-86cdb4,02-12-2024,02-12-2024 01:00,1,urgent,167,-1.0,False
483,T-22710d,A-1b707d,19-04-2024,21-04-2024 03:00,51,medium,53,-1.0,False
485,T-05fd42,A-f45426,24-08-2024,25-08-2024 14:00,38,urgent,38,4.0,False
486,T-37b102,A-0be015,02-04-2023,03-04-2023 00:00,24,high,133,4.0,False
487,T-dc51a8,A-0532a9,24-11-2024,25-11-2024 03:00,27,low,6,-1.0,False
488,T-76ee80,A-fce879,17-07-2024,18-07-2024 03:00,27,urgent,49,5.0,False
489,T-6ea0dd,A-a09355,08-02-2024,08-02-2024 04:00,4,low,87,4.0,False
490,T-7fd978,A-22d9d2,26-12-2023,26-12-2023 10:00,10,urgent,8,-1.0,False
491,T-621fb8,A-7f8241,19-04-2024,20-04-2024 12:00,36,medium,135,3.0,False
492,T-adcdc9,A-adc1f3,12-06-2023,14-06-2023 23:00,71,urgent,25,4.0,False
493,T-6d98ab,A-ced9aa,22-12-2023,23-12-2023 22:00,46,high,124,-1.0,False
494,T-1cea26,A-bcf664,18-12-2023,20-12-2023 21:00,69,high,169,5.0,True
495,T-c6dcaf,A-32fb14,18-03-2023,20-03-2023 15:00,63,low,24,-1.0,False
496,T-4bf7c6,A-463db0,15-08-2024,15-08-2024 04:00,4,low,171,4.0,False
497,T-7dfa96,A-e888d1,12-09-2023,14-09-2023 16:00,64,low,98,-1.0,False
498,T-22b4a9,A-3cc791,18-09-2024,20-09-2024 10:00,58,urgent,48,3.0,False
499,T-bf0575,A-78f02b,10-04-2023,12-04-2023 11:00,59,high,125,5.0,False
500,T-0ca62f,A-e40f45,31-08-2023,01-09-2023 05:00,29,urgent,114,5.0,False
501,T-20c0bf,A-2d4502,23-04-2023,25-04-2023 16:00,64,urgent,30,5.0,False
502,T-1c2c18,A-ed510f,28-03-2024,30-03-2024 08:00,56,urgent,122,-1.0,False
503,T-e07558,A-296d7c,27-04-2024,27-04-2024 14:00,14,urgent,31,3.0,False
504,T-d6be94,A-30b4ca,05-05-2023,07-05-2023 09:00,57,medium,125,4.0,False
505,T-e6c083,A-443b7c,16-05-2024,17-05-2024 18:00,42,high,81,5.0,False
506,T-134bb9,A-2bc93d,23-11-2024,23-11-2024 07:00,7,medium,44,5.0,False
507,T-118f13,A-19b2c8,05-09-2024,06-09-2024 08:00,32,high,109,5.0,False
508,T-956203,A-ccb686,06-11-2023,08-11-2023 19:00,67,high,30,4.0,False
509,T-2ae381,A-f3ff05,12-07-2023,14-07-2023 02:00,50,medium,108,3.0,False
510,T-897033,A-1b7577,07-08-2023,09-08-2023 15:00,63,urgent,157,3.0,False
511,T-f14a3d,A-0be015,13-04-2023,13-04-2023 13:00,13,urgent,123,-1.0,False
512,T-6bdc37,A-80eeb6,23-07-2023,24-07-2023 17:00,41,high,89,5.0,False
513,T-2fee89,A-42e5e1,25-01-2024,26-01-2024 03:00,27,high,124,4.0,False
514,T-14ab7d,A-bece89,20-02-2023,21-02-2023 01:00,25,medium,63,5.0,False
515,T-c9394b,A-427b69,09-04-2024,09-04-2024 06:00,6,medium,99,-1.0,False
516,T-7b4c85,A-5a215a,26-07-2023,28-07-2023 16:00,64,urgent,18,-1.0,False
517,T-ab2c55,A-45ce7a,18-08-2023,19-08-2023 18:00,42,medium,49,3.0,False
518,T-11b816,A-9077b0,07-09-2024,07-09-2024 02:00,2,urgent,180,3.0,False
519,T-d51f64,A-558c72,28-08-2024,30-08-2024 12:00,60,low,30,-1.0,False
520,T-675d69,A-19b2c8,03-02-2023,04-02-2023 08:00,32,medium,132,4.0,False
521,T-9a1036,A-443b7c,24-01-2023,25-01-2023 07:00,31,urgent,51,5.0,False
522,T-ba404b,A-8145a0,06-01-2023,06-01-2023 11:00,11,low,30,5.0,False
523,T-9d4edb,A-9174e0,09-06-2023,11-06-2023 05:00,53,low,173,-1.0,False
524,T-2ca992,A-3f9cc0,17-08-2024,18-08-2024 20:00,44,high,28,-1.0,False
525,T-d9cb01,A-0baac2,23-03-2024,25-03-2024 10:00,58,urgent,104,-1.0,False
526,T-3fd10a,A-bcbe98,14-05-2024,15-05-2024 15:00,39,high,29,-1.0,False
527,T-df66b4,A-425e76,05-10-2023,08-10-2023 00:00,72,high,160,3.0,False
528,T-16968a,A-e89151,10-10-2024,11-10-2024 05:00,29,medium,54,-1.0,False
529,T-a65a71,A-e89151,01-04-2024,03-04-2024 06:00,54,medium,43,5.0,False
530,T-c28542,A-d49cc5,18-07-2024,20-07-2024 04:00,52,medium,32,4.0,False
531,T-f3737d,A-1986ca,01-05-2023,01-05-2023 09:00,9,low,100,4.0,False
532,T-fb84f7,A-ce550d,25-10-2024,27-10-2024 21:00,69,medium,90,5.0,False
533,T-4db8d5,A-40a557,24-11-2024,26-11-2024 03:00,51,urgent,119,5.0,False
534,T-9fc75b,A-4c6f11,06-12-2023,08-12-2023 06:00,54,high,173,5.0,False
535,T-274882,A-3b37d9,03-01-2023,04-01-2023 08:00,32,medium,89,5.0,False
536,T-8444c1,A-69fad4,16-09-2023,18-09-2023 23:00,71,medium,114,4.0,False
537,T-d82bc4,A-157070,25-08-2023,26-08-2023 01:00,25,urgent,152,-1.0,True
538,T-604490,A-f9cc74,13-09-2024,15-09-2024 10:00,58,low,115,4.0,False
539,T-55edb1,A-b9eed8,05-01-2023,06-01-2023 06:00,30,medium,87,5.0,False
540,T-466dab,A-d82ef9,26-03-2023,28-03-2023 16:00,64,urgent,38,5.0,False
541,T-dd5960,A-f19b24,22-01-2024,22-01-2024 13:00,13,urgent,73,-1.0,True
542,T-ef33cf,A-1e1b80,26-01-2024,27-01-2024 00:00,24,medium,16,-1.0,False
543,T-d8aafb,A-fa3095,05-10-2024,07-10-2024 06:00,54,low,91,-1.0,False
544,T-a14a68,A-86fc1d,15-08-2023,17-08-2023 16:00,64,high,38,3.0,False
545,T-0e6900,A-d42431,28-02-2023,01-03-2023 06:00,30,medium,20,-1.0,False
546,T-5e66ab,A-c37601,26-01-2023,26-01-2023 19:00,19,urgent,180,4.0,False
547,T-a5e537,A-186a44,22-04-2023,24-04-2023 14:00,62,high,176,3.0,False
548,T-7e77dc,A-7cfe77,23-12-2023,23-12-2023 19:00,19,medium,42,-1.0,False
549,T-e2d68e,A-8ae3fc,27-04-2023,29-04-2023 21:00,69,high,14,-1.0,False
550,T-f6909c,A-5a92e7,18-05-2023,19-05-2023 23:00,47,medium,9,5.0,False
551,T-154975,A-313be3,16-07-2023,17-07-2023 13:00,37,urgent,70,-1.0,False
552,T-2b6bb1,A-993085,20-02-2024,22-02-2024 20:00,68,high,33,4.0,False
553,T-95452e,A-aa9511,09-08-2023,11-08-2023 09:00,57,urgent,61,-1.0,False
554,T-da0863,A-1e6fc3,30-12-2023,30-12-2023 22:00,22,high,2,5.0,False
555,T-65d099,A-e60f9d,09-02-2024,11-02-2024 22:00,70,urgent,81,-1.0,False
556,T-5ceddb,A-4d1e75,10-07-2024,10-07-2024 03:00,3,medium,173,4.0,False
557,T-4579d9,A-76fa4d,23-06-2023,24-06-2023 05:00,29,medium,57,5.0,False
558,T-4669d1,A-4ae22a,08-03-2024,09-03-2024 06:00,30,low,101,3.0,False
559,T-1acc04,A-8145a0,08-08-2023,08-08-2023 19:00,19,high,85,-1.0,False
560,T-284720,A-cc102e,11-04-2024,11-04-2024 01:00,1,low,93,3.0,False
561,T-20d740,A-8145a0,02-02-2024,03-02-2024 14:00,38,medium,119,-1.0,False
562,T-df87ef,A-67be94,03-03-2023,05-03-2023 20:00,68,high,7,5.0,False
563,T-9def1e,A-ffc04f,23-02-2023,23-02-2023 04:00,4,high,18,4.0,False
564,T-0bc38a,A-c70870,08-07-2023,08-07-2023 19:00,19,low,159,5.0,False
565,T-0de7f1,A-e7beab,22-09-2024,23-09-2024 01:00,25,low,172,-1.0,False
566,T-d4805c,A-1b9609,22-06-2023,22-06-2023 16:00,16,low,42,-1.0,False
567,T-b35070,A-39b19f,01-04-2023,03-04-2023 19:00,67,high,133,-1.0,False
568,T-73d14f,A-726cfa,22-08-2023,24-08-2023 13:00,61,low,142,4.0,False
569,T-035748,A-e98302,25-09-2023,27-09-2023 08:00,56,urgent,133,4.0,False
570,T-b918db,A-f25509,08-05-2024,08-05-2024 21:00,21,low,162,5.0,False
571,T-3cdeb2,A-600734,09-09-2024,11-09-2024 17:00,65,medium,88,-1.0,False
573,T-2795e4,A-09316c,20-12-2024,22-12-2024 21:00,69,low,81,3.0,False
574,T-a32dd4,A-6a7c9d,27-04-2024,28-04-2024 03:00,27,high,13,-1.0,False
575,T-e41843,A-c9bb3e,22-07-2023,23-07-2023 06:00,30,high,119,4.0,False
576,T-81a9e7,A-712f1c,27-02-2024,28-02-2024 19:00,43,medium,108,4.0,False
577,T-38714f,A-fe79a5,25-12-2024,25-12-2024 07:00,7,high,63,-1.0,False
578,T-322072,A-8e47ca,17-02-2023,18-02-2023 11:00,35,high,130,-1.0,False
579,T-99b0b8,A-a0ca4e,17-10-2023,19-10-2023 11:00,59,low,148,3.0,False
580,T-98be51,A-5790f4,07-07-2024,09-07-2024 22:00,70,medium,13,4.0,False
581,T-bb7fa9,A-7f6b86,17-09-2024,19-09-2024 09:00,57,high,81,4.0,False
582,T-0a3847,A-49b828,04-10-2024,04-10-2024 09:00,9,medium,20,3.0,True
583,T-6dbff1,A-bcbe98,27-05-2024,29-05-2024 04:00,52,medium,11,3.0,True
586,T-b25f66,A-f3ff05,17-12-2023,19-12-2023 03:00,51,low,104,4.0,False
587,T-992cf9,A-c9bb3e,14-12-2024,14-12-2024 16:00,16,medium,21,4.0,False
588,T-d72e3b,A-bd4708,15-11-2024,15-11-2024 05:00,5,medium,34,3.0,False
589,T-e46e71,A-9badbd,19-10-2023,19-10-2023 17:00,17,urgent,125,-1.0,False
590,T-c5ffb0,A-ce66f8,27-05-2024,28-05-2024 13:00,37,urgent,139,-1.0,False
591,T-cb3efb,A-e7beab,16-09-2023,16-09-2023 19:00,19,high,28,5.0,False
592,T-885f5b,A-4e960a,08-08-2023,08-08-2023 13:00,13,low,141,4.0,False
593,T-a45f3e,A-d792a6,11-02-2024,12-02-2024 21:00,45,urgent,174,4.0,False
594,T-e834e7,A-310452,29-12-2024,30-12-2024 00:00,24,medium,46,4.0,False
595,T-ddf662,A-5247b3,14-01-2024,15-01-2024 09:00,33,high,66,-1.0,False
596,T-210819,A-ed510f,13-09-2024,13-09-2024 11:00,11,medium,87,4.0,False
597,T-416fb5,A-b9eed8,10-11-2023,11-11-2023 00:00,24,medium,114,3.0,False
598,T-7cdb82,A-bd4513,26-04-2023,28-04-2023 23:00,71,medium,37,4.0,False
599,T-c9f3f0,A-309e54,19-07-2024,20-07-2024 02:00,26,high,145,-1.0,False
600,T-45239b,A-7f6b86,28-10-2024,30-10-2024 17:00,65,high,29,-1.0,False
601,T-a61785,A-756192,03-04-2023,05-04-2023 11:00,59,urgent,17,-1.0,False
602,T-112307,A-9badbd,12-10-2023,14-10-2023 08:00,56,urgent,37,5.0,False
603,T-8a14a4,A-ac85cd,19-11-2023,21-11-2023 13:00,61,medium,128,3.0,False
604,T-4cf1f9,A-d792a6,29-12-2024,29-12-2024 14:00,14,urgent,125,-1.0,False
605,T-ae29f6,A-9a532a,12-09-2023,13-09-2023 21:00,45,high,176,-1.0,False
606,T-a5de10,A-ce550d,03-06-2024,04-06-2024 12:00,36,medium,98,4.0,False
607,T-1ab00a,A-d922bf,25-01-2024,27-01-2024 04:00,52,low,30,-1.0,False
608,T-1b7db9,A-712533,05-05-2024,06-05-2024 16:00,40,low,145,5.0,False
609,T-2b2d2d,A-39868b,21-01-2024,23-01-2024 07:00,55,medium,40,3.0,False
610,T-66d5a0,A-671f31,01-03-2024,01-03-2024 17:00,17,urgent,153,-1.0,False
612,T-afa224,A-bcbe98,23-05-2024,25-05-2024 10:00,58,urgent,1,-1.0,False
613,T-62614c,A-89ee83,02-08-2023,02-08-2023 11:00,11,urgent,32,-1.0,False
614,T-abeb65,A-c70870,07-07-2024,09-07-2024 07:00,55,low,10,-1.0,False
615,T-c16052,A-05d3b3,14-09-2023,15-09-2023 22:00,46,high,70,-1.0,False
616,T-5fff6a,A-9123ac,02-08-2024,03-08-2024 00:00,24,medium,169,-1.0,False
617,T-347ab6,A-cc102e,18-05-2023,18-05-2023 07:00,7,high,36,-1.0,False
618,T-3d947f,A-3932db,27-02-2023,01-03-2023 20:00,68,low,26,5.0,False
619,T-921bf4,A-f97b9a,10-06-2024,11-06-2024 03:00,27,medium,109,-1.0,False
620,T-6b831b,A-9208f0,12-12-2024,14-12-2024 19:00,67,low,57,3.0,False
621,T-c59e1a,A-40906c,20-10-2024,21-10-2024 13:00,37,low,127,3.0,False
622,T-abd0a8,A-0354fe,30-11-2024,30-11-2024 01:00,1,high,107,3.0,False
623,T-1e6dde,A-ac9111,05-05-2024,06-05-2024 16:00,40,urgent,89,-1.0,False
624,T-94b38c,A-503d5a,28-09-2023,29-09-2023 02:00,26,high,128,-1.0,False
625,T-399e29,A-bb1eaa,25-02-2024,25-02-2024 01:00,1,high,67,-1.0,False
626,T-8fd002,A-2d1036,30-03-2023,01-04-2023 00:00,48,low,53,4.0,False
627,T-7bb8d5,A-1ac5e0,03-09-2024,04-09-2024 09:00,33,medium,50,4.0,False
628,T-e062e2,A-378b99,19-08-2024,20-08-2024 15:00,39,high,106,3.0,False
629,T-880bce,A-54d94a,16-05-2024,18-05-2024 23:00,71,low,118,4.0,False
630,T-7b09d9,A-e19ff6,09-01-2024,09-01-2024 09:00,9,high,162,5.0,False
631,T-306781,A-bb3bd4,05-12-2023,07-12-2023 09:00,57,medium,21,-1.0,False
632,T-9e2480,A-328bd0,24-08-2024,26-08-2024 22:00,70,high,26,4.0,False
633,T-af5765,A-3c1a3f,09-03-2024,09-03-2024 19:00,19,low,44,3.0,False
634,T-b60d4d,A-417d2f,01-02-2024,03-02-2024 04:00,52,high,20,5.0,False
635,T-e33b60,A-c37601,26-02-2024,28-02-2024 05:00,53,low,23,3.0,False
636,T-44e08c,A-45ce7a,14-12-2024,16-12-2024 02:00,50,medium,101,-1.0,False
637,T-8c6169,A-7dacce,14-07-2023,14-07-2023 07:00,7,high,135,3.0,False
638,T-baf332,A-8145a0,09-01-2023,09-01-2023 18:00,18,medium,98,-1.0,False
639,T-e6d8dd,A-e4bf56,10-08-2024,10-08-2024 22:00,22,urgent,175,5.0,False
640,T-52a57e,A-5b051a,24-03-2024,24-03-2024 02:00,2,urgent,2,3.0,False
641,T-8f8c19,A-309e54,30-05-2023,30-05-2023 03:00,3,low,87,-1.0,False
642,T-5d46d9,A-fdfc91,13-06-2023,13-06-2023 11:00,11,high,148,-1.0,False
643,T-bc6854,A-d3c88e,15-12-2023,17-12-2023 01:00,49,high,98,-1.0,False
644,T-141b01,A-337bc1,01-12-2024,01-12-2024 19:00,19,medium,136,-1.0,False
645,T-b3739a,A-2f6a32,27-12-2023,28-12-2023 01:00,25,medium,139,3.0,False
646,T-fa0eed,A-f25509,30-05-2024,01-06-2024 01:00,49,high,68,-1.0,False
647,T-bc6799,A-9f9299,12-04-2023,14-04-2023 23:00,71,medium,146,-1.0,False
648,T-90b336,A-d26ab4,28-09-2023,30-09-2023 04:00,52,urgent,148,4.0,False
649,T-1ecc39,A-c7e58b,01-12-2024,01-12-2024 04:00,4,high,28,4.0,False
650,T-4ecb7b,A-acb7f7,19-08-2023,21-08-2023 02:00,50,low,98,-1.0,False
651,T-76c486,A-089363,06-11-2023,07-11-2023 01:00,25,low,153,3.0,False
652,T-20065b,A-1e1b80,14-05-2023,16-05-2023 09:00,57,high,54,4.0,False
653,T-161f9c,A-6c093d,11-07-2024,12-07-2024 03:00,27,high,6,-1.0,False
655,T-aac2ca,A-18793f,04-03-2023,05-03-2023 14:00,38,low,155,4.0,False
656,T-b6d936,A-cb6cc6,11-03-2024,11-03-2024 18:00,18,high,135,4.0,False
657,T-6d8b81,A-117171,04-11-2023,05-11-2023 20:00,44,high,52,-1.0,True
658,T-2006d9,A-e40f45,16-02-2023,18-02-2023 00:00,48,high,157,-1.0,False
659,T-01e321,A-3ce5b8,01-06-2024,02-06-2024 22:00,46,medium,80,4.0,False
660,T-cd5725,A-f6b2fb,26-10-2023,29-10-2023 00:00,72,high,155,-1.0,False
661,T-e727f3,A-39868b,27-01-2023,29-01-2023 12:00,60,medium,122,4.0,False
662,T-22c308,A-6f50ae,07-08-2024,08-08-2024 21:00,45,low,105,5.0,False
663,T-533b28,A-1b9609,22-10-2024,24-10-2024 17:00,65,high,26,-1.0,False
664,T-14571c,A-02fac6,01-11-2023,02-11-2023 12:00,36,low,176,5.0,False
665,T-71ab14,A-f97b9a,31-01-2023,01-02-2023 19:00,43,medium,39,4.0,False
666,T-7dca41,A-b48f73,13-05-2023,14-05-2023 22:00,46,low,62,-1.0,False
667,T-777bf4,A-0f6450,20-01-2023,20-01-2023 02:00,2,low,54,5.0,False
668,T-d5f2dd,A-0532a9,30-06-2023,01-07-2023 14:00,38,high,86,3.0,False
669,T-0fc8f9,A-fda07f,28-11-2023,29-11-2023 06:00,30,medium,110,3.0,False
670,T-db2c10,A-0aaf6e,13-10-2024,15-10-2024 11:00,59,low,47,5.0,False
671,T-89d6c4,A-40de06,24-11-2023,24-11-2023 16:00,16,medium,111,4.0,False
672,T-4c383b,A-993085,09-12-2024,10-12-2024 13:00,37,low,109,3.0,False
673,T-cce7ba,A-17939a,14-08-2024,16-08-2024 05:00,53,urgent,150,-1.0,False
675,T-673852,A-4e44e8,15-09-2024,15-09-2024 02:00,2,low,10,3.0,False
676,T-d75ceb,A-9b9fe9,26-07-2024,27-07-2024 09:00,33,urgent,158,3.0,False
677,T-49a11d,A-6c093d,08-05-2024,09-05-2024 12:00,36,medium,123,5.0,False
678,T-274cf7,A-781cc0,28-01-2024,30-01-2024 23:00,71,low,9,3.0,False
679,T-31021c,A-65a46c,14-10-2023,16-10-2023 14:00,62,low,116,3.0,False
680,T-37d585,A-0f7d77,23-11-2023,25-11-2023 04:00,52,high,138,5.0,False
681,T-d80a44,A-58b9ff,04-02-2023,06-02-2023 19:00,67,medium,38,-1.0,True
682,T-1e968e,A-484819,10-12-2023,10-12-2023 15:00,15,urgent,127,-1.0,False
683,T-e1d305,A-149a69,16-06-2023,17-06-2023 22:00,46,urgent,114,3.0,False
684,T-74d3f4,A-038089,25-05-2024,26-05-2024 17:00,41,low,102,-1.0,False
685,T-b3cd04,A-5247b3,08-09-2024,10-09-2024 16:00,64,medium,51,5.0,False
686,T-0cf3e3,A-0be015,23-03-2023,25-03-2023 18:00,66,medium,53,4.0,False
687,T-b57da5,A-65a46c,22-06-2024,22-06-2024 03:00,3,urgent,107,-1.0,False
688,T-f59d6e,A-3c1a3f,25-09-2023,27-09-2023 10:00,58,low,99,4.0,False
689,T-7772d1,A-104f1a,26-03-2024,28-03-2024 08:00,56,low,40,4.0,False
690,T-c895a0,A-5a92e7,10-10-2024,10-10-2024 22:00,22,medium,3,3.0,False
691,T-19ea5b,A-d4ac0e,08-09-2024,08-09-2024 18:00,18,low,15,-1.0,False
692,T-c8e32b,A-bc4d48,22-01-2024,22-01-2024 12:00,12,high,129,-1.0,False
693,T-3ca62f,A-3b37d9,29-03-2023,29-03-2023 16:00,16,urgent,103,4.0,False
694,T-6684a4,A-cc8c8f,19-11-2023,19-11-2023 22:00,22,urgent,103,3.0,False
695,T-d0a540,A-e5d6ab,17-09-2024,19-09-2024 06:00,54,high,11,-1.0,False
696,T-b456f1,A-c4ea60,05-11-2023,05-11-2023 05:00,5,low,22,5.0,False
697,T-79975c,A-10b8f2,26-12-2023,28-12-2023 20:00,68,low,116,5.0,False
698,T-1c3d56,A-3cc791,16-06-2024,16-06-2024 17:00,17,medium,151,4.0,True
699,T-5fc181,A-a7bd4b,06-05-2023,07-05-2023 12:00,36,low,109,-1.0,False
700,T-4220fc,A-0f6450,06-06-2023,07-06-2023 03:00,27,low,70,3.0,True
701,T-ddd1a5,A-ae052e,02-04-2023,03-04-2023 07:00,31,low,62,5.0,False
702,T-bf2ee1,A-b2af2e,20-08-2023,20-08-2023 14:00,14,medium,99,4.0,False
703,T-4a7bb7,A-6c093d,27-02-2023,01-03-2023 10:00,58,high,76,-1.0,True
704,T-ed85f6,A-05d3b3,23-08-2023,23-08-2023 14:00,14,medium,40,4.0,False
705,T-601022,A-39b19f,04-10-2024,05-10-2024 19:00,43,low,32,5.0,True
706,T-8027c4,A-66224b,29-02-2024,01-03-2024 04:00,28,low,113,3.0,False
707,T-eed292,A-bb2f49,29-03-2024,29-03-2024 18:00,18,low,100,-1.0,False
708,T-779cd9,A-b11cd0,11-01-2024,12-01-2024 21:00,45,low,160,-1.0,False
709,T-1bf8d6,A-cc102e,31-10-2023,02-11-2023 16:00,64,medium,130,5.0,False
710,T-a7d132,A-503d5a,10-03-2024,10-03-2024 19:00,19,low,41,-1.0,False
711,T-8ccee6,A-6e08f3,07-04-2023,08-04-2023 02:00,26,urgent,122,3.0,False
712,T-c8afc4,A-19b2c8,28-11-2023,29-11-2023 00:00,24,medium,29,5.0,False
713,T-cdfd31,A-1d5444,11-12-2024,11-12-2024 05:00,5,high,96,-1.0,False
714,T-13718e,A-a7bd4b,20-07-2023,22-07-2023 16:00,64,high,14,3.0,False
715,T-2c8cf7,A-940b8b,17-09-2023,19-09-2023 14:00,62,urgent,57,3.0,False
716,T-134994,A-0a62f5,05-11-2023,07-11-2023 11:00,59,high,153,-1.0,False
717,T-9f9f2d,A-4814a3,02-11-2023,03-11-2023 03:00,27,medium,57,-1.0,True
718,T-8b1e89,A-cbbe12,21-03-2024,23-03-2024 05:00,53,high,7,3.0,False
719,T-3804b6,A-e98302,28-06-2023,28-06-2023 03:00,3,high,40,5.0,False
720,T-862af5,A-e7beab,01-03-2023,01-03-2023 02:00,2,low,139,5.0,False
721,T-09eea1,A-328bd0,18-02-2024,19-02-2024 16:00,40,medium,106,4.0,False
722,T-e00e0a,A-6e7827,17-11-2024,19-11-2024 19:00,67,medium,81,4.0,False
723,T-7d8c37,A-94d3da,06-08-2024,06-08-2024 14:00,14,low,4,5.0,False
724,T-e4b581,A-ef84cf,02-11-2024,02-11-2024 16:00,16,low,11,4.0,True
725,T-21da91,A-b9f5b1,09-08-2024,10-08-2024 08:00,32,low,121,3.0,False
726,T-09e88f,A-bb2f49,28-01-2023,28-01-2023 14:00,14,urgent,45,4.0,False
727,T-0854a1,A-0354fe,11-04-2024,13-04-2024 14:00,62,high,78,-1.0,False
728,T-f932f6,A-ef84cf,07-08-2023,07-08-2023 03:00,3,urgent,91,4.0,False
729,T-ca7d9e,A-20736a,14-12-2024,15-12-2024 16:00,40,high,145,3.0,False
730,T-c2e25a,A-50bb9f,12-08-2023,12-08-2023 16:00,16,medium,142,5.0,False
731,T-f7e86b,A-10b8da,23-09-2023,24-09-2023 00:00,24,high,32,4.0,False
732,T-6a7af3,A-d49cc5,15-05-2024,15-05-2024 05:00,5,urgent,134,5.0,False
733,T-b65657,A-f92792,24-11-2024,24-11-2024 20:00,20,medium,84,-1.0,False
734,T-7df5b2,A-b78bf8,01-12-2024,01-12-2024 06:00,6,medium,161,5.0,False
735,T-30fb5e,A-34ea2f,20-12-2023,20-12-2023 11:00,11,low,158,3.0,False
736,T-0cd0f4,A-f6b2fb,26-01-2023,27-01-2023 16:00,40,high,56,-1.0,False
737,T-72295c,A-ad64c6,20-04-2024,20-04-2024 04:00,4,medium,60,-1.0,False
738,T-bf6b9b,A-35083d,02-10-2023,04-10-2023 04:00,52,high,87,5.0,False
739,T-d7ff1e,A-558c72,03-05-2024,05-05-2024 23:00,71,urgent,91,4.0,False
740,T-a2760f,A-68f37c,02-11-2023,02-11-2023 02:00,2,medium,169,-1.0,False
741,T-4cc0d7,A-558c72,08-09-2023,10-09-2023 12:00,60,medium,113,5.0,True
742,T-6b7933,A-b7ef83,24-01-2024,25-01-2024 04:00,28,urgent,88,4.0,False
743,T-9703b6,A-7df7a7,04-07-2023,04-07-2023 08:00,8,urgent,142,4.0,False
744,T-f10d70,A-fda07f,01-09-2024,01-09-2024 06:00,6,high,3,4.0,False
745,T-f09f22,A-ef84cf,27-10-2024,29-10-2024 14:00,62,urgent,54,5.0,False
747,T-d67e21,A-4814a3,31-05-2023,31-05-2023 12:00,12,low,150,-1.0,False
748,T-39910e,A-019782,09-09-2024,09-09-2024 10:00,10,urgent,166,-1.0,False
749,T-0e1c0e,A-69b156,06-07-2024,08-07-2024 16:00,64,high,161,5.0,False
750,T-e496a8,A-117171,22-08-2024,22-08-2024 22:00,22,medium,34,-1.0,False
751,T-1dbfc1,A-c42f1f,08-01-2023,10-01-2023 22:00,70,high,67,-1.0,False
752,T-de489a,A-692f18,28-07-2024,30-07-2024 07:00,55,high,96,5.0,False
753,T-fd80a1,A-bcbe98,24-09-2023,26-09-2023 01:00,49,urgent,122,-1.0,False
754,T-0e39f9,A-726cfa,05-08-2024,05-08-2024 09:00,9,high,93,4.0,False
755,T-027331,A-474ad4,03-05-2024,03-05-2024 18:00,18,medium,76,5.0,False
756,T-324459,A-51ec1b,20-08-2023,22-08-2023 10:00,58,high,105,5.0,False
757,T-2b0805,A-202b67,28-07-2024,29-07-2024 11:00,35,urgent,179,-1.0,False
758,T-1f5562,A-86902e,25-01-2023,27-01-2023 17:00,65,medium,69,-1.0,False
759,T-c2a8c2,A-779e4e,11-07-2023,11-07-2023 15:00,15,urgent,86,5.0,False
760,T-dbe987,A-463db0,22-02-2023,24-02-2023 21:00,69,medium,25,-1.0,False
761,T-17b048,A-443b7c,23-08-2023,24-08-2023 00:00,24,urgent,44,3.0,False
762,T-d3ac82,A-f17767,13-03-2023,15-03-2023 13:00,61,high,88,-1.0,True
763,T-3716d2,A-e61e98,17-10-2023,19-10-2023 23:00,71,medium,127,5.0,False
764,T-c16096,A-e08cd3,26-12-2024,28-12-2024 09:00,57,urgent,148,4.0,False
765,T-07968b,A-068fc6,04-04-2023,06-04-2023 14:00,62,low,123,-1.0,False
766,T-c6d16e,A-00bed1,13-03-2024,14-03-2024 04:00,28,urgent,107,4.0,False
767,T-0088b7,A-ce550d,15-05-2024,17-05-2024 17:00,65,medium,173,3.0,True
768,T-3a75b1,A-3be56b,13-02-2024,15-02-2024 12:00,60,low,61,4.0,False
769,T-6a99e2,A-c42f1f,28-09-2024,30-09-2024 00:00,48,low,37,5.0,False
770,T-646e6d,A-019782,01-12-2024,01-12-2024 10:00,10,urgent,48,3.0,False
771,T-e81350,A-cea1f0,02-09-2024,04-09-2024 01:00,49,urgent,172,5.0,False
772,T-866db3,A-f446b6,20-12-2023,20-12-2023 22:00,22,low,106,4.0,False
773,T-faf9c4,A-40a557,19-07-2023,19-07-2023 21:00,21,low,143,-1.0,False
774,T-b475e9,A-f51f16,23-04-2023,23-04-2023 15:00,15,urgent,109,-1.0,False
775,T-911d71,A-dcc3f1,20-03-2024,21-03-2024 16:00,40,urgent,3,3.0,False
776,T-861a59,A-3b37d9,23-09-2024,24-09-2024 04:00,28,medium,39,-1.0,False
777,T-ad1e6e,A-503d5a,06-11-2023,08-11-2023 10:00,58,medium,116,-1.0,False
778,T-8132dc,A-474ad4,13-09-2023,14-09-2023 09:00,33,urgent,11,-1.0,False
779,T-ad077a,A-6dee43,16-10-2023,17-10-2023 00:00,24,urgent,12,3.0,False
780,T-09f4bd,A-ce66f8,11-09-2023,12-09-2023 10:00,34,medium,75,3.0,False
781,T-cd1aee,A-1ac5e0,05-08-2023,05-08-2023 06:00,6,high,99,3.0,False
783,T-3090a7,A-f19409,09-03-2023,09-03-2023 05:00,5,medium,175,-1.0,False
784,T-e67195,A-3ce5b8,25-10-2024,27-10-2024 02:00,50,low,156,3.0,False
785,T-0c9932,A-eb2fdc,18-10-2023,18-10-2023 16:00,16,medium,50,5.0,False
786,T-b88fe0,A-34ea2f,08-11-2023,08-11-2023 07:00,7,medium,42,-1.0,False
788,T-ae7b6e,A-4e44e8,18-02-2023,18-02-2023 21:00,21,urgent,45,3.0,False
789,T-963409,A-5a92e7,01-04-2023,01-04-2023 17:00,17,urgent,127,4.0,False
790,T-7faf10,A-600734,01-09-2023,03-09-2023 04:00,52,medium,79,-1.0,False
791,T-b9f162,A-20736a,01-12-2024,03-12-2024 09:00,57,high,131,4.0,False
793,T-1a05b7,A-2446e3,08-02-2024,08-02-2024 06:00,6,urgent,111,3.0,False
794,T-202a0d,A-17939a,30-12-2023,31-12-2023 10:00,34,medium,7,-1.0,False
795,T-c44351,A-4d1e75,29-04-2024,30-04-2024 03:00,27,medium,24,4.0,False
796,T-5c1ed6,A-de58ca,08-05-2023,08-05-2023 12:00,12,low,148,3.0,False
797,T-e2e929,A-b07b56,30-04-2023,01-05-2023 04:00,28,high,43,3.0,False
798,T-99e0a1,A-378b99,01-12-2023,02-12-2023 04:00,28,low,110,-1.0,False
799,T-ffc8ec,A-43a9e3,26-06-2024,27-06-2024 11:00,35,medium,41,3.0,False
800,T-12b388,A-0354fe,07-11-2024,07-11-2024 15:00,15,medium,14,-1.0,False
801,T-3b6d69,A-ba6516,24-06-2024,26-06-2024 12:00,60,medium,90,4.0,False
802,T-dd2674,A-3932db,28-01-2024,28-01-2024 19:00,19,high,158,5.0,False
803,T-ae22ba,A-bb3bd4,14-10-2023,14-10-2023 03:00,3,low,178,4.0,False
804,T-34421f,A-02fac6,18-05-2024,18-05-2024 16:00,16,high,179,3.0,False
805,T-1018b1,A-1619f8,12-02-2024,12-02-2024 20:00,20,medium,89,-1.0,False
806,T-474619,A-139c3b,08-10-2023,08-10-2023 03:00,3,medium,88,5.0,False
807,T-f925c6,A-425e76,14-02-2023,14-02-2023 16:00,16,high,162,4.0,True
808,T-b6633c,A-02fac6,18-02-2024,19-02-2024 10:00,34,urgent,107,-1.0,False
809,T-7ddfa5,A-977ca0,30-09-2023,02-10-2023 08:00,56,high,117,-1.0,False
810,T-0a1945,A-798a3f,30-10-2024,30-10-2024 07:00,7,urgent,34,4.0,False
811,T-5dbf5b,A-7cfe77,15-03-2023,16-03-2023 14:00,38,high,154,3.0,False
812,T-ecf597,A-d42431,29-01-2023,29-01-2023 10:00,10,high,174,3.0,False
813,T-cb2104,A-fb186e,03-06-2023,03-06-2023 09:00,9,low,6,5.0,False
814,T-235e0a,A-ce66f8,17-05-2023,19-05-2023 22:00,70,medium,107,-1.0,False
815,T-9369c9,A-e351e1,18-08-2024,19-08-2024 17:00,41,urgent,51,3.0,False
816,T-86a1f6,A-bb2f49,20-01-2024,21-01-2024 11:00,35,high,162,4.0,False
817,T-1ba73b,A-e40f45,20-11-2023,20-11-2023 03:00,3,medium,75,3.0,False
818,T-c863f8,A-94f8c9,12-11-2023,14-11-2023 21:00,69,low,141,5.0,False
819,T-1ea354,A-ae052e,07-12-2023,07-12-2023 12:00,12,urgent,48,-1.0,False
820,T-611c1e,A-8e47ca,09-03-2023,09-03-2023 04:00,4,high,17,3.0,False
821,T-6047ed,A-c45b23,23-04-2024,25-04-2024 13:00,61,high,25,-1.0,False
822,T-47ef6b,A-712426,17-10-2023,17-10-2023 01:00,1,medium,43,-1.0,False
823,T-2e8d9d,A-9ee962,15-04-2023,15-04-2023 08:00,8,low,31,-1.0,False
825,T-520606,A-43a9e3,15-01-2023,15-01-2023 15:00,15,urgent,89,5.0,False
826,T-3f5174,A-a7bd4b,07-06-2024,08-06-2024 18:00,42,high,98,3.0,False
827,T-3a9f01,A-038089,10-10-2023,12-10-2023 13:00,61,urgent,32,3.0,False
828,T-91bbd1,A-427b69,06-05-2024,08-05-2024 09:00,57,urgent,120,3.0,False
829,T-72bc99,A-ff3c73,08-03-2023,08-03-2023 05:00,5,urgent,116,4.0,False
830,T-f29fb2,A-186a44,30-03-2024,01-04-2024 05:00,53,medium,103,-1.0,False
831,T-a01218,A-075038,18-03-2023,20-03-2023 02:00,50,high,104,3.0,False
832,T-463295,A-3a7284,14-02-2023,16-02-2023 13:00,61,urgent,152,3.0,False
833,T-464084,A-1f0636,27-04-2024,29-04-2024 12:00,60,high,82,4.0,False
834,T-2188d7,A-f5641b,31-05-2023,31-05-2023 04:00,4,urgent,46,3.0,False
835,T-474315,A-bb3bd4,01-03-2024,02-03-2024 17:00,41,urgent,139,4.0,False
836,T-9bb199,A-af0cd2,23-04-2024,25-04-2024 21:00,69,urgent,152,-1.0,False
837,T-bd38ae,A-5a184f,25-09-2023,25-09-2023 05:00,5,medium,38,4.0,False
838,T-6e3b72,A-3b5cd1,27-01-2023,27-01-2023 03:00,3,medium,22,-1.0,False
839,T-be97e7,A-7d514c,20-03-2024,20-03-2024 05:00,5,low,87,5.0,False
840,T-5ceae7,A-92a3af,13-06-2024,14-06-2024 07:00,31,high,10,3.0,False
841,T-b4c569,A-b48f73,06-11-2023,06-11-2023 01:00,1,high,4,5.0,False
842,T-095fc4,A-9208f0,01-03-2023,02-03-2023 16:00,40,urgent,100,-1.0,False
843,T-e6b94b,A-7cfe77,12-10-2024,13-10-2024 23:00,47,low,143,3.0,False
844,T-832df9,A-88c6ca,26-02-2023,28-02-2023 08:00,56,urgent,12,-1.0,False
845,T-0ceebb,A-72799b,06-09-2024,08-09-2024 07:00,55,high,104,5.0,False
846,T-e6ff26,A-4e960a,08-12-2024,08-12-2024 20:00,20,urgent,130,-1.0,False
847,T-69f219,A-9289f6,16-12-2024,18-12-2024 16:00,64,high,26,-1.0,False
848,T-688401,A-1e1b80,30-03-2024,31-03-2024 10:00,34,high,94,3.0,False
849,T-7620e2,A-54ecc2,28-07-2023,29-07-2023 09:00,33,high,129,-1.0,False
850,T-10020f,A-3932db,24-08-2023,25-08-2023 04:00,28,urgent,71,-1.0,False
851,T-a2eb91,A-4c56c9,12-01-2024,14-01-2024 10:00,58,medium,136,-1.0,False
852,T-57fa50,A-104f1a,25-05-2023,27-05-2023 05:00,53,high,118,5.0,False
853,T-b9b80b,A-afa505,24-06-2024,26-06-2024 09:00,57,urgent,49,3.0,True
854,T-dd1f11,A-bcbe98,16-09-2024,17-09-2024 10:00,34,medium,71,-1.0,False
855,T-c46a1b,A-86cdb4,07-11-2023,08-11-2023 07:00,31,medium,119,5.0,False
856,T-7048cb,A-adc1f3,10-03-2023,10-03-2023 01:00,1,low,41,3.0,False
857,T-65bdba,A-8ae05d,06-08-2023,07-08-2023 23:00,47,high,48,4.0,False
858,T-da9797,A-bc87bc,01-10-2024,02-10-2024 21:00,45,high,160,3.0,False
859,T-c786ff,A-c222ab,26-12-2024,27-12-2024 15:00,39,urgent,152,-1.0,False
860,T-f39a06,A-96e141,07-03-2024,09-03-2024 22:00,70,medium,58,-1.0,False
861,T-5a8cb8,A-9affe6,19-08-2024,21-08-2024 16:00,64,low,51,-1.0,False
863,T-2a19c6,A-52dd88,14-12-2023,17-12-2023 00:00,72,low,111,-1.0,False
864,T-836ae9,A-410e86,22-12-2023,24-12-2023 22:00,70,low,130,-1.0,False
865,T-895101,A-37f969,12-04-2024,12-04-2024 05:00,5,urgent,19,-1.0,False
866,T-203b1e,A-69b156,12-06-2024,14-06-2024 00:00,48,high,92,4.0,False
867,T-6da9bc,A-396e5f,10-12-2024,12-12-2024 12:00,60,high,49,4.0,True
868,T-0d73d3,A-ef84cf,11-03-2024,13-03-2024 11:00,59,low,143,-1.0,False
869,T-0f0bde,A-e888d1,24-09-2024,26-09-2024 03:00,51,medium,168,4.0,False
870,T-b14d75,A-7641d3,08-03-2023,10-03-2023 04:00,52,medium,115,5.0,True
871,T-8580fd,A-3a5ad8,09-06-2023,11-06-2023 02:00,50,urgent,149,-1.0,False
872,T-52fdaf,A-e08cd3,21-04-2023,23-04-2023 03:00,51,urgent,23,3.0,False
873,T-0648e6,A-0e966d,01-12-2024,01-12-2024 12:00,12,low,113,4.0,False
874,T-d93bf8,A-32728c,25-01-2023,26-01-2023 16:00,40,medium,51,3.0,False
875,T-718543,A-f03140,28-01-2023,30-01-2023 17:00,65,urgent,46,3.0,False
876,T-a61271,A-05d3b3,03-11-2024,05-11-2024 16:00,64,urgent,3,-1.0,False
877,T-0766ec,A-e351e1,29-12-2024,29-12-2024 05:00,5,low,100,3.0,False
878,T-738fd8,A-7920cc,15-03-2024,15-03-2024 05:00,5,low,94,3.0,False
880,T-946568,A-e40f45,02-01-2023,03-01-2023 03:00,27,medium,24,-1.0,False
881,T-1d4ad7,A-0be015,04-01-2024,06-01-2024 20:00,68,urgent,44,4.0,False
882,T-69bbea,A-02fac6,03-03-2023,03-03-2023 16:00,16,medium,43,-1.0,False
883,T-b0f248,A-0be015,26-11-2024,27-11-2024 22:00,46,high,122,-1.0,False
884,T-676fdf,A-7920cc,04-10-2024,05-10-2024 02:00,26,medium,122,-1.0,False
885,T-80fc65,A-d82ef9,08-10-2024,10-10-2024 13:00,61,low,116,-1.0,True
886,T-7e129c,A-df10db,04-12-2023,06-12-2023 20:00,68,medium,46,3.0,True
887,T-a0545c,A-484819,26-04-2024,26-04-2024 06:00,6,medium,152,-1.0,False
888,T-2c4195,A-ffc04f,08-01-2024,08-01-2024 08:00,8,low,175,5.0,False
889,T-9fcefd,A-659280,17-04-2023,17-04-2023 02:00,2,low,91,4.0,False
890,T-c752b7,A-e36807,20-09-2024,20-09-2024 13:00,13,high,145,5.0,False
891,T-7c0dc3,A-b20d99,08-08-2023,10-08-2023 12:00,60,medium,32,4.0,False
892,T-5cf4eb,A-ce550d,15-06-2024,15-06-2024 18:00,18,high,169,4.0,False
893,T-b4957a,A-8ae3fc,06-03-2024,06-03-2024 02:00,2,urgent,73,-1.0,False
894,T-4a1a56,A-4e631b,04-09-2023,05-09-2023 05:00,29,urgent,86,-1.0,False
895,T-07694c,A-9779ad,14-06-2023,14-06-2023 09:00,9,high,96,-1.0,False
896,T-113483,A-1e50e0,29-10-2024,29-10-2024 22:00,22,urgent,116,-1.0,False
897,T-fc3f98,A-6f8ad2,12-07-2023,14-07-2023 02:00,50,urgent,17,4.0,False
898,T-466cea,A-ced9aa,23-11-2023,23-11-2023 10:00,10,medium,70,-1.0,False
899,T-8caacd,A-eb7c38,16-08-2023,16-08-2023 05:00,5,urgent,56,-1.0,False
900,T-87f0f2,A-425e76,18-02-2024,20-02-2024 22:00,70,medium,164,3.0,False
901,T-5df8d7,A-a6d261,05-12-2024,07-12-2024 01:00,49,medium,3,4.0,False
902,T-7098db,A-117171,12-12-2024,14-12-2024 01:00,49,low,95,4.0,False
903,T-39076a,A-b7724f,22-01-2024,23-01-2024 04:00,28,urgent,15,3.0,False
904,T-ddcfa7,A-40906c,26-05-2024,26-05-2024 06:00,6,medium,84,3.0,False
905,T-4f2be5,A-3ce5b8,07-04-2023,08-04-2023 21:00,45,medium,137,5.0,False
906,T-91aaf3,A-e1462e,18-04-2023,20-04-2023 19:00,67,high,122,4.0,False
908,T-3c3935,A-c1e51e,29-01-2023,30-01-2023 02:00,26,urgent,15,3.0,False
910,T-153c4f,A-297a2d,14-05-2024,16-05-2024 07:00,55,high,9,-1.0,False
911,T-2b9ac2,A-cbbe12,30-06-2023,02-07-2023 20:00,68,low,163,5.0,False
912,T-59dfb0,A-82861f,18-12-2024,20-12-2024 11:00,59,medium,24,3.0,False
913,T-ef9608,A-2bc93d,28-05-2023,28-05-2023 17:00,17,urgent,112,4.0,False
914,T-77dffb,A-ee42db,18-12-2023,18-12-2023 11:00,11,medium,80,3.0,False
915,T-77064e,A-cab532,28-03-2024,29-03-2024 08:00,32,low,175,4.0,False
916,T-762eff,A-0f6450,24-04-2023,25-04-2023 04:00,28,low,46,3.0,False
917,T-584792,A-d82ef9,15-10-2023,17-10-2023 03:00,51,low,121,4.0,False
918,T-a67c6a,A-40de06,18-02-2024,20-02-2024 07:00,55,urgent,24,-1.0,False
919,T-0ebaee,A-659280,05-03-2024,05-03-2024 02:00,2,medium,178,-1.0,False
920,T-d035ff,A-86902e,13-03-2024,15-03-2024 06:00,54,urgent,22,-1.0,False
921,T-9e0fbe,A-42b791,12-12-2023,13-12-2023 14:00,38,urgent,34,3.0,False
922,T-48a7e1,A-0baac2,30-06-2024,01-07-2024 20:00,44,low,79,-1.0,False
923,T-7dfcbc,A-ac9111,21-06-2023,21-06-2023 20:00,20,urgent,94,5.0,False
924,T-011d44,A-dfbd31,29-03-2024,29-03-2024 13:00,13,low,159,4.0,False
925,T-371908,A-d49cc5,13-04-2024,13-04-2024 07:00,7,low,53,-1.0,False
926,T-bc73ad,A-fd7ad3,08-10-2024,09-10-2024 21:00,45,low,103,5.0,False
927,T-2d7007,A-bd4708,13-12-2024,15-12-2024 03:00,51,high,176,-1.0,False
928,T-1e7cbe,A-bb3bd4,10-07-2023,11-07-2023 01:00,25,high,158,-1.0,False
929,T-eaf4bf,A-f446b6,26-07-2023,27-07-2023 23:00,47,urgent,114,5.0,False
930,T-885cc0,A-798a3f,11-05-2024,11-05-2024 10:00,10,high,33,5.0,False
931,T-4e6353,A-ffc04f,13-05-2024,14-05-2024 05:00,29,low,123,-1.0,False
932,T-73bcc4,A-d27f50,01-05-2024,02-05-2024 11:00,35,medium,108,5.0,False
933,T-882ab9,A-65c341,23-07-2023,24-07-2023 10:00,34,high,90,-1.0,False
934,T-88c429,A-700ade,03-11-2024,04-11-2024 02:00,26,urgent,22,-1.0,False
935,T-70430b,A-856b1e,25-03-2023,26-03-2023 01:00,25,low,8,-1.0,False
936,T-36a591,A-18793f,09-12-2023,10-12-2023 21:00,45,low,99,3.0,False
937,T-016d69,A-f97b9a,18-03-2023,19-03-2023 19:00,43,high,85,-1.0,False
938,T-2a5b67,A-118d55,24-07-2023,25-07-2023 13:00,37,medium,47,5.0,False
939,T-7976e4,A-50f3f7,17-06-2023,19-06-2023 22:00,70,medium,31,5.0,False
940,T-d1973c,A-0532a9,11-03-2023,13-03-2023 07:00,55,low,88,-1.0,False
941,T-9dc012,A-fda07f,24-09-2023,24-09-2023 12:00,12,high,2,-1.0,False
942,T-d2dda8,A-81edc3,01-07-2023,02-07-2023 05:00,29,high,75,3.0,False
943,T-c01944,A-c37cab,28-03-2024,29-03-2024 18:00,42,medium,146,3.0,False
945,T-46f3a5,A-7c4956,22-12-2024,22-12-2024 11:00,11,low,64,-1.0,False
946,T-575b7e,A-e351e1,05-10-2023,05-10-2023 20:00,20,low,9,5.0,False
947,T-2e8ffa,A-56962b,15-08-2023,15-08-2023 05:00,5,medium,153,-1.0,False
948,T-e65eaf,A-5b1bcd,06-09-2024,07-09-2024 19:00,43,urgent,14,-1.0,False
949,T-d23384,A-600734,03-09-2023,05-09-2023 21:00,69,high,74,4.0,False
950,T-c512cd,A-86cdb4,07-11-2024,07-11-2024 05:00,5,high,81,3.0,False
951,T-13a6c8,A-b44e3e,27-12-2023,27-12-2023 10:00,10,urgent,119,4.0,False
952,T-c53a87,A-10b8da,19-02-2023,20-02-2023 13:00,37,high,105,-1.0,False
953,T-accc3f,A-53f4e3,20-01-2024,21-01-2024 12:00,36,urgent,55,4.0,False
954,T-4d9add,A-6965e1,12-08-2023,12-08-2023 18:00,18,high,155,3.0,False
955,T-391128,A-0dbdc6,11-09-2023,13-09-2023 22:00,70,medium,92,-1.0,False
956,T-02ebc4,A-0354fe,20-01-2023,20-01-2023 02:00,2,low,78,5.0,False
957,T-95e4c4,A-484819,24-02-2024,26-02-2024 12:00,60,low,176,4.0,False
958,T-2859a9,A-c1e51e,29-10-2024,31-10-2024 16:00,64,urgent,59,3.0,False
959,T-80caf3,A-7641d3,21-02-2023,23-02-2023 07:00,55,urgent,123,-1.0,False
960,T-fc38c0,A-a1b80b,21-01-2023,22-01-2023 12:00,36,low,107,3.0,False
961,T-d1454f,A-68f37c,12-09-2024,12-09-2024 17:00,17,medium,42,4.0,False
962,T-f79198,A-0f7d77,30-11-2023,01-12-2023 01:00,25,medium,17,-1.0,False
963,T-2f8785,A-cdf020,26-12-2023,26-12-2023 02:00,2,low,121,5.0,False
964,T-c961eb,A-f9cc74,09-12-2024,11-12-2024 02:00,50,medium,26,3.0,False
965,T-5d144c,A-462d45,18-09-2023,19-09-2023 00:00,24,urgent,43,-1.0,False
966,T-bb236d,A-cd458b,25-06-2024,26-06-2024 21:00,45,urgent,61,5.0,False
967,T-4616b9,A-17939a,06-02-2024,08-02-2024 18:00,66,high,105,5.0,False
968,T-149155,A-5b4ebb,02-01-2024,02-01-2024 11:00,11,medium,17,-1.0,False
969,T-2ef7b5,A-a1bbb6,27-10-2023,27-10-2023 01:00,1,high,168,-1.0,False
970,T-b8a88e,A-94c3cd,20-03-2023,22-03-2023 07:00,55,medium,175,4.0,False
971,T-e0928c,A-cbbe12,04-09-2023,04-09-2023 19:00,19,urgent,26,4.0,False
972,T-86e8cc,A-ced9aa,20-07-2023,20-07-2023 17:00,17,low,147,-1.0,False
973,T-1070ee,A-bb1eaa,04-10-2023,06-10-2023 03:00,51,urgent,178,-1.0,False
974,T-c5474d,A-00cac8,06-06-2023,08-06-2023 17:00,65,urgent,149,-1.0,False
975,T-3c2ede,A-a1bbb6,24-08-2023,24-08-2023 16:00,16,high,147,4.0,False
976,T-e18407,A-3b5cd1,21-12-2024,23-12-2024 12:00,60,urgent,92,-1.0,False
977,T-804db5,A-9f0b68,09-12-2024,11-12-2024 02:00,50,high,122,-1.0,False
978,T-ebcbc7,A-7e0a10,02-09-2023,02-09-2023 11:00,11,urgent,41,3.0,False
979,T-b95195,A-cdf020,11-07-2023,13-07-2023 21:00,69,medium,28,-1.0,False
980,T-326fb6,A-1f559b,28-06-2023,29-06-2023 08:00,32,high,142,4.0,False
981,T-4013e1,A-5b4ebb,19-02-2023,21-02-2023 22:00,70,low,18,5.0,False
982,T-99dba7,A-dcc3f1,01-05-2024,02-05-2024 20:00,44,low,126,4.0,False
983,T-cbc3ab,A-1f7acb,20-01-2023,22-01-2023 17:00,65,high,155,5.0,False
984,T-2354bb,A-d26ab4,30-08-2023,31-08-2023 23:00,47,medium,72,-1.0,False
985,T-4e07bf,A-600734,29-10-2023,29-10-2023 14:00,14,urgent,123,3.0,False
986,T-c39af4,A-149a69,19-10-2024,21-10-2024 17:00,65,low,59,-1.0,False
987,T-4ebe83,A-6e7827,25-09-2024,26-09-2024 11:00,35,low,86,3.0,False
988,T-00f542,A-158f4e,18-04-2024,19-04-2024 00:00,24,medium,83,5.0,False
989,T-75271b,A-751bd4,22-10-2023,22-10-2023 19:00,19,medium,101,-1.0,False
990,T-dfd61e,A-b2af2e,09-01-2024,11-01-2024 17:00,65,low,91,4.0,False
991,T-a56288,A-4a267b,22-06-2023,22-06-2023 05:00,5,high,25,5.0,False
992,T-f45502,A-781cc0,17-08-2024,19-08-2024 16:00,64,high,120,5.0,False
993,T-3bc756,A-a0ca4e,24-04-2023,24-04-2023 10:00,10,low,129,4.0,True
994,T-eb6b8e,A-02cd81,10-07-2024,10-07-2024 09:00,9,high,99,4.0,True
995,T-d8ba4b,A-ffc04f,12-11-2023,12-11-2023 01:00,1,medium,17,5.0,False
996,T-01c405,A-c16b88,15-03-2023,16-03-2023 12:00,36,medium,121,-1.0,False
997,T-e6d7c6,A-c58f49,13-08-2024,13-08-2024 13:00,13,medium,95,5.0,False
998,T-0f7d84,A-a6d261,27-10-2024,29-10-2024 00:00,48,medium,81,-1.0,False
999,T-ca8cb0,A-2b9d3e,12-03-2024,13-03-2024 04:00,28,low,127,5.0,False
1000,T-5d7ef5,A-9ee962,11-02-2024,13-02-2024 16:00,64,high,23,4.0,False
1001,T-b1720e,A-bb1486,27-08-2023,27-08-2023 13:00,13,high,118,-1.0,False
1002,T-78fcb1,A-39868b,02-01-2024,02-01-2024 18:00,18,urgent,16,5.0,False
1003,T-3b9fea,A-f97b9a,16-09-2023,16-09-2023 05:00,5,low,58,-1.0,False
1004,T-5df3d2,A-c42f1f,05-04-2024,06-04-2024 13:00,37,high,97,-1.0,False
1005,T-8206d0,A-9bfc9f,23-09-2024,24-09-2024 23:00,47,urgent,21,-1.0,False
1006,T-fa1316,A-712426,18-05-2024,20-05-2024 12:00,60,low,169,4.0,False
1007,T-ac52cc,A-87aa7b,19-03-2024,19-03-2024 01:00,1,medium,64,-1.0,False
1008,T-e8ac58,A-1ac5e0,10-01-2023,11-01-2023 21:00,45,medium,21,5.0,False
1009,T-cddf95,A-bcf87c,09-01-2024,11-01-2024 22:00,70,medium,40,3.0,False
1010,T-f0aca7,A-1b9609,22-04-2024,24-04-2024 14:00,62,urgent,74,3.0,False
1011,T-c6ee94,A-f446b6,25-11-2024,25-11-2024 18:00,18,high,127,-1.0,True
1012,T-9e6b9a,A-39868b,10-06-2023,12-06-2023 02:00,50,high,144,-1.0,False
1013,T-b04488,A-d40bf7,03-11-2024,03-11-2024 14:00,14,urgent,80,5.0,False
1014,T-2b0275,A-22f2df,14-06-2024,16-06-2024 09:00,57,high,49,-1.0,False
1015,T-49f7fa,A-68f37c,20-04-2024,20-04-2024 18:00,18,high,139,-1.0,False
1016,T-6676f9,A-3d957b,05-03-2024,07-03-2024 05:00,53,high,40,3.0,False
1017,T-820846,A-180abf,30-07-2024,30-07-2024 10:00,10,medium,44,-1.0,False
1018,T-d66f0f,A-8b25f2,03-12-2023,05-12-2023 04:00,52,medium,15,5.0,False
1019,T-4486bf,A-1619f8,11-11-2024,12-11-2024 23:00,47,urgent,152,-1.0,False
1020,T-b51da1,A-354f12,03-08-2023,05-08-2023 18:00,66,low,104,-1.0,False
1021,T-e34acc,A-9bfc9f,24-08-2023,25-08-2023 03:00,27,low,30,3.0,False
1022,T-8d5902,A-e61e98,01-07-2023,02-07-2023 15:00,39,medium,58,5.0,False
1023,T-7d878f,A-54d94a,19-07-2024,21-07-2024 19:00,67,medium,18,3.0,False
1024,T-508c6e,A-151c9a,01-06-2024,01-06-2024 23:00,23,medium,176,3.0,False
1025,T-233db8,A-a0ca4e,03-10-2023,04-10-2023 10:00,34,low,133,3.0,False
1026,T-e112be,A-34ea2f,03-11-2023,04-11-2023 16:00,40,urgent,74,4.0,False
1027,T-d6e90f,A-e4bf56,22-03-2024,24-03-2024 21:00,69,urgent,142,3.0,False
1028,T-f97a8b,A-0e966d,11-09-2024,11-09-2024 22:00,22,medium,100,5.0,True
1029,T-ed09ab,A-94d3da,27-12-2024,28-12-2024 01:00,25,high,130,-1.0,False
1030,T-2537ea,A-5a3eb9,15-04-2023,16-04-2023 16:00,40,high,71,-1.0,False
1031,T-17884a,A-104f1a,07-08-2023,08-08-2023 10:00,34,medium,38,3.0,False
1032,T-2d3ea5,A-e4bf56,27-08-2024,28-08-2024 02:00,26,urgent,124,-1.0,False
1033,T-4d29dc,A-5a92e7,04-01-2023,05-01-2023 01:00,25,urgent,147,-1.0,False
1034,T-273811,A-029f69,23-06-2023,25-06-2023 01:00,49,low,85,-1.0,False
1035,T-ce9e96,A-7a0d69,25-04-2024,25-04-2024 22:00,22,high,22,5.0,False
1036,T-d3a975,A-3ce5b8,08-10-2023,09-10-2023 10:00,34,urgent,169,3.0,False
1037,T-2e98ad,A-854864,14-09-2023,16-09-2023 06:00,54,medium,90,5.0,False
1038,T-d6da92,A-2d1036,30-11-2024,30-11-2024 07:00,7,urgent,83,5.0,False
1039,T-7b5fdd,A-5a184f,28-06-2023,28-06-2023 04:00,4,low,56,5.0,False
1040,T-629f53,A-37f969,29-12-2023,29-12-2023 19:00,19,low,176,-1.0,True
1042,T-2b2a49,A-39b19f,04-06-2024,05-06-2024 04:00,28,medium,174,-1.0,False
1043,T-e6e80e,A-ffc04f,23-06-2023,23-06-2023 21:00,21,urgent,21,-1.0,False
1044,T-df5e8e,A-b48f73,22-06-2023,23-06-2023 15:00,39,high,40,3.0,False
1045,T-bf2cc6,A-e2cd1b,12-05-2023,13-05-2023 08:00,32,high,162,3.0,False
1046,T-b43b6a,A-4ae22a,09-08-2024,09-08-2024 09:00,9,urgent,10,-1.0,False
1047,T-d553b7,A-39b19f,06-08-2023,07-08-2023 01:00,25,low,5,4.0,False
1048,T-0313d4,A-ad64c6,04-11-2024,06-11-2024 04:00,52,medium,173,-1.0,False
1049,T-8d4cd3,A-f25509,13-07-2023,15-07-2023 20:00,68,high,169,-1.0,False
1050,T-67350b,A-8adedc,19-08-2024,19-08-2024 18:00,18,low,19,-1.0,False
1051,T-81c410,A-3f9cc0,07-12-2023,09-12-2023 08:00,56,urgent,138,-1.0,False
1052,T-e6e1ba,A-d922bf,28-05-2023,29-05-2023 17:00,41,medium,146,-1.0,True
1053,T-91edfc,A-92a3af,30-03-2024,01-04-2024 09:00,57,medium,68,-1.0,True
1054,T-51cf8c,A-fe79a5,25-05-2023,25-05-2023 07:00,7,medium,123,5.0,False
1055,T-ea95ef,A-751c58,07-02-2023,08-02-2023 08:00,32,medium,147,4.0,False
1056,T-10ac61,A-2d4502,02-05-2024,02-05-2024 02:00,2,urgent,171,5.0,False
1057,T-902d96,A-76fa4d,27-12-2024,29-12-2024 11:00,59,high,147,4.0,False
1058,T-317894,A-0651a4,20-04-2024,20-04-2024 01:00,1,high,135,3.0,False
1059,T-4e9902,A-42b791,22-06-2023,22-06-2023 13:00,13,high,162,5.0,False
1060,T-2d6f9d,A-fabe19,23-05-2023,24-05-2023 08:00,32,urgent,63,-1.0,False
1061,T-21a62a,A-bc4d48,20-09-2024,20-09-2024 09:00,9,medium,104,5.0,False
1062,T-435417,A-02cd81,02-02-2024,02-02-2024 06:00,6,urgent,44,5.0,False
1063,T-f0ad1e,A-940b8b,14-07-2023,14-07-2023 15:00,15,low,164,5.0,False
1064,T-9a49dd,A-3ce5b8,08-05-2023,09-05-2023 18:00,42,high,65,4.0,False
1065,T-20d400,A-c9bb3e,14-10-2023,15-10-2023 11:00,35,high,169,-1.0,False
1066,T-437e48,A-9174e0,30-10-2024,31-10-2024 01:00,25,urgent,161,5.0,False
1067,T-1948cd,A-bc87bc,10-11-2023,12-11-2023 03:00,51,medium,28,-1.0,False
1068,T-b9ca29,A-e98302,28-08-2024,30-08-2024 16:00,64,low,37,4.0,False
1069,T-f9f1f5,A-e19ff6,21-04-2023,23-04-2023 03:00,51,high,109,4.0,False
1070,T-437b2d,A-95b24a,06-11-2023,07-11-2023 09:00,33,high,12,3.0,False
1071,T-12a7d7,A-80eeb6,02-08-2023,02-08-2023 02:00,2,low,59,3.0,False
1072,T-99ec8e,A-f9cc74,14-11-2024,16-11-2024 15:00,63,low,129,3.0,False
1073,T-cb95ef,A-c4ea60,16-02-2023,18-02-2023 10:00,58,low,74,3.0,False
1074,T-27d929,A-10b8f2,10-11-2023,12-11-2023 11:00,59,urgent,26,5.0,False
1075,T-6faf48,A-7c83a1,21-04-2024,21-04-2024 03:00,3,high,82,5.0,False
1076,T-7b5e96,A-b9eed8,29-09-2024,29-09-2024 23:00,23,high,162,4.0,False
1077,T-cc3d2a,A-b11cd0,31-01-2024,31-01-2024 07:00,7,medium,104,-1.0,False
1078,T-99abf9,A-2edab2,31-07-2023,31-07-2023 01:00,1,high,135,3.0,False
1079,T-9eecab,A-f3ff05,17-07-2023,18-07-2023 03:00,27,high,122,-1.0,False
1080,T-276a05,A-c37cab,17-10-2023,19-10-2023 14:00,62,high,144,3.0,True
1081,T-1e080e,A-712426,04-08-2024,04-08-2024 15:00,15,urgent,66,5.0,False
1082,T-da9234,A-7da956,20-04-2024,21-04-2024 11:00,35,medium,112,5.0,False
1083,T-a6cf94,A-1b707d,18-10-2024,19-10-2024 08:00,32,medium,160,-1.0,False
1084,T-78ed7c,A-b07346,13-08-2024,15-08-2024 22:00,70,high,31,4.0,False
1085,T-82f258,A-ff3c73,19-03-2023,21-03-2023 18:00,66,medium,79,3.0,False
1086,T-256979,A-038089,02-04-2023,02-04-2023 09:00,9,low,96,-1.0,False
1087,T-8e9bd1,A-1f7acb,27-06-2024,29-06-2024 22:00,70,medium,131,5.0,False
1088,T-544625,A-a8b49c,23-09-2023,26-09-2023 00:00,72,low,105,4.0,False
1089,T-298948,A-fdfc91,06-02-2024,08-02-2024 05:00,53,urgent,105,4.0,False
1090,T-21611f,A-82861f,27-01-2023,28-01-2023 05:00,29,low,19,3.0,False
1091,T-24643b,A-d922bf,21-02-2024,21-02-2024 02:00,2,low,130,3.0,False
1092,T-2708ab,A-96e141,07-11-2023,07-11-2023 08:00,8,medium,42,4.0,False
1093,T-5e7096,A-44dc83,18-10-2023,19-10-2023 23:00,47,low,35,-1.0,False
1094,T-7ba83f,A-ffc04f,01-02-2023,02-02-2023 23:00,47,high,47,4.0,False
1095,T-e14078,A-e2cd1b,27-04-2023,27-04-2023 02:00,2,urgent,16,-1.0,False
1096,T-f2e96f,A-96e141,24-04-2023,24-04-2023 17:00,17,urgent,130,-1.0,False
1097,T-519a0a,A-f5641b,09-08-2024,11-08-2024 14:00,62,medium,132,-1.0,False
1098,T-dca519,A-ce66f8,14-09-2024,14-09-2024 07:00,7,urgent,47,-1.0,False
1099,T-b9e44a,A-1ac5e0,10-06-2023,12-06-2023 14:00,62,medium,13,-1.0,False
1100,T-17e8e9,A-7c6b6b,03-09-2023,04-09-2023 09:00,33,high,63,5.0,False
1101,T-82ae01,A-49b828,03-06-2023,03-06-2023 06:00,6,medium,150,4.0,False
1102,T-e51e43,A-4e960a,30-04-2023,30-04-2023 13:00,13,low,41,5.0,False
1103,T-45e6da,A-1e6fc3,08-03-2024,09-03-2024 09:00,33,low,120,3.0,False
1104,T-b5aa6f,A-7c83a1,14-02-2023,15-02-2023 20:00,44,low,85,4.0,False
1106,T-6e76a6,A-625d0b,17-09-2023,18-09-2023 13:00,37,urgent,141,-1.0,False
1107,T-09dd85,A-fd7ad3,06-02-2023,06-02-2023 14:00,14,low,12,3.0,False
1108,T-1cd0a4,A-35083d,25-06-2024,27-06-2024 06:00,54,low,61,5.0,False
1109,T-d5ea25,A-9289f6,14-10-2024,16-10-2024 11:00,59,low,56,5.0,False
1110,T-a4d85c,A-0f6450,03-04-2023,05-04-2023 08:00,56,medium,37,3.0,False
1111,T-db00f6,A-c1e51e,13-08-2024,14-08-2024 08:00,32,urgent,101,3.0,False
1112,T-6c817f,A-6da850,01-08-2023,03-08-2023 23:00,71,urgent,69,-1.0,False
1113,T-1bcdb6,A-cbd1a3,28-06-2024,28-06-2024 03:00,3,medium,12,4.0,False
1114,T-c475b2,A-712533,29-10-2024,29-10-2024 23:00,23,high,76,4.0,False
1115,T-a3df20,A-39ddf4,09-03-2024,11-03-2024 20:00,68,high,118,-1.0,False
1116,T-7214d0,A-443f6f,06-09-2024,06-09-2024 13:00,13,urgent,42,5.0,False
1117,T-4cc9eb,A-bc87bc,29-12-2024,31-12-2024 19:00,67,low,46,5.0,False
1118,T-c1ca2b,A-7920cc,18-06-2023,19-06-2023 09:00,33,low,150,5.0,False
1119,T-9f48ae,A-22d9d2,22-01-2024,22-01-2024 19:00,19,medium,87,5.0,False
1120,T-63aaba,A-241e75,07-09-2023,08-09-2023 16:00,40,medium,21,-1.0,False
1121,T-bb3cde,A-bbc346,09-06-2023,11-06-2023 02:00,50,urgent,128,4.0,False
1122,T-4336b6,A-ed510f,22-06-2024,24-06-2024 09:00,57,low,19,-1.0,False
1123,T-c30ac0,A-2f6a32,06-05-2024,08-05-2024 09:00,57,medium,5,4.0,False
1124,T-a80aac,A-443b7c,18-06-2023,19-06-2023 11:00,35,medium,12,-1.0,False
1125,T-37c256,A-856b1e,11-01-2024,13-01-2024 17:00,65,low,133,-1.0,False
1126,T-334013,A-3be56b,17-07-2023,19-07-2023 17:00,65,medium,96,4.0,False
1127,T-970159,A-e888d1,09-02-2024,10-02-2024 22:00,46,urgent,95,-1.0,True
1128,T-ded4a8,A-0a282f,03-05-2024,05-05-2024 00:00,48,urgent,35,5.0,False
1129,T-9f7253,A-883b7d,23-06-2023,23-06-2023 17:00,17,urgent,144,4.0,False
1130,T-0a9b1f,A-9208f0,27-01-2023,27-01-2023 19:00,19,medium,166,-1.0,True
1131,T-fa88e4,A-95b24a,14-03-2024,14-03-2024 08:00,8,high,122,5.0,False
1132,T-665175,A-883b7d,01-12-2024,01-12-2024 21:00,21,urgent,13,3.0,False
1133,T-2ca24a,A-42e5e1,22-05-2024,22-05-2024 18:00,18,high,51,4.0,False
1134,T-7bc25b,A-337bc1,10-08-2023,10-08-2023 21:00,21,medium,7,4.0,False
1135,T-df171c,A-09540c,24-02-2024,25-02-2024 05:00,29,high,72,4.0,False
1136,T-ed6cdf,A-977ca0,02-06-2023,05-06-2023 00:00,72,medium,100,-1.0,False
1137,T-07f485,A-55f257,03-06-2024,05-06-2024 05:00,53,urgent,150,5.0,False
1138,T-09825e,A-dbc825,30-09-2024,30-09-2024 22:00,22,urgent,34,-1.0,False
1139,T-bc2607,A-39b19f,06-08-2024,08-08-2024 17:00,65,high,155,5.0,False
1140,T-df9fc9,A-43a9e3,24-03-2023,26-03-2023 16:00,64,urgent,90,4.0,False
1141,T-f9ca4b,A-8ed5dd,03-06-2023,03-06-2023 21:00,21,low,180,5.0,False
1142,T-8d4c7f,A-f446b6,31-10-2023,02-11-2023 07:00,55,urgent,68,-1.0,False
1143,T-a9fa22,A-9a532a,04-05-2023,06-05-2023 22:00,70,low,81,-1.0,False
1144,T-216c7c,A-fa3095,27-06-2024,28-06-2024 02:00,26,low,71,5.0,False
1145,T-650a6d,A-fe79a5,10-04-2023,12-04-2023 18:00,66,high,26,5.0,False
1146,T-b01917,A-625d0b,24-12-2023,26-12-2023 16:00,64,high,135,-1.0,False
1147,T-b154de,A-600734,16-04-2023,18-04-2023 23:00,71,urgent,57,-1.0,True
1148,T-8ece2f,A-9123ac,09-09-2024,09-09-2024 03:00,3,urgent,102,5.0,False
1149,T-e12097,A-86fc1d,03-08-2024,04-08-2024 02:00,26,urgent,29,5.0,False
1150,T-9e1726,A-5fe118,25-07-2023,25-07-2023 19:00,19,urgent,26,4.0,False
1151,T-e45d87,A-296d7c,08-07-2024,09-07-2024 04:00,28,low,139,5.0,False
1152,T-4da38c,A-42e5e1,05-06-2023,06-06-2023 18:00,42,low,69,4.0,False
1153,T-4fd4ae,A-e7beab,19-10-2023,21-10-2023 06:00,54,low,110,-1.0,False
1154,T-10a089,A-9c18c4,22-04-2024,24-04-2024 08:00,56,high,165,-1.0,False
1155,T-73db23,A-89ee83,26-01-2023,27-01-2023 05:00,29,urgent,146,-1.0,False
1156,T-ebb149,A-0baac2,14-09-2024,15-09-2024 16:00,40,high,154,5.0,False
1157,T-6b1dfe,A-832ec2,14-04-2024,14-04-2024 04:00,4,high,87,4.0,True
1158,T-418d3f,A-e98302,29-06-2023,29-06-2023 16:00,16,medium,84,4.0,False
1159,T-22724b,A-94c3cd,17-08-2024,19-08-2024 13:00,61,high,145,3.0,False
1160,T-57b938,A-dfbd31,22-07-2023,24-07-2023 17:00,65,high,145,-1.0,False
1161,T-9ce175,A-82d8a6,05-03-2024,05-03-2024 11:00,11,medium,164,-1.0,False
1162,T-1173d2,A-7641d3,14-12-2024,15-12-2024 20:00,44,high,88,3.0,False
1163,T-fbc3c3,A-65a46c,17-03-2023,18-03-2023 15:00,39,urgent,51,-1.0,False
1164,T-383e2b,A-86fc1d,24-12-2024,24-12-2024 17:00,17,urgent,140,-1.0,False
1165,T-8cb85f,A-d82ef9,07-05-2023,07-05-2023 10:00,10,urgent,34,4.0,False
1166,T-2b566c,A-cbd1a3,08-09-2024,10-09-2024 22:00,70,medium,167,-1.0,False
1167,T-f93d8a,A-e83938,23-12-2023,23-12-2023 08:00,8,medium,41,-1.0,False
1168,T-1374f5,A-6f50ae,18-10-2024,19-10-2024 02:00,26,medium,59,4.0,False
1169,T-4adbf1,A-149a69,22-03-2023,24-03-2023 05:00,53,urgent,169,-1.0,False
1170,T-67bfa4,A-eb7fac,23-04-2024,24-04-2024 13:00,37,urgent,75,4.0,False
1171,T-9f2d91,A-2e3bad,20-09-2024,20-09-2024 18:00,18,low,110,-1.0,False
1172,T-320686,A-7c5768,10-03-2023,10-03-2023 08:00,8,high,170,5.0,False
1173,T-a838f4,A-e36807,22-05-2024,24-05-2024 21:00,69,medium,159,4.0,False
1174,T-d9f5fb,A-ab438f,28-06-2024,30-06-2024 15:00,63,urgent,86,4.0,False
1175,T-4dc68c,A-1f0ac7,12-04-2024,12-04-2024 14:00,14,low,174,-1.0,False
1176,T-5ef304,A-faa28c,18-01-2024,19-01-2024 20:00,44,low,139,4.0,False
1177,T-cfec7f,A-089363,22-08-2023,22-08-2023 21:00,21,medium,75,4.0,False
1178,T-9b3a8d,A-f1f639,21-04-2024,21-04-2024 21:00,21,urgent,90,4.0,False
1180,T-a9e396,A-8adedc,28-03-2023,30-03-2023 06:00,54,low,124,-1.0,False
1181,T-9df65f,A-c42f1f,29-06-2024,30-06-2024 12:00,36,urgent,8,-1.0,False
1183,T-ff4462,A-702032,23-07-2024,23-07-2024 03:00,3,high,140,-1.0,False
1184,T-e8df78,A-e83938,01-12-2024,01-12-2024 03:00,3,low,52,3.0,False
1185,T-082788,A-00bed1,14-12-2023,14-12-2023 06:00,6,urgent,174,-1.0,False
1186,T-41c4aa,A-f45426,31-10-2023,31-10-2023 11:00,11,low,144,-1.0,False
1187,T-559617,A-69b156,15-07-2023,15-07-2023 20:00,20,high,30,-1.0,False
1188,T-91b90d,A-e08cd3,26-12-2024,26-12-2024 17:00,17,high,109,4.0,False
1189,T-9f53ca,A-1b9609,23-01-2024,24-01-2024 05:00,29,high,157,-1.0,False
1191,T-b1c40d,A-139c3b,05-04-2023,05-04-2023 13:00,13,low,37,4.0,False
1192,T-b68fa5,A-e08cd3,13-10-2023,13-10-2023 11:00,11,medium,101,-1.0,False
1193,T-13b65c,A-e43bf7,24-04-2024,24-04-2024 18:00,18,urgent,135,5.0,True
1194,T-2c42d0,A-e693b6,06-07-2023,06-07-2023 01:00,1,urgent,144,3.0,False
1195,T-583d4d,A-df1e44,12-05-2023,13-05-2023 14:00,38,medium,91,5.0,False
1196,T-19c13c,A-fdfc91,27-04-2023,27-04-2023 13:00,13,urgent,177,-1.0,False
1197,T-671909,A-310452,05-05-2023,07-05-2023 10:00,58,medium,60,5.0,False
1198,T-cdecbd,A-9c18c4,08-12-2024,08-12-2024 12:00,12,low,133,3.0,False
1199,T-8934e8,A-92a3af,22-04-2024,24-04-2024 23:00,71,medium,49,-1.0,False
1200,T-9d9a08,A-66224b,22-03-2024,24-03-2024 18:00,66,urgent,105,3.0,False
1201,T-27d2a6,A-fda07f,21-04-2024,22-04-2024 07:00,31,low,102,-1.0,False
1202,T-f5bee9,A-c16cf7,18-07-2023,20-07-2023 03:00,51,low,124,3.0,False
1203,T-4f404a,A-bb1486,07-03-2024,07-03-2024 02:00,2,high,115,-1.0,False
1204,T-454d17,A-b3fe05,01-09-2023,01-09-2023 17:00,17,urgent,90,3.0,False
1205,T-61208e,A-2789e3,09-10-2024,11-10-2024 19:00,67,medium,3,4.0,False
1206,T-3e18cf,A-35083d,27-09-2024,29-09-2024 12:00,60,high,152,-1.0,False
1207,T-ead922,A-86902e,03-06-2024,03-06-2024 06:00,6,urgent,16,5.0,False
1208,T-da4f37,A-69b156,01-09-2024,01-09-2024 09:00,9,low,161,4.0,False
1209,T-0e6a8b,A-b44e3e,23-06-2024,25-06-2024 23:00,71,medium,66,4.0,False
1210,T-a1bceb,A-3a7284,24-09-2023,25-09-2023 17:00,41,high,105,-1.0,False
1211,T-57367e,A-b3fe05,06-12-2024,08-12-2024 15:00,63,high,39,-1.0,False
1212,T-0aeed3,A-e5d6ab,27-06-2024,28-06-2024 00:00,24,low,151,-1.0,False
1213,T-60c7c9,A-02fac6,17-10-2023,18-10-2023 04:00,28,low,45,-1.0,False
1214,T-c67fd7,A-d3c88e,28-06-2024,30-06-2024 05:00,53,urgent,30,-1.0,False
1215,T-2521f4,A-812c5b,28-08-2024,28-08-2024 14:00,14,urgent,13,-1.0,False
1216,T-2066b3,A-80eeb6,19-05-2023,21-05-2023 02:00,50,urgent,87,3.0,True
1217,T-47940c,A-a865bd,22-11-2024,23-11-2024 18:00,42,medium,34,3.0,False
1218,T-c17382,A-9f0b68,10-05-2024,10-05-2024 04:00,4,urgent,89,3.0,False
1219,T-574fcf,A-09540c,25-03-2023,26-03-2023 03:00,27,medium,106,5.0,False
1220,T-baea58,A-6e08f3,22-08-2024,23-08-2024 23:00,47,low,152,4.0,False
1221,T-136b9e,A-e4144b,06-05-2023,08-05-2023 06:00,54,high,164,-1.0,False
1222,T-14733a,A-0b0d6d,06-05-2023,06-05-2023 16:00,16,high,155,5.0,True
1223,T-2fc301,A-7c4956,10-06-2024,10-06-2024 11:00,11,high,102,4.0,False
1224,T-5f7300,A-54d94a,25-07-2024,27-07-2024 11:00,59,medium,117,-1.0,False
1225,T-d84002,A-1619f8,16-02-2023,18-02-2023 11:00,59,low,2,5.0,False
1226,T-d85104,A-f9cc74,18-06-2024,18-06-2024 23:00,23,low,151,5.0,False
1227,T-b6eb59,A-0532a9,07-09-2024,07-09-2024 17:00,17,medium,4,-1.0,False
1228,T-6c4112,A-bece89,27-02-2024,28-02-2024 20:00,44,urgent,56,-1.0,False
1229,T-da4869,A-342303,11-09-2023,11-09-2023 12:00,12,medium,79,5.0,False
1230,T-81b73d,A-ccc747,28-01-2023,30-01-2023 13:00,61,medium,9,-1.0,False
1231,T-a6e8f4,A-751c58,16-02-2024,18-02-2024 20:00,68,low,172,4.0,False
1232,T-6b989d,A-328bd0,06-09-2024,08-09-2024 17:00,65,high,49,-1.0,False
1233,T-2694cc,A-2ebb4b,03-07-2023,05-07-2023 03:00,51,high,124,3.0,False
1234,T-60bb06,A-417d2f,20-11-2024,22-11-2024 08:00,56,low,144,-1.0,False
1235,T-e733d2,A-c1dfe1,09-05-2023,11-05-2023 05:00,53,low,133,-1.0,False
1236,T-1103cb,A-40906c,01-08-2024,01-08-2024 05:00,5,low,113,5.0,False
1237,T-7a5dca,A-d792a6,02-11-2023,04-11-2023 19:00,67,high,28,-1.0,False
1238,T-9b4be2,A-1b7577,08-04-2024,09-04-2024 18:00,42,low,112,5.0,False
1239,T-4d5634,A-13466a,04-11-2024,06-11-2024 23:00,71,medium,76,3.0,True
1240,T-06d051,A-cc1d8d,24-01-2024,24-01-2024 01:00,1,medium,94,-1.0,False
1241,T-f62fdf,A-854864,24-02-2023,24-02-2023 12:00,12,high,23,4.0,False
1242,T-f255e4,A-40a557,08-01-2023,09-01-2023 05:00,29,medium,146,3.0,False
1243,T-fad580,A-410e86,04-12-2023,06-12-2023 09:00,57,low,103,3.0,False
1245,T-7d4d61,A-4f18f0,11-06-2024,13-06-2024 23:00,71,urgent,75,5.0,False
1246,T-659542,A-443f6f,18-03-2024,18-03-2024 13:00,13,low,167,4.0,False
1247,T-742d41,A-149a69,27-09-2024,27-09-2024 09:00,9,medium,63,5.0,False
1248,T-b72962,A-410e86,25-04-2024,27-04-2024 13:00,61,medium,128,-1.0,False
1249,T-fb779c,A-5b1bcd,09-04-2024,11-04-2024 19:00,67,urgent,89,4.0,False
1250,T-b43d8e,A-3cc791,09-12-2024,09-12-2024 20:00,20,low,84,-1.0,False
1251,T-204881,A-671f31,24-07-2024,25-07-2024 04:00,28,urgent,80,5.0,False
1252,T-3d5a91,A-bb1eaa,12-09-2024,12-09-2024 06:00,6,urgent,78,5.0,False
1253,T-3aa7e7,A-69b156,28-02-2024,29-02-2024 09:00,33,low,96,-1.0,False
1254,T-c195e0,A-075038,15-10-2024,16-10-2024 13:00,37,high,4,3.0,False
1255,T-7dc53f,A-8b25f2,04-02-2024,04-02-2024 19:00,19,low,86,3.0,False
1256,T-1b9c71,A-f03140,11-02-2023,13-02-2023 04:00,52,high,79,-1.0,False
1257,T-921d17,A-eb2fdc,23-05-2023,24-05-2023 00:00,24,low,50,4.0,False
1258,T-16a224,A-4437e4,05-07-2024,06-07-2024 13:00,37,medium,134,-1.0,False
1259,T-95e4a6,A-4a4c2d,15-11-2024,16-11-2024 20:00,44,high,128,5.0,False
1260,T-c014ff,A-40de06,21-03-2023,23-03-2023 02:00,50,low,68,-1.0,False
1261,T-ca352f,A-22d9d2,24-04-2024,25-04-2024 07:00,31,high,140,4.0,False
1262,T-83656f,A-117171,19-12-2023,20-12-2023 10:00,34,low,33,4.0,False
1263,T-863c07,A-34d880,07-04-2023,08-04-2023 18:00,42,urgent,12,3.0,False
1264,T-aeb97e,A-922109,15-05-2023,15-05-2023 01:00,1,medium,151,-1.0,False
1265,T-56fa73,A-2e3bad,03-05-2023,05-05-2023 23:00,71,low,49,4.0,False
1266,T-519f79,A-702032,09-07-2024,09-07-2024 13:00,13,low,176,3.0,False
1267,T-5b3664,A-751c58,05-08-2024,05-08-2024 08:00,8,low,60,-1.0,False
1268,T-db5a57,A-66224b,17-10-2024,18-10-2024 22:00,46,high,43,5.0,False
1269,T-b52bf0,A-855a48,03-11-2023,04-11-2023 10:00,34,high,157,4.0,False
1270,T-3b9875,A-4a267b,09-05-2024,11-05-2024 04:00,52,urgent,168,-1.0,False
1271,T-ba77b3,A-bc87bc,31-10-2023,01-11-2023 00:00,24,high,136,-1.0,False
1272,T-762c9d,A-86902e,11-05-2024,12-05-2024 07:00,31,high,118,-1.0,False
1273,T-4b2bf5,A-e7a1e2,31-03-2024,01-04-2024 21:00,45,low,37,4.0,False
1274,T-49e4f6,A-a45270,22-10-2024,24-10-2024 09:00,57,high,46,4.0,False
1275,T-5bca42,A-0532a9,11-02-2023,11-02-2023 18:00,18,low,62,-1.0,False
1276,T-a2a84a,A-d792a6,30-03-2023,31-03-2023 21:00,45,medium,36,4.0,False
1277,T-53a3f9,A-2e4581,10-12-2024,10-12-2024 19:00,19,high,118,-1.0,False
1279,T-3830ca,A-5c9849,31-01-2024,02-02-2024 01:00,49,urgent,7,-1.0,False
1280,T-c18da8,A-7f6b86,19-07-2024,19-07-2024 02:00,2,high,91,-1.0,False
1281,T-4630ac,A-67be94,20-07-2023,21-07-2023 09:00,33,urgent,47,-1.0,False
1282,T-d65b5b,A-328bd0,06-03-2024,07-03-2024 23:00,47,medium,103,3.0,False
1283,T-539103,A-65a46c,19-06-2023,21-06-2023 20:00,68,urgent,134,3.0,False
1284,T-2b8a81,A-9affe6,05-07-2023,07-07-2023 02:00,50,urgent,12,3.0,False
1285,T-8416bb,A-9affe6,20-02-2024,22-02-2024 12:00,60,high,165,-1.0,False
1286,T-42efc2,A-2e3bad,08-01-2024,08-01-2024 23:00,23,high,159,-1.0,False
1287,T-0171b1,A-4a4c2d,09-05-2024,11-05-2024 06:00,54,high,153,4.0,False
1288,T-93c07c,A-17939a,01-08-2024,01-08-2024 08:00,8,low,152,4.0,False
1291,T-04c2d4,A-0dbdc6,15-08-2023,16-08-2023 13:00,37,low,86,-1.0,False
1293,T-aacbf9,A-7920cc,17-10-2023,18-10-2023 19:00,43,medium,160,-1.0,False
1294,T-ede109,A-de24d5,31-01-2023,02-02-2023 21:00,69,medium,165,-1.0,False
1295,T-578a17,A-5790f4,21-02-2024,24-02-2024 00:00,72,low,133,-1.0,True
1296,T-10521d,A-8ae3fc,20-02-2024,21-02-2024 04:00,28,urgent,110,3.0,False
1297,T-6816fd,A-d4ac0e,23-10-2024,23-10-2024 16:00,16,medium,28,3.0,False
1298,T-5d5c80,A-684255,12-04-2024,12-04-2024 10:00,10,urgent,153,4.0,False
1299,T-454c29,A-c43359,14-03-2023,15-03-2023 22:00,46,urgent,176,-1.0,False
1300,T-6bfc83,A-bc87bc,26-12-2023,28-12-2023 01:00,49,urgent,59,4.0,False
1301,T-74476f,A-bb3bd4,22-05-2023,24-05-2023 05:00,53,low,145,-1.0,False
1302,T-a89311,A-44dc83,07-11-2023,09-11-2023 17:00,65,urgent,93,4.0,False
1303,T-b9e950,A-bd4708,12-10-2023,12-10-2023 11:00,11,low,151,4.0,False
1304,T-c4a1cf,A-1e1b80,16-05-2024,17-05-2024 19:00,43,urgent,59,3.0,False
1305,T-5b26fc,A-fd9422,30-03-2024,31-03-2024 06:00,30,medium,47,3.0,False
1306,T-82577a,A-56962b,19-02-2024,19-02-2024 13:00,13,low,117,-1.0,False
1307,T-116765,A-c4ea60,23-05-2024,23-05-2024 20:00,20,urgent,65,4.0,False
1308,T-2ac4b6,A-779e4e,09-07-2023,09-07-2023 22:00,22,low,36,3.0,False
1309,T-bdc16a,A-9077b0,01-03-2023,03-03-2023 03:00,51,high,53,5.0,False
1310,T-d03843,A-883b7d,25-01-2024,25-01-2024 18:00,18,urgent,14,-1.0,False
1311,T-17f85e,A-bece89,24-02-2024,25-02-2024 11:00,35,urgent,133,3.0,False
1312,T-ce4793,A-40906c,01-11-2024,03-11-2024 18:00,66,urgent,60,4.0,False
1314,T-d3800a,A-5a3eb9,04-07-2023,05-07-2023 03:00,27,urgent,49,-1.0,False
1315,T-50cda9,A-700ade,01-03-2024,01-03-2024 17:00,17,urgent,117,5.0,False
1316,T-ee1ef3,A-b11cd0,08-10-2024,10-10-2024 18:00,66,medium,141,3.0,False
1317,T-0aca85,A-8bde0c,08-07-2024,08-07-2024 13:00,13,medium,153,4.0,False
1318,T-22968c,A-0cc442,23-05-2023,24-05-2023 07:00,31,low,21,-1.0,False
1319,T-f0ac4b,A-4437e4,17-01-2024,19-01-2024 08:00,56,high,15,3.0,True
1320,T-f660fd,A-526d93,21-02-2024,23-02-2024 15:00,63,urgent,161,-1.0,False
1321,T-772188,A-fda07f,03-08-2024,03-08-2024 10:00,10,urgent,68,5.0,False
1322,T-b181e3,A-65c341,26-10-2023,28-10-2023 21:00,69,urgent,25,-1.0,False
1323,T-d01651,A-7988d1,28-11-2023,30-11-2023 04:00,52,urgent,61,5.0,False
1324,T-2422ea,A-526d93,14-04-2024,16-04-2024 15:00,63,high,49,4.0,False
1325,T-7929a5,A-c16b88,09-04-2024,11-04-2024 08:00,56,high,158,3.0,False
1326,T-34db33,A-625d0b,19-11-2024,21-11-2024 05:00,53,medium,21,-1.0,False
1327,T-e58f06,A-7f4db3,08-06-2024,09-06-2024 05:00,29,high,155,3.0,True
1328,T-5ed6b6,A-d42431,28-09-2023,28-09-2023 10:00,10,urgent,176,-1.0,False
1329,T-e9516d,A-1986ca,03-04-2023,04-04-2023 00:00,24,urgent,107,-1.0,False
1330,T-0016ab,A-560d27,30-03-2023,01-04-2023 19:00,67,medium,58,3.0,False
1331,T-f4724a,A-068fc6,21-09-2023,22-09-2023 22:00,46,urgent,104,4.0,False
1332,T-9b56ac,A-69b156,20-08-2024,20-08-2024 22:00,22,medium,156,3.0,False
1333,T-699684,A-c42f1f,30-01-2024,01-02-2024 09:00,57,medium,140,4.0,False
1334,T-cd31c2,A-0651a4,21-07-2023,22-07-2023 23:00,47,high,9,-1.0,False
1335,T-133e5c,A-17939a,16-08-2023,18-08-2023 23:00,71,urgent,85,4.0,False
1336,T-afb7aa,A-f45426,02-05-2023,02-05-2023 02:00,2,urgent,25,-1.0,False
1337,T-b91fc6,A-d922bf,01-09-2023,04-09-2023 00:00,72,high,175,4.0,False
1338,T-cbdb70,A-f1f639,12-11-2023,12-11-2023 15:00,15,medium,167,-1.0,False
1339,T-87b6c4,A-716841,01-07-2023,02-07-2023 13:00,37,medium,119,-1.0,False
1340,T-d9e61f,A-b54c01,20-05-2023,22-05-2023 07:00,55,low,48,-1.0,False
1341,T-5b0a56,A-78f02b,24-07-2024,26-07-2024 20:00,68,medium,42,-1.0,False
1342,T-e7c6b3,A-51ec1b,28-11-2023,29-11-2023 04:00,28,medium,171,5.0,False
1343,T-016258,A-ed510f,15-06-2023,17-06-2023 03:00,51,low,48,-1.0,False
1344,T-7935c3,A-d4e0d4,30-11-2023,02-12-2023 08:00,56,low,114,5.0,False
1345,T-f7a0c0,A-544d0a,19-04-2024,21-04-2024 02:00,50,urgent,35,3.0,True
1346,T-288bdf,A-038089,21-12-2023,22-12-2023 15:00,39,high,102,5.0,False
1347,T-ccab6b,A-adc1f3,23-01-2023,25-01-2023 22:00,70,high,129,-1.0,False
1348,T-a3d4db,A-0aaf6e,09-02-2023,09-02-2023 12:00,12,medium,38,-1.0,False
1349,T-61605e,A-671f31,30-05-2023,31-05-2023 01:00,25,medium,68,4.0,False
1350,T-63500c,A-bc4d48,06-09-2023,08-09-2023 15:00,63,high,4,3.0,False
1351,T-0ae05a,A-7cfe77,14-04-2023,14-04-2023 01:00,1,medium,38,-1.0,False
1352,T-6a8698,A-117171,14-09-2023,14-09-2023 13:00,13,medium,59,3.0,False
1353,T-00b930,A-bbe56f,09-10-2024,09-10-2024 23:00,23,high,179,4.0,False
1354,T-a289f8,A-2446e3,09-05-2024,12-05-2024 00:00,72,medium,55,5.0,False
1355,T-65b231,A-a6d261,11-09-2023,13-09-2023 14:00,62,low,137,5.0,True
1356,T-4f5aab,A-186a44,08-06-2024,08-06-2024 19:00,19,high,35,4.0,False
1357,T-67eb6f,A-712f1c,09-08-2024,11-08-2024 03:00,51,urgent,46,-1.0,False
1358,T-87a53c,A-2d4502,25-03-2023,25-03-2023 13:00,13,medium,45,-1.0,False
1359,T-1c81a5,A-1f7acb,18-04-2023,19-04-2023 18:00,42,high,40,5.0,False
1360,T-de8424,A-f1f639,29-12-2023,29-12-2023 03:00,3,low,19,-1.0,False
1361,T-ec6d18,A-4e0e85,30-09-2024,02-10-2024 08:00,56,high,110,5.0,False
1362,T-699941,A-7d514c,28-03-2024,29-03-2024 19:00,43,urgent,23,-1.0,False
1363,T-1e5e13,A-249769,24-07-2024,24-07-2024 16:00,16,high,180,3.0,False
1364,T-687ec1,A-0dbdc6,10-10-2024,12-10-2024 12:00,60,high,65,5.0,False
1365,T-88702a,A-50f3f7,06-01-2023,06-01-2023 16:00,16,high,13,-1.0,False
1366,T-3196fb,A-dfbd31,25-10-2024,25-10-2024 18:00,18,high,68,-1.0,False
1367,T-4e7b8f,A-e51ec7,08-06-2023,10-06-2023 03:00,51,medium,94,-1.0,False
1368,T-0652b3,A-cbbe12,18-09-2024,18-09-2024 23:00,23,urgent,53,5.0,False
1369,T-c50b96,A-149a69,02-03-2023,03-03-2023 07:00,31,urgent,141,-1.0,False
1371,T-399dc3,A-462d45,15-12-2024,16-12-2024 05:00,29,medium,127,-1.0,False
1372,T-73a01a,A-2789e3,22-12-2024,23-12-2024 09:00,33,medium,140,-1.0,False
1373,T-f07874,A-cb5333,06-09-2023,06-09-2023 20:00,20,urgent,89,-1.0,False
1374,T-d8b95c,A-82861f,29-03-2024,29-03-2024 06:00,6,urgent,5,4.0,False
1375,T-88d958,A-4c6f11,18-06-2023,20-06-2023 12:00,60,urgent,2,3.0,False
1376,T-fa61ed,A-5c046d,08-03-2024,08-03-2024 13:00,13,low,128,3.0,False
1377,T-0b025f,A-c37cab,15-02-2024,16-02-2024 03:00,27,high,87,5.0,False
1378,T-8ab508,A-0f7d77,27-07-2023,27-07-2023 13:00,13,high,82,-1.0,False
1379,T-be7c14,A-34ea2f,09-10-2024,10-10-2024 01:00,25,low,77,-1.0,False
1380,T-217098,A-2d1036,17-06-2024,19-06-2024 02:00,50,low,8,5.0,False
1381,T-80157c,A-6f50ae,02-11-2024,04-11-2024 01:00,49,urgent,46,-1.0,False
1382,T-67c060,A-883b7d,22-10-2024,23-10-2024 19:00,43,low,72,3.0,False
1383,T-d3b3e1,A-de24d5,13-03-2023,13-03-2023 09:00,9,medium,152,-1.0,False
1384,T-c79d58,A-463db0,24-12-2024,26-12-2024 01:00,49,medium,32,4.0,False
1385,T-4f391f,A-86fc1d,15-04-2024,15-04-2024 09:00,9,high,59,-1.0,False
1386,T-fa6044,A-f1f639,26-09-2023,26-09-2023 19:00,19,high,124,5.0,False
1387,T-617256,A-6843f2,25-12-2023,25-12-2023 12:00,12,medium,134,3.0,False
1388,T-81da6c,A-337bc1,21-11-2024,22-11-2024 13:00,37,high,78,3.0,False
1389,T-637137,A-2b9d3e,28-08-2023,29-08-2023 09:00,33,high,68,-1.0,False
1390,T-837699,A-751bd4,22-02-2024,22-02-2024 21:00,21,urgent,174,5.0,True
1391,T-2748bc,A-0e966d,16-01-2024,18-01-2024 13:00,61,high,73,-1.0,False
1392,T-538074,A-6a4e2d,20-04-2024,20-04-2024 22:00,22,low,156,4.0,False
1393,T-7480c9,A-4f18f0,05-01-2023,06-01-2023 07:00,31,low,39,-1.0,False
1394,T-0d0fed,A-ff79f2,30-12-2023,31-12-2023 13:00,37,medium,29,-1.0,False
1395,T-a64b83,A-f97b9a,19-04-2023,19-04-2023 02:00,2,urgent,121,4.0,False
1396,T-563a64,A-b9f5b1,20-08-2023,21-08-2023 01:00,25,medium,15,3.0,False
1397,T-2cb775,A-e351e1,04-10-2024,04-10-2024 02:00,2,low,101,4.0,False
1398,T-c83359,A-9208f0,17-07-2023,17-07-2023 20:00,20,low,25,3.0,False
1399,T-47a586,A-c43359,10-09-2023,10-09-2023 02:00,2,high,43,4.0,False
1400,T-948932,A-afa505,14-03-2023,15-03-2023 12:00,36,low,116,-1.0,False
1401,T-87bb00,A-c70870,18-08-2024,19-08-2024 00:00,24,medium,62,3.0,False
1402,T-fd629f,A-dcc3f1,23-08-2024,23-08-2024 17:00,17,high,52,-1.0,False
1403,T-04dbe2,A-22d9d2,16-07-2024,16-07-2024 14:00,14,urgent,25,-1.0,False
1404,T-b55b60,A-659280,25-08-2024,25-08-2024 22:00,22,low,50,5.0,False
1405,T-0721f7,A-a1b80b,25-07-2024,26-07-2024 12:00,36,low,15,5.0,False
1406,T-394a48,A-296d7c,14-05-2023,16-05-2023 19:00,67,low,170,-1.0,False
1407,T-9d7afa,A-86fc1d,16-03-2024,16-03-2024 19:00,19,urgent,30,-1.0,False
1408,T-207054,A-331424,30-03-2023,31-03-2023 05:00,29,medium,43,-1.0,False
1409,T-f8e692,A-ed510f,18-07-2023,19-07-2023 02:00,26,low,110,4.0,False
1410,T-80126f,A-94d3da,23-11-2024,23-11-2024 16:00,16,urgent,52,3.0,False
1411,T-bcd0eb,A-b3fe05,12-04-2023,13-04-2023 23:00,47,high,173,3.0,False
1412,T-53266e,A-337bc1,03-05-2024,05-05-2024 05:00,53,high,30,5.0,True
1413,T-2e22ae,A-69b156,11-02-2023,12-02-2023 04:00,28,high,8,-1.0,False
1414,T-c42d1d,A-fd9422,22-12-2024,24-12-2024 04:00,52,urgent,79,4.0,False
1415,T-3ec5db,A-8ed5dd,20-05-2023,22-05-2023 00:00,48,urgent,84,3.0,False
1416,T-55400f,A-84ebe4,20-12-2024,20-12-2024 05:00,5,medium,133,4.0,False
1417,T-32884f,A-18793f,09-08-2023,10-08-2023 20:00,44,high,5,5.0,False
1418,T-9b7861,A-c16101,29-08-2023,30-08-2023 13:00,37,high,23,5.0,False
1419,T-9efe75,A-55f257,12-07-2024,14-07-2024 17:00,65,low,13,5.0,False
1420,T-e4d183,A-44dc83,15-09-2024,16-09-2024 00:00,24,low,6,5.0,False
1421,T-96c05e,A-02fac6,16-09-2023,16-09-2023 10:00,10,medium,53,-1.0,False
1422,T-7e7eb8,A-d77f4c,30-06-2024,02-07-2024 06:00,54,low,68,3.0,False
1423,T-8b710d,A-b179bf,28-02-2023,28-02-2023 09:00,9,low,6,-1.0,False
1424,T-50ec38,A-de58ca,15-09-2024,16-09-2024 18:00,42,high,127,3.0,False
1425,T-ad5952,A-202b67,10-11-2023,10-11-2023 08:00,8,urgent,23,5.0,False
1426,T-7ebbcc,A-ba6516,18-06-2024,18-06-2024 15:00,15,urgent,71,-1.0,False
1427,T-4f7055,A-e61e98,16-04-2023,17-04-2023 17:00,41,urgent,117,3.0,False
1428,T-cc8d03,A-69fad4,19-07-2024,20-07-2024 22:00,46,medium,22,3.0,False
1429,T-c30d17,A-7988d1,07-09-2024,07-09-2024 09:00,9,low,104,5.0,False
1430,T-f443cd,A-dcc3f1,31-08-2024,01-09-2024 15:00,39,urgent,86,3.0,False
1431,T-ebb763,A-f44180,08-04-2024,10-04-2024 13:00,61,urgent,89,5.0,False
1432,T-34ad09,A-fabe19,01-03-2023,02-03-2023 23:00,47,urgent,37,-1.0,False
1433,T-5c2e35,A-034368,11-01-2023,12-01-2023 09:00,33,urgent,123,-1.0,False
1434,T-afa081,A-9123ac,22-11-2024,24-11-2024 15:00,63,medium,105,3.0,False
1435,T-367fe2,A-f17767,21-05-2023,22-05-2023 15:00,39,medium,125,3.0,False
1436,T-ef7c2f,A-94d3da,05-02-2023,06-02-2023 19:00,43,urgent,139,3.0,False
1437,T-9ff2ab,A-32fb14,27-05-2024,27-05-2024 17:00,17,urgent,10,-1.0,False
1438,T-b6fed7,A-798a3f,19-12-2023,20-12-2023 21:00,45,high,9,-1.0,False
1439,T-16818f,A-139c3b,15-12-2024,16-12-2024 18:00,42,medium,131,4.0,False
1440,T-a41057,A-22f2df,24-04-2023,25-04-2023 01:00,25,high,131,-1.0,False
1441,T-152c1d,A-779e4e,03-11-2024,04-11-2024 16:00,40,urgent,171,5.0,False
1442,T-f17009,A-309e54,24-09-2024,26-09-2024 04:00,52,medium,71,-1.0,False
1443,T-d6943a,A-76fa4d,09-07-2023,09-07-2023 14:00,14,low,86,5.0,False
1444,T-7a84fc,A-5a215a,13-09-2024,14-09-2024 00:00,24,low,4,5.0,False
1445,T-000c31,A-3ce5b8,05-04-2024,05-04-2024 21:00,21,urgent,65,-1.0,False
1446,T-f5f28c,A-9badbd,07-09-2024,08-09-2024 10:00,34,low,149,5.0,False
1447,T-1b7a8e,A-a7bd4b,11-11-2023,12-11-2023 04:00,28,urgent,169,-1.0,False
1448,T-964182,A-104f1a,08-04-2024,08-04-2024 11:00,11,medium,19,3.0,True
1449,T-fb59aa,A-e08cd3,29-04-2024,29-04-2024 14:00,14,high,96,-1.0,False
1450,T-49e572,A-59f724,19-09-2024,20-09-2024 02:00,26,medium,48,5.0,False
1451,T-173d0c,A-f1f639,29-05-2024,30-05-2024 17:00,41,high,19,5.0,False
1452,T-9cbdc5,A-c222ab,28-10-2024,28-10-2024 09:00,9,medium,18,-1.0,False
1453,T-534a33,A-5c9849,07-12-2023,09-12-2023 05:00,53,low,12,-1.0,True
1454,T-b87a5a,A-b7724f,24-07-2024,25-07-2024 19:00,43,low,175,-1.0,False
1455,T-76d301,A-e4144b,29-03-2024,31-03-2024 07:00,55,urgent,178,4.0,False
1456,T-7d5bb9,A-c58f49,18-09-2024,20-09-2024 04:00,52,urgent,31,-1.0,True
1457,T-ad72a6,A-342303,03-03-2024,03-03-2024 10:00,10,high,10,-1.0,False
1458,T-370b82,A-712426,24-11-2023,26-11-2023 01:00,49,low,87,5.0,False
1459,T-913bc6,A-600734,02-11-2023,03-11-2023 06:00,30,urgent,117,-1.0,False
1460,T-262c36,A-86902e,19-05-2023,21-05-2023 19:00,67,medium,165,-1.0,False
1461,T-b685e1,A-02cd81,12-03-2024,13-03-2024 13:00,37,medium,111,-1.0,False
1462,T-1a19ef,A-2d1036,19-09-2024,19-09-2024 20:00,20,medium,98,5.0,True
1463,T-85c450,A-439b2f,05-01-2023,05-01-2023 05:00,5,low,67,-1.0,False
1464,T-b0063c,A-8b0451,17-02-2024,17-02-2024 23:00,23,high,111,3.0,False
1465,T-a0d060,A-9208f0,04-01-2023,04-01-2023 12:00,12,low,18,-1.0,False
1466,T-93f669,A-443f6f,29-10-2024,30-10-2024 12:00,36,high,154,-1.0,False
1467,T-34deb3,A-53f4e3,16-05-2024,18-05-2024 02:00,50,high,150,-1.0,False
1468,T-57f1af,A-432483,20-09-2024,22-09-2024 03:00,51,urgent,128,-1.0,False
1469,T-ba59c1,A-bbc346,05-09-2024,07-09-2024 03:00,51,medium,156,5.0,False
1470,T-7917a1,A-8ed5dd,09-06-2024,10-06-2024 16:00,40,high,125,-1.0,False
1471,T-d532cc,A-4f18f0,04-08-2024,05-08-2024 10:00,34,low,34,4.0,False
1472,T-de7b56,A-6f8ad2,15-11-2024,17-11-2024 11:00,59,medium,3,5.0,False
1473,T-9890b1,A-96bbc6,24-03-2023,26-03-2023 16:00,64,high,58,4.0,False
1475,T-d97c4e,A-e5d6ab,10-07-2023,12-07-2023 02:00,50,high,9,-1.0,False
1476,T-810e51,A-eb7c38,14-07-2024,14-07-2024 05:00,5,low,83,4.0,False
1477,T-a8d3cc,A-e98302,25-11-2024,26-11-2024 18:00,42,urgent,57,4.0,False
1478,T-1ce392,A-ad3abd,28-12-2023,29-12-2023 01:00,25,urgent,164,3.0,False
1479,T-8f5672,A-c37601,19-10-2023,21-10-2023 11:00,59,urgent,5,-1.0,False
1480,T-4fa65e,A-a09355,03-06-2024,03-06-2024 18:00,18,urgent,55,-1.0,False
1481,T-8d66fe,A-d40bf7,04-01-2023,05-01-2023 03:00,27,urgent,171,5.0,False
1482,T-788eff,A-029f69,18-04-2024,19-04-2024 11:00,35,urgent,131,3.0,False
1483,T-3b516f,A-1b7577,22-05-2023,22-05-2023 19:00,19,urgent,167,5.0,False
1484,T-30c6e3,A-eb2fdc,17-11-2023,18-11-2023 03:00,27,low,30,5.0,False
1485,T-052718,A-241e75,12-02-2023,12-02-2023 08:00,8,medium,69,4.0,False
1486,T-08c89b,A-309e54,27-04-2024,28-04-2024 12:00,36,urgent,82,3.0,False
1488,T-20a128,A-7988d1,26-11-2024,27-11-2024 21:00,45,urgent,31,3.0,False
1489,T-d23a9b,A-ad296b,22-07-2023,23-07-2023 07:00,31,urgent,95,5.0,False
1490,T-c55d61,A-8ed5dd,21-03-2023,21-03-2023 06:00,6,high,8,4.0,False
1491,T-2626fb,A-67be94,04-05-2024,04-05-2024 14:00,14,high,168,-1.0,False
1492,T-8ed20f,A-54d94a,15-08-2023,15-08-2023 18:00,18,medium,78,-1.0,False
1493,T-01dc5a,A-fd9422,10-03-2024,12-03-2024 22:00,70,urgent,115,4.0,True
1494,T-279c10,A-1e6fc3,09-07-2023,10-07-2023 09:00,33,high,149,-1.0,False
1495,T-a48070,A-856b1e,10-02-2024,11-02-2024 14:00,38,low,111,-1.0,True
1496,T-aa897f,A-751c58,03-11-2024,04-11-2024 17:00,41,low,93,5.0,False
1497,T-48d493,A-8145a0,26-10-2024,27-10-2024 15:00,39,medium,122,4.0,False
1498,T-4d4a28,A-fd9422,14-07-2023,14-07-2023 23:00,23,medium,162,4.0,False
1499,T-141bed,A-50f3f7,16-12-2023,17-12-2023 06:00,30,low,2,-1.0,False
1500,T-ca5ab4,A-53f4e3,24-09-2024,25-09-2024 15:00,39,urgent,98,5.0,False
1501,T-74be0c,A-bcf664,16-11-2024,16-11-2024 02:00,2,high,4,4.0,False
1502,T-2968aa,A-016043,11-12-2024,13-12-2024 11:00,59,low,143,-1.0,False
1503,T-9fff22,A-b07346,08-03-2024,10-03-2024 04:00,52,medium,162,-1.0,False
1504,T-6503b3,A-9123ac,19-12-2023,21-12-2023 18:00,66,high,24,5.0,False
1505,T-2e478d,A-6965e1,19-06-2023,20-06-2023 18:00,42,medium,175,-1.0,False
1506,T-6d8847,A-3a5ad8,16-07-2023,18-07-2023 02:00,50,urgent,27,-1.0,False
1507,T-245f39,A-e3bd71,30-06-2023,30-06-2023 19:00,19,urgent,105,-1.0,False
1508,T-c3e2dd,A-202b67,26-06-2024,28-06-2024 21:00,69,medium,109,4.0,False
1509,T-a32345,A-503d5a,20-11-2024,20-11-2024 07:00,7,medium,54,-1.0,False
1510,T-42f9b6,A-bcf664,12-05-2023,12-05-2023 12:00,12,urgent,172,-1.0,False
1511,T-399cd5,A-5247b3,30-03-2023,30-03-2023 23:00,23,urgent,62,3.0,False
1512,T-5c4e0b,A-c608c8,23-09-2023,25-09-2023 12:00,60,medium,39,3.0,False
1513,T-611dd2,A-86902e,22-07-2023,23-07-2023 05:00,29,medium,166,3.0,False
1514,T-b48c61,A-2789e3,10-11-2024,12-11-2024 21:00,69,medium,74,4.0,False
1515,T-34025b,A-5c9849,15-07-2023,17-07-2023 22:00,70,urgent,104,-1.0,False
1516,T-a0a7fe,A-55f257,27-02-2023,28-02-2023 07:00,31,medium,160,-1.0,False
1517,T-8c66ed,A-7c83a1,20-09-2023,22-09-2023 17:00,65,low,38,4.0,False
1518,T-6e55e5,A-0f7d77,05-06-2023,06-06-2023 03:00,27,high,48,5.0,False
1519,T-526bb5,A-1986ca,10-08-2024,11-08-2024 17:00,41,high,135,-1.0,False
1520,T-c25880,A-9289f6,01-06-2023,02-06-2023 11:00,35,medium,59,5.0,False
1521,T-c87e58,A-716841,11-12-2023,13-12-2023 16:00,64,low,102,5.0,False
1522,T-8d611d,A-2e3bad,08-02-2023,09-02-2023 07:00,31,medium,125,3.0,False
1523,T-a7ddd2,A-1ac5e0,29-03-2023,31-03-2023 12:00,60,high,169,-1.0,False
1524,T-e44461,A-7f29a7,08-07-2024,09-07-2024 00:00,24,urgent,5,4.0,False
1525,T-b2d025,A-3793ee,26-06-2024,27-06-2024 20:00,44,low,176,-1.0,False
1526,T-65a10b,A-ad3abd,16-08-2023,16-08-2023 13:00,13,medium,12,3.0,False
1527,T-0c9c88,A-0baac2,10-07-2024,12-07-2024 05:00,53,high,89,5.0,False
1528,T-0eef43,A-fa2041,30-03-2024,30-03-2024 16:00,16,low,99,3.0,False
1529,T-662a1c,A-e19ff6,01-02-2023,02-02-2023 08:00,32,urgent,74,5.0,False
1530,T-f37486,A-7641d3,03-02-2023,03-02-2023 05:00,5,urgent,123,5.0,True
1531,T-633fa7,A-054577,01-09-2023,02-09-2023 22:00,46,urgent,70,4.0,False
1532,T-a291f6,A-e98302,28-09-2023,01-10-2023 00:00,72,urgent,178,4.0,False
1533,T-bf9878,A-3ce5b8,15-11-2024,17-11-2024 19:00,67,urgent,15,3.0,False
1534,T-3345a4,A-6da850,21-12-2024,23-12-2024 09:00,57,low,112,4.0,False
1535,T-d99655,A-712533,26-11-2024,28-11-2024 00:00,48,high,104,-1.0,False
1536,T-2166d3,A-aa9511,11-01-2023,13-01-2023 08:00,56,high,136,4.0,False
1537,T-698b5a,A-d62e02,04-05-2024,05-05-2024 12:00,36,high,31,4.0,False
1538,T-4c47b4,A-f03140,29-02-2024,29-02-2024 08:00,8,low,152,5.0,False
1539,T-7da6d5,A-781cc0,17-12-2024,19-12-2024 16:00,64,high,162,3.0,False
1540,T-5e536f,A-40906c,21-10-2024,22-10-2024 08:00,32,medium,91,-1.0,False
1541,T-b94ce2,A-1f559b,10-12-2024,11-12-2024 18:00,42,urgent,142,5.0,False
1542,T-411de2,A-c9bb3e,27-09-2023,29-09-2023 21:00,69,low,7,5.0,False
1543,T-458b18,A-22f2df,23-05-2024,25-05-2024 22:00,70,urgent,60,5.0,False
1544,T-3171ab,A-4c56c9,26-08-2024,26-08-2024 09:00,9,low,10,4.0,False
1545,T-5435e7,A-7c83a1,10-04-2024,12-04-2024 08:00,56,high,140,3.0,False
1546,T-9c0369,A-34ea2f,24-09-2023,25-09-2023 16:00,40,low,30,4.0,False
1547,T-4a3162,A-bcbe98,21-08-2023,22-08-2023 07:00,31,urgent,112,5.0,False
1548,T-3e6e13,A-e1462e,02-08-2024,02-08-2024 12:00,12,urgent,115,3.0,False
1549,T-d9ea42,A-b11cd0,23-05-2023,24-05-2023 12:00,36,medium,158,5.0,False
1550,T-c0b9bc,A-f03140,15-06-2023,16-06-2023 07:00,31,urgent,143,3.0,False
1552,T-ebb598,A-84ebe4,06-09-2023,08-09-2023 19:00,67,low,132,4.0,False
1553,T-008e20,A-b78bf8,17-12-2024,19-12-2024 01:00,49,urgent,94,3.0,False
1554,T-b41d5c,A-9289f6,15-09-2023,15-09-2023 05:00,5,high,71,-1.0,False
1555,T-e45dfb,A-0f6450,08-04-2023,08-04-2023 16:00,16,medium,173,4.0,False
1557,T-41e58d,A-9bfc9f,29-02-2024,29-02-2024 04:00,4,high,170,-1.0,False
1558,T-129715,A-54ecc2,06-07-2023,08-07-2023 22:00,70,high,97,-1.0,False
1559,T-fa3300,A-bcf664,03-07-2024,06-07-2024 00:00,72,low,80,-1.0,False
1560,T-fa177b,A-e2cd1b,28-07-2023,30-07-2023 13:00,61,low,29,4.0,False
1561,T-95c3dd,A-fabe19,06-01-2024,07-01-2024 19:00,43,high,15,4.0,False
1562,T-57d464,A-671f31,07-11-2023,08-11-2023 20:00,44,high,146,4.0,False
1563,T-f97334,A-c45b23,02-11-2024,03-11-2024 18:00,42,urgent,75,-1.0,False
1564,T-c2f40f,A-1f0636,22-08-2024,22-08-2024 17:00,17,high,68,3.0,False
1565,T-6c2263,A-82861f,14-09-2024,14-09-2024 17:00,17,medium,150,3.0,False
1566,T-9ac5fe,A-068fc6,25-04-2024,26-04-2024 10:00,34,urgent,106,4.0,False
1567,T-70987d,A-1f7acb,05-12-2024,07-12-2024 09:00,57,high,178,-1.0,False
1568,T-96ccc2,A-186a44,30-12-2024,31-12-2024 00:00,24,high,146,4.0,False
1569,T-04fe85,A-6f8ad2,24-09-2023,24-09-2023 06:00,6,high,121,4.0,False
1570,T-8ab6ea,A-dcc3f1,20-08-2024,21-08-2024 21:00,45,high,153,-1.0,False
1571,T-7cb39d,A-3be56b,22-12-2023,22-12-2023 14:00,14,medium,32,3.0,False
1572,T-831e11,A-cb6cc6,26-06-2024,26-06-2024 05:00,5,low,90,-1.0,False
1573,T-95d237,A-cb5333,25-04-2023,25-04-2023 13:00,13,high,54,-1.0,False
1574,T-b251a1,A-20736a,08-01-2024,09-01-2024 01:00,25,urgent,11,3.0,False
1575,T-06628f,A-4e960a,31-10-2023,02-11-2023 06:00,54,urgent,95,-1.0,False
1576,T-452a96,A-2ebb4b,05-04-2024,06-04-2024 12:00,36,low,149,3.0,False
1577,T-702e0f,A-96e141,26-01-2024,27-01-2024 22:00,46,high,17,4.0,False
1578,T-710a02,A-1b7577,31-05-2024,31-05-2024 10:00,10,medium,37,3.0,False
1579,T-ca831e,A-9b9fe9,21-12-2024,21-12-2024 08:00,8,high,127,-1.0,False
1580,T-073728,A-b9eed8,03-03-2023,03-03-2023 22:00,22,medium,116,-1.0,True
1581,T-088e00,A-3b37d9,16-03-2023,18-03-2023 15:00,63,high,107,-1.0,False
1582,T-c9862e,A-96215d,04-08-2023,05-08-2023 01:00,25,urgent,115,3.0,False
1583,T-321bf6,A-5ed98d,28-06-2023,30-06-2023 17:00,65,urgent,79,5.0,False
1584,T-1df716,A-0b0d6d,09-10-2024,11-10-2024 01:00,49,medium,145,-1.0,False
1585,T-69edbb,A-c16cf7,24-10-2024,26-10-2024 09:00,57,low,46,4.0,False
1586,T-44cfed,A-592832,02-12-2023,04-12-2023 00:00,48,high,68,-1.0,False
1587,T-7d169d,A-4a4c2d,07-06-2023,08-06-2023 07:00,31,medium,121,-1.0,False
1588,T-1b9875,A-98a59a,08-09-2024,10-09-2024 13:00,61,low,48,5.0,False
1589,T-0ec7ca,A-e4bf56,13-02-2024,14-02-2024 11:00,35,low,59,3.0,False
1590,T-22aa61,A-4a4c2d,29-04-2023,01-05-2023 03:00,51,low,74,4.0,False
1591,T-ec55d4,A-9c18c4,24-07-2023,26-07-2023 21:00,69,urgent,67,5.0,False
1592,T-cee095,A-e08cd3,23-04-2023,24-04-2023 17:00,41,high,129,-1.0,False
1593,T-45f75a,A-dcc3f1,17-08-2024,18-08-2024 00:00,24,high,71,-1.0,False
1594,T-8b2aa1,A-65a46c,18-03-2024,19-03-2024 13:00,37,medium,118,-1.0,False
1595,T-a617b9,A-1d5444,01-06-2024,03-06-2024 07:00,55,high,29,4.0,False
1596,T-1850d3,A-0158bb,11-01-2024,12-01-2024 08:00,32,urgent,50,3.0,False
1597,T-a1bc5a,A-7c6b6b,24-06-2024,26-06-2024 01:00,49,low,41,-1.0,False
1598,T-361ccf,A-ce66f8,06-12-2024,07-12-2024 09:00,33,low,33,4.0,False
1599,T-0416e6,A-44dc83,31-08-2023,01-09-2023 11:00,35,high,120,5.0,False
1600,T-c1de5f,A-a09355,13-10-2023,15-10-2023 22:00,70,urgent,28,-1.0,False
1601,T-15233b,A-c62e55,24-09-2023,24-09-2023 15:00,15,low,8,-1.0,False
1602,T-2e0ccd,A-3b37d9,30-09-2023,01-10-2023 17:00,41,low,111,-1.0,False
1603,T-488392,A-bd4513,30-12-2024,30-12-2024 10:00,10,high,12,5.0,False
1604,T-2be50d,A-3a5ad8,26-12-2024,26-12-2024 14:00,14,urgent,16,5.0,False
1605,T-6ce2af,A-ccabf0,22-04-2023,23-04-2023 11:00,35,high,156,4.0,False
1606,T-f1d9e6,A-5a215a,10-06-2024,10-06-2024 18:00,18,medium,4,3.0,False
1607,T-64293a,A-8ae3fc,27-04-2024,29-04-2024 11:00,59,high,65,4.0,False
1609,T-5fbdb4,A-2789e3,06-01-2024,06-01-2024 20:00,20,medium,116,4.0,False
1610,T-627615,A-dec005,04-05-2023,06-05-2023 04:00,52,high,124,-1.0,False
1611,T-7b13df,A-ac85cd,01-08-2024,01-08-2024 23:00,23,low,35,-1.0,False
1612,T-3118d4,A-df1e44,22-11-2024,24-11-2024 20:00,68,high,128,-1.0,False
1613,T-9ac4b7,A-42b791,05-04-2023,07-04-2023 02:00,50,medium,20,-1.0,False
1614,T-5d1f63,A-c42f1f,16-08-2023,16-08-2023 03:00,3,low,11,3.0,False
1615,T-f81be8,A-503d5a,29-10-2024,31-10-2024 15:00,63,low,57,4.0,False
1616,T-a952c0,A-855a48,18-04-2023,20-04-2023 00:00,48,high,125,4.0,False
1617,T-2bafb7,A-7d514c,07-12-2024,09-12-2024 04:00,52,high,39,-1.0,False
1618,T-1761af,A-50bb9f,02-08-2023,04-08-2023 15:00,63,low,29,4.0,False
1619,T-ca8e8f,A-c608c8,16-08-2024,18-08-2024 10:00,58,low,93,-1.0,False
1620,T-38dc90,A-6dee43,05-02-2023,08-02-2023 00:00,72,high,9,5.0,False
1621,T-e2a819,A-508199,05-03-2024,07-03-2024 12:00,60,low,123,3.0,False
1622,T-b1654b,A-3c1a3f,10-11-2023,12-11-2023 03:00,51,high,63,-1.0,False
1624,T-759461,A-45ce7a,10-02-2023,12-02-2023 12:00,60,low,87,4.0,False
1625,T-a6d9f2,A-4437e4,03-11-2024,03-11-2024 02:00,2,urgent,168,-1.0,False
1626,T-88e515,A-1f0ac7,09-04-2023,10-04-2023 20:00,44,high,174,-1.0,False
1627,T-6af11a,A-4ef964,10-06-2023,12-06-2023 10:00,58,medium,47,-1.0,False
1628,T-e85a54,A-7dacce,16-03-2024,18-03-2024 12:00,60,urgent,129,4.0,False
1629,T-5b2cc5,A-e4bf56,01-08-2024,01-08-2024 07:00,7,low,169,-1.0,False
1630,T-236dda,A-09316c,28-06-2024,30-06-2024 04:00,52,high,110,5.0,True
1631,T-17e9a8,A-296d7c,05-07-2023,07-07-2023 23:00,71,low,118,4.0,False
1632,T-0892d2,A-4f18f0,04-07-2023,04-07-2023 04:00,4,low,80,3.0,False
1633,T-2099b8,A-d4e0d4,18-08-2024,20-08-2024 05:00,53,high,119,3.0,False
1634,T-739439,A-67be94,28-11-2024,29-11-2024 05:00,29,high,32,3.0,False
1635,T-9f3c3d,A-417d2f,01-05-2023,02-05-2023 05:00,29,low,74,-1.0,False
1636,T-a5d583,A-462d45,11-01-2024,12-01-2024 12:00,36,high,111,-1.0,False
1637,T-a38b5d,A-fe79a5,01-12-2023,02-12-2023 10:00,34,low,32,-1.0,False
1638,T-3ff542,A-855a48,10-07-2024,12-07-2024 17:00,65,low,96,3.0,False
1639,T-22582a,A-4ef964,25-11-2024,27-11-2024 17:00,65,medium,151,5.0,False
1640,T-0bea7d,A-5b4ebb,03-08-2023,05-08-2023 05:00,53,low,31,4.0,False
1641,T-cc11bd,A-977ca0,21-11-2024,23-11-2024 16:00,64,urgent,152,4.0,False
1642,T-95369a,A-c37601,11-06-2023,12-06-2023 14:00,38,low,124,4.0,False
1643,T-7507e8,A-e83938,10-08-2023,13-08-2023 00:00,72,medium,26,-1.0,False
1644,T-9b3f6c,A-ba6516,25-12-2024,25-12-2024 15:00,15,medium,44,4.0,False
1645,T-f7b50d,A-309e54,06-01-2024,06-01-2024 02:00,2,urgent,66,-1.0,False
1646,T-9a1a87,A-671f31,07-07-2023,08-07-2023 07:00,31,high,32,5.0,False
1648,T-19bc1e,A-a45270,06-02-2024,08-02-2024 15:00,63,high,162,-1.0,False
1649,T-0f97f5,A-7f4db3,12-05-2023,12-05-2023 19:00,19,low,153,3.0,False
1650,T-b91d49,A-fb186e,07-02-2024,07-02-2024 07:00,7,urgent,107,3.0,False
1651,T-3b3bad,A-39ddf4,13-03-2024,14-03-2024 03:00,27,medium,116,4.0,False
1653,T-6dd363,A-40a557,05-07-2024,06-07-2024 18:00,42,medium,150,3.0,False
1654,T-53723b,A-f19409,30-04-2023,30-04-2023 13:00,13,medium,45,-1.0,False
1655,T-afc27c,A-684255,29-07-2024,29-07-2024 17:00,17,low,95,-1.0,True
1656,T-f01315,A-956988,22-11-2024,24-11-2024 09:00,57,urgent,153,3.0,False
1657,T-2184bf,A-4e960a,30-03-2023,31-03-2023 08:00,32,urgent,15,3.0,False
1658,T-b23b9f,A-65c341,15-04-2023,17-04-2023 07:00,55,low,109,-1.0,False
1659,T-3444f4,A-902ef7,28-11-2023,30-11-2023 12:00,60,urgent,40,4.0,False
1660,T-7431ee,A-c70870,05-06-2023,07-06-2023 13:00,61,high,171,-1.0,False
1661,T-935963,A-bcbe98,12-09-2024,12-09-2024 05:00,5,low,85,4.0,False
1662,T-7a95e0,A-0baac2,16-12-2023,16-12-2023 07:00,7,low,54,-1.0,False
1663,T-eb97d9,A-32fb14,22-07-2024,22-07-2024 21:00,21,urgent,115,-1.0,False
1664,T-d6707b,A-7df7a7,24-04-2023,26-04-2023 02:00,50,high,5,5.0,False
1665,T-b7489a,A-71615e,12-01-2024,14-01-2024 01:00,49,medium,77,-1.0,False
1666,T-06f51b,A-7dacce,20-01-2023,21-01-2023 02:00,26,high,5,4.0,False
1667,T-f35250,A-151c9a,31-05-2024,01-06-2024 15:00,39,high,137,4.0,False
1668,T-7dedc0,A-a8d89d,26-03-2024,27-03-2024 05:00,29,low,146,5.0,False
1669,T-c248c0,A-0baac2,05-06-2024,07-06-2024 11:00,59,high,54,3.0,False
1670,T-bd44ab,A-bcf87c,19-12-2023,21-12-2023 08:00,56,medium,59,5.0,False
1671,T-060d32,A-854864,18-03-2023,20-03-2023 14:00,62,high,177,5.0,False
1672,T-4b7f17,A-354f12,13-08-2023,14-08-2023 23:00,47,medium,171,-1.0,False
1674,T-0217dd,A-484819,05-02-2023,05-02-2023 19:00,19,urgent,78,5.0,False
1675,T-8c0ca5,A-cbbe12,05-02-2024,06-02-2024 15:00,39,high,158,-1.0,False
1676,T-c15cd8,A-e3bd71,24-11-2023,26-11-2023 06:00,54,medium,132,5.0,False
1677,T-08abd6,A-dfbd31,07-03-2023,08-03-2023 10:00,34,medium,72,3.0,False
1678,T-6f6f56,A-fd9422,18-03-2024,20-03-2024 06:00,54,low,157,3.0,False
1679,T-4dc394,A-3f9cc0,26-04-2023,26-04-2023 02:00,2,medium,159,4.0,False
1680,T-a594a0,A-4bfa33,20-05-2023,20-05-2023 19:00,19,medium,84,4.0,False
1681,T-46fbb6,A-69fad4,27-07-2023,29-07-2023 06:00,54,low,167,-1.0,False
1682,T-88aac2,A-c9bb3e,09-12-2023,10-12-2023 05:00,29,urgent,161,4.0,False
1683,T-65364e,A-5f7781,26-05-2024,26-05-2024 06:00,6,high,63,-1.0,False
1684,T-fa9585,A-0a282f,26-10-2024,26-10-2024 18:00,18,medium,144,4.0,False
1685,T-0afa9f,A-e08cd3,02-11-2023,03-11-2023 17:00,41,low,79,-1.0,False
1686,T-88f56c,A-1f7acb,22-04-2023,23-04-2023 13:00,37,urgent,146,3.0,False
1687,T-a28b90,A-b30291,15-05-2023,15-05-2023 16:00,16,urgent,1,-1.0,False
1688,T-c27824,A-54ecc2,16-02-2023,16-02-2023 07:00,7,low,55,5.0,False
1689,T-fa10d0,A-0651a4,11-09-2023,11-09-2023 03:00,3,urgent,18,-1.0,False
1690,T-3b0545,A-c16101,10-03-2023,11-03-2023 00:00,24,high,168,-1.0,False
1691,T-c67f26,A-e2cd1b,03-07-2024,04-07-2024 03:00,27,urgent,72,5.0,False
1692,T-c779b5,A-50bb9f,14-08-2024,15-08-2024 23:00,47,urgent,33,-1.0,False
1693,T-4291f4,A-1ac5e0,21-05-2024,22-05-2024 18:00,42,high,136,3.0,False
1694,T-ad61d7,A-271f46,09-02-2023,10-02-2023 12:00,36,medium,79,-1.0,False
1695,T-6b1bf1,A-180abf,20-01-2024,21-01-2024 10:00,34,medium,5,3.0,False
1696,T-00183b,A-37f969,06-09-2023,06-09-2023 06:00,6,medium,5,4.0,False
1697,T-d37bb3,A-524364,25-10-2024,25-10-2024 19:00,19,urgent,57,4.0,False
1698,T-2e3ee5,A-9bfc9f,21-09-2024,21-09-2024 13:00,13,low,45,-1.0,False
1699,T-fbe6c4,A-526d93,26-10-2023,29-10-2023 00:00,72,high,148,3.0,True
1700,T-1d1488,A-90a8c8,01-02-2023,03-02-2023 11:00,59,urgent,71,4.0,False
1701,T-34c636,A-2922b6,13-11-2024,13-11-2024 04:00,4,high,70,4.0,False
1702,T-0aacaa,A-671f31,02-02-2023,03-02-2023 02:00,26,urgent,22,-1.0,False
1703,T-3c9151,A-59f724,15-12-2024,16-12-2024 05:00,29,urgent,146,4.0,False
1704,T-3915f7,A-310452,10-04-2024,10-04-2024 11:00,11,medium,139,3.0,False
1705,T-b7fe89,A-bad8c1,27-04-2024,28-04-2024 03:00,27,high,49,4.0,False
1706,T-f47516,A-db5e9e,11-01-2024,13-01-2024 20:00,68,low,18,5.0,False
1707,T-12e968,A-de58ca,07-12-2023,09-12-2023 11:00,59,medium,125,-1.0,False
1708,T-0037fe,A-e4bf56,02-05-2023,02-05-2023 04:00,4,urgent,78,3.0,False
1709,T-01bdb9,A-625d0b,20-11-2023,21-11-2023 19:00,43,low,34,3.0,False
1710,T-ee390f,A-410e86,18-03-2024,18-03-2024 22:00,22,medium,125,4.0,False
1711,T-8d7ff3,A-eb7fac,15-09-2023,15-09-2023 05:00,5,urgent,147,-1.0,False
1712,T-2572b1,A-712f1c,10-11-2023,11-11-2023 18:00,42,urgent,88,5.0,False
1713,T-45bddf,A-a45270,01-01-2024,03-01-2024 21:00,69,urgent,120,-1.0,False
1714,T-4537a8,A-7c5768,14-10-2024,14-10-2024 05:00,5,urgent,150,3.0,False
1715,T-6804d9,A-39b19f,13-04-2023,15-04-2023 11:00,59,high,26,3.0,False
1716,T-1df6ee,A-34d880,12-07-2024,13-07-2024 08:00,32,low,131,3.0,False
1717,T-6511fb,A-1e1b80,25-05-2023,26-05-2023 07:00,31,high,32,3.0,False
1718,T-7ad7ec,A-d4ac0e,28-06-2024,29-06-2024 04:00,28,high,53,-1.0,False
1719,T-1c02f2,A-417d2f,18-11-2023,19-11-2023 20:00,44,urgent,113,4.0,False
1720,T-0374bc,A-f446b6,06-12-2023,07-12-2023 14:00,38,urgent,53,3.0,False
1721,T-5d8f79,A-fb186e,28-07-2024,29-07-2024 11:00,35,medium,92,-1.0,False
1722,T-cee549,A-b07346,12-11-2024,12-11-2024 05:00,5,urgent,37,3.0,False
1723,T-fe219c,A-2d1036,22-03-2023,24-03-2023 16:00,64,high,3,4.0,False
1724,T-2912e9,A-5ed98d,13-02-2023,13-02-2023 14:00,14,medium,133,-1.0,False
1725,T-c78f8a,A-e4144b,04-11-2023,06-11-2023 14:00,62,medium,175,4.0,False
1726,T-429ce0,A-39ddf4,31-05-2023,31-05-2023 01:00,1,high,17,5.0,False
1727,T-f72f97,A-de24d5,27-06-2024,28-06-2024 17:00,41,medium,99,3.0,False
1730,T-36b118,A-84ebe4,18-07-2023,18-07-2023 11:00,11,high,128,-1.0,False
1731,T-bd85e1,A-3a5ad8,02-09-2024,04-09-2024 17:00,65,high,22,4.0,False
1732,T-089718,A-812c5b,06-01-2023,06-01-2023 13:00,13,medium,105,-1.0,False
1733,T-4f0baf,A-94d3da,13-09-2023,14-09-2023 03:00,27,urgent,60,-1.0,False
1734,T-ced7f6,A-f1f639,18-09-2024,18-09-2024 19:00,19,low,27,5.0,False
1735,T-cfb0cf,A-10b8da,18-04-2023,19-04-2023 09:00,33,low,77,3.0,False
1736,T-769e8b,A-35083d,24-09-2023,25-09-2023 09:00,33,high,176,5.0,False
1737,T-f0b00c,A-4437e4,16-11-2024,16-11-2024 18:00,18,medium,179,3.0,False
1738,T-c0657b,A-9289f6,12-06-2023,14-06-2023 02:00,50,low,155,-1.0,False
1739,T-4db443,A-08e34e,29-03-2024,30-03-2024 07:00,31,low,15,-1.0,False
1740,T-19a57f,A-2edab2,18-10-2023,20-10-2023 00:00,48,low,34,-1.0,False
1741,T-8639ca,A-8e47ca,30-09-2023,03-10-2023 00:00,72,medium,145,5.0,True
1742,T-26d259,A-712f1c,26-10-2023,28-10-2023 08:00,56,low,96,4.0,False
1743,T-cc9f02,A-5790f4,19-10-2024,20-10-2024 06:00,30,urgent,80,-1.0,False
1744,T-d3c23c,A-396e5f,25-08-2023,25-08-2023 02:00,2,low,166,-1.0,False
1745,T-35e9e6,A-b7b7b7,12-08-2023,13-08-2023 17:00,41,medium,37,5.0,False
1746,T-36db9a,A-6a7c9d,09-03-2023,11-03-2023 00:00,48,high,125,5.0,False
1747,T-9130f4,A-3d957b,02-03-2024,03-03-2024 02:00,26,high,73,-1.0,False
1748,T-52b693,A-e61e98,17-02-2024,18-02-2024 00:00,24,high,10,5.0,False
1749,T-97f5bb,A-31ab9a,25-12-2024,25-12-2024 21:00,21,medium,6,3.0,False
1750,T-633a99,A-016043,13-04-2024,13-04-2024 12:00,12,high,63,-1.0,False
1751,T-678cb9,A-463db0,08-02-2023,10-02-2023 18:00,66,medium,39,4.0,False
1752,T-a5b987,A-158f4e,27-01-2023,27-01-2023 23:00,23,high,156,-1.0,False
1753,T-94fe73,A-3a7284,16-08-2024,18-08-2024 19:00,67,urgent,56,4.0,False
1754,T-399f72,A-37f969,15-12-2023,15-12-2023 11:00,11,high,154,3.0,False
1755,T-8f66c9,A-c1dfe1,08-07-2024,10-07-2024 17:00,65,high,110,-1.0,False
1756,T-ec5618,A-1986ca,07-09-2024,09-09-2024 14:00,62,low,175,3.0,False
1757,T-1160c9,A-afa505,24-09-2023,25-09-2023 13:00,37,medium,58,3.0,False
1758,T-512f1f,A-fd9422,05-12-2023,06-12-2023 13:00,37,high,141,3.0,False
1759,T-2d97f8,A-4814a3,15-02-2024,16-02-2024 00:00,24,urgent,20,4.0,False
1760,T-ce367c,A-533452,27-07-2024,27-07-2024 20:00,20,urgent,30,-1.0,False
1761,T-10fe26,A-560d27,22-12-2023,22-12-2023 04:00,4,medium,29,5.0,False
1762,T-9bb4f6,A-7f4db3,20-05-2024,20-05-2024 08:00,8,medium,14,4.0,False
1763,T-a2dd12,A-18793f,01-10-2023,02-10-2023 09:00,33,high,168,4.0,False
1764,T-1742e2,A-7dacce,13-02-2024,14-02-2024 13:00,37,high,32,-1.0,False
1765,T-a661ac,A-9b9fe9,30-11-2023,02-12-2023 23:00,71,low,161,4.0,False
1766,T-17de9f,A-3932db,14-12-2023,15-12-2023 10:00,34,medium,46,-1.0,False
1768,T-04752b,A-9badbd,08-03-2023,09-03-2023 04:00,28,high,155,-1.0,False
1769,T-90e0e9,A-89ee83,14-05-2024,16-05-2024 03:00,51,medium,36,4.0,False
1770,T-77863a,A-e60f9d,27-01-2024,29-01-2024 23:00,71,urgent,132,-1.0,False
1771,T-eecc2f,A-c9bb3e,05-12-2024,05-12-2024 04:00,4,high,73,-1.0,False
1772,T-6014e5,A-e7beab,16-10-2023,18-10-2023 09:00,57,high,161,3.0,False
1773,T-0a20f3,A-7f6b86,03-07-2023,05-07-2023 17:00,65,medium,156,3.0,False
1774,T-415f6a,A-bd4708,03-12-2023,04-12-2023 05:00,29,urgent,2,-1.0,False
1775,T-afb450,A-e83938,22-05-2024,23-05-2024 17:00,41,low,171,-1.0,False
1776,T-b8b946,A-cc1d8d,09-04-2024,11-04-2024 14:00,62,medium,126,-1.0,False
1777,T-e771c5,A-0f3e88,28-07-2024,30-07-2024 17:00,65,low,4,-1.0,False
1778,T-65eac5,A-b07b56,19-04-2023,19-04-2023 15:00,15,urgent,104,-1.0,False
1779,T-4ad95c,A-118d55,03-12-2024,05-12-2024 02:00,50,medium,122,-1.0,False
1780,T-7bfd11,A-bb1eaa,04-06-2024,05-06-2024 00:00,24,low,11,-1.0,False
1781,T-55f338,A-cdf020,16-01-2023,16-01-2023 12:00,12,high,5,3.0,False
1782,T-30918a,A-c7ffc2,28-02-2024,01-03-2024 17:00,65,high,29,3.0,False
1783,T-035ec1,A-df10db,11-09-2024,13-09-2024 21:00,69,medium,127,3.0,False
1784,T-35cdd0,A-c16101,31-08-2024,31-08-2024 17:00,17,high,67,-1.0,False
1785,T-43635f,A-de58ca,05-11-2024,06-11-2024 10:00,34,medium,152,4.0,False
1786,T-192ed5,A-3932db,22-09-2024,24-09-2024 13:00,61,low,74,-1.0,False
1787,T-890bef,A-39ddf4,11-01-2023,11-01-2023 07:00,7,high,109,4.0,False
1788,T-dd8c7f,A-439b2f,23-01-2024,24-01-2024 06:00,30,urgent,66,-1.0,False
1789,T-c88d4c,A-82d8a6,09-09-2024,11-09-2024 05:00,53,urgent,163,4.0,False
1790,T-30e7ba,A-31ab9a,17-01-2024,18-01-2024 23:00,47,high,58,-1.0,False
1791,T-cfbf16,A-249769,12-10-2024,14-10-2024 15:00,63,low,13,5.0,False
1792,T-ab3873,A-8b0451,09-01-2023,09-01-2023 16:00,16,urgent,115,-1.0,False
1793,T-db8ee9,A-05f0e5,06-06-2024,06-06-2024 13:00,13,medium,58,4.0,False
1794,T-11a32d,A-94c3cd,05-11-2023,07-11-2023 06:00,54,urgent,86,-1.0,True
1795,T-01fc55,A-faa28c,25-07-2023,27-07-2023 22:00,70,urgent,22,5.0,False
1796,T-d1168e,A-65a46c,09-04-2024,11-04-2024 03:00,51,urgent,103,5.0,False
1797,T-23bb61,A-756192,16-06-2024,17-06-2024 12:00,36,low,171,3.0,False
1799,T-ed8926,A-32728c,11-03-2023,12-03-2023 05:00,29,medium,72,4.0,False
1800,T-675f77,A-af0cd2,16-08-2023,18-08-2023 10:00,58,low,173,-1.0,False
1801,T-0134fb,A-c16101,08-12-2024,09-12-2024 10:00,34,urgent,70,-1.0,True
1802,T-5cfb64,A-5a92e7,15-08-2024,17-08-2024 21:00,69,low,136,-1.0,False
1803,T-27abc5,A-4c56c9,06-01-2024,08-01-2024 02:00,50,high,61,3.0,False
1804,T-0b8b7d,A-3b5cd1,18-04-2023,19-04-2023 00:00,24,low,53,-1.0,False
1805,T-30849e,A-e51ec7,03-03-2023,03-03-2023 15:00,15,low,99,-1.0,False
1806,T-5dc1bf,A-86cdb4,29-03-2024,30-03-2024 09:00,33,urgent,129,-1.0,False
1807,T-0cfcc4,A-69fad4,13-09-2024,13-09-2024 01:00,1,urgent,164,4.0,False
1808,T-1f3e8a,A-f03140,08-05-2023,08-05-2023 12:00,12,medium,132,-1.0,False
1809,T-4bfec4,A-09316c,12-11-2024,13-11-2024 16:00,40,low,105,3.0,False
1810,T-2fdfe5,A-05d3b3,14-05-2024,15-05-2024 15:00,39,low,114,4.0,False
1811,T-07ff37,A-b54c01,07-01-2024,08-01-2024 18:00,42,high,106,-1.0,False
1812,T-484790,A-0f6450,13-12-2023,14-12-2023 18:00,42,urgent,102,-1.0,False
1813,T-37b3f3,A-e40f45,26-02-2024,26-02-2024 21:00,21,high,132,5.0,False
1814,T-a96055,A-e43bf7,27-11-2024,29-11-2024 01:00,49,medium,9,4.0,False
1815,T-a1823c,A-50bb9f,17-08-2024,19-08-2024 08:00,56,urgent,25,-1.0,False
1816,T-5faeda,A-92a333,03-06-2023,03-06-2023 04:00,4,high,55,-1.0,False
1817,T-ac9630,A-13466a,11-11-2023,11-11-2023 05:00,5,high,130,5.0,False
1819,T-37e292,A-ac14bb,12-06-2024,13-06-2024 04:00,28,low,38,4.0,False
1820,T-4c0c16,A-6dee43,19-07-2024,21-07-2024 21:00,69,urgent,108,-1.0,False
1821,T-2873de,A-10b8f2,31-01-2024,31-01-2024 12:00,12,low,59,3.0,False
1822,T-b5076f,A-712533,07-08-2024,09-08-2024 19:00,67,medium,53,3.0,False
1823,T-68fee5,A-5ed98d,12-03-2024,12-03-2024 16:00,16,urgent,114,-1.0,False
1824,T-3329cb,A-592832,30-04-2024,30-04-2024 09:00,9,low,123,5.0,False
1825,T-38a3f8,A-5c9849,14-12-2023,16-12-2023 18:00,66,low,41,-1.0,False
1826,T-f2c439,A-f6b2fb,18-04-2023,20-04-2023 21:00,69,medium,70,3.0,False
1827,T-39424e,A-ccc747,05-08-2024,05-08-2024 05:00,5,medium,137,-1.0,True
1828,T-856bdd,A-508199,17-08-2024,19-08-2024 00:00,48,low,52,-1.0,False
1829,T-c9a926,A-6a4e2d,15-09-2024,15-09-2024 15:00,15,low,126,5.0,True
1830,T-c7f28d,A-ffc04f,17-08-2023,17-08-2023 14:00,14,low,9,-1.0,True
1831,T-1a8ff8,A-e61e98,22-04-2023,22-04-2023 02:00,2,low,44,5.0,True
1832,T-6ff72c,A-241e75,02-09-2024,03-09-2024 02:00,26,high,178,5.0,False
1834,T-ab7721,A-22f2df,24-03-2023,26-03-2023 13:00,61,urgent,19,-1.0,False
1835,T-ae3a16,A-186a44,19-06-2024,21-06-2024 03:00,51,low,97,-1.0,False
1836,T-9aee85,A-9ee962,26-05-2024,27-05-2024 15:00,39,medium,155,-1.0,False
1837,T-e17f8c,A-ac85cd,02-02-2024,02-02-2024 17:00,17,low,66,4.0,False
1838,T-31cd64,A-eb7c38,13-02-2023,14-02-2023 17:00,41,urgent,33,4.0,False
1839,T-814d7e,A-313be3,09-11-2024,10-11-2024 15:00,39,low,141,5.0,True
1840,T-984352,A-417d2f,15-02-2023,15-02-2023 10:00,10,high,129,4.0,False
1842,T-7af423,A-149a69,28-08-2024,28-08-2024 09:00,9,medium,172,4.0,False
1843,T-162d1f,A-a0ca4e,20-08-2023,22-08-2023 12:00,60,high,77,4.0,True
1844,T-b2925a,A-eb7fac,15-01-2024,17-01-2024 23:00,71,low,172,-1.0,False
1845,T-e3507b,A-e98302,28-02-2023,28-02-2023 14:00,14,high,95,4.0,False
1846,T-88abc2,A-ad64c6,13-10-2024,13-10-2024 12:00,12,high,159,-1.0,False
1847,T-b348cc,A-cbd1a3,22-07-2023,23-07-2023 09:00,33,urgent,145,4.0,False
1848,T-42f242,A-922109,12-04-2024,14-04-2024 01:00,49,high,104,3.0,False
1849,T-1df364,A-c70870,06-05-2024,06-05-2024 19:00,19,medium,127,4.0,False
1850,T-6b8b96,A-d27f50,27-03-2023,29-03-2023 12:00,60,urgent,101,3.0,False
1851,T-2fa50a,A-b9f5b1,10-02-2023,11-02-2023 13:00,37,medium,17,4.0,False
1852,T-f4bc90,A-503d5a,28-04-2023,28-04-2023 11:00,11,high,27,3.0,False
1853,T-fecc33,A-712f1c,07-09-2023,08-09-2023 07:00,31,low,121,3.0,False
1854,T-a2665a,A-cea1f0,11-10-2024,12-10-2024 04:00,28,urgent,161,4.0,False
1855,T-b77fc1,A-558c72,10-05-2023,12-05-2023 18:00,66,high,83,-1.0,False
1856,T-42c4fb,A-17939a,18-08-2023,18-08-2023 08:00,8,urgent,50,-1.0,False
1857,T-7a1469,A-503d5a,02-05-2024,04-05-2024 16:00,64,medium,27,-1.0,False
1858,T-186d63,A-cbbe12,08-08-2024,09-08-2024 02:00,26,medium,40,-1.0,False
1859,T-581c3c,A-4c56c9,05-10-2024,06-10-2024 05:00,29,high,8,3.0,False
1860,T-93e27e,A-8bde0c,06-08-2023,08-08-2023 07:00,55,high,42,4.0,False
1861,T-5ac967,A-4814a3,08-03-2023,08-03-2023 12:00,12,urgent,161,-1.0,False
1862,T-6086c6,A-cd458b,08-09-2024,08-09-2024 02:00,2,urgent,84,5.0,False
1863,T-ca2383,A-81edc3,20-05-2024,22-05-2024 12:00,60,high,79,5.0,False
1864,T-271d67,A-40a557,27-10-2024,27-10-2024 01:00,1,urgent,1,-1.0,False
1865,T-2a6f2e,A-cc98bc,24-03-2023,24-03-2023 01:00,1,low,159,4.0,False
1866,T-7cab7d,A-c37cab,15-01-2024,15-01-2024 01:00,1,low,28,4.0,False
1867,T-1ce30f,A-82d8a6,13-11-2024,14-11-2024 02:00,26,medium,37,-1.0,False
1868,T-ea65ad,A-8b0451,30-01-2024,30-01-2024 06:00,6,medium,79,4.0,False
1870,T-0111f8,A-96e141,15-04-2024,15-04-2024 23:00,23,high,95,5.0,False
1871,T-d82e4d,A-f446b6,29-06-2023,01-07-2023 03:00,51,urgent,120,-1.0,False
1872,T-e5a027,A-40a557,24-06-2024,24-06-2024 01:00,1,urgent,44,-1.0,False
1873,T-b123d2,A-32fb14,05-09-2024,05-09-2024 07:00,7,low,89,4.0,False
1875,T-46e5ce,A-089363,06-09-2024,08-09-2024 11:00,59,high,46,4.0,False
1876,T-e481c6,A-856b1e,01-08-2023,03-08-2023 03:00,51,low,22,-1.0,False
1877,T-9d8a29,A-c222ab,16-07-2024,17-07-2024 13:00,37,urgent,131,-1.0,False
1878,T-bafc8d,A-c42f1f,14-11-2023,14-11-2023 01:00,1,high,122,-1.0,True
1879,T-94b674,A-f25509,20-10-2023,21-10-2023 20:00,44,urgent,78,-1.0,False
1880,T-92101f,A-202b67,12-02-2024,13-02-2024 11:00,35,high,51,5.0,False
1881,T-cd3896,A-17939a,14-05-2024,15-05-2024 02:00,26,high,35,5.0,False
1882,T-b52677,A-53f4e3,11-03-2023,11-03-2023 06:00,6,high,138,3.0,False
1883,T-3ef55f,A-098560,02-09-2023,02-09-2023 01:00,1,high,174,3.0,True
1885,T-d2f0e5,A-8b0451,27-12-2023,27-12-2023 20:00,20,urgent,17,-1.0,False
1886,T-a2f9f7,A-f19b24,05-11-2023,07-11-2023 10:00,58,medium,75,4.0,False
1887,T-d9600d,A-98a59a,18-12-2024,19-12-2024 03:00,27,urgent,106,4.0,False
1888,T-287662,A-a7bd4b,07-11-2024,08-11-2024 16:00,40,medium,57,3.0,False
1889,T-7932c2,A-f17767,28-01-2024,28-01-2024 09:00,9,urgent,132,5.0,False
1890,T-1cf7fa,A-39ddf4,14-10-2024,14-10-2024 12:00,12,high,21,4.0,False
1891,T-24d5c4,A-4f18f0,20-03-2024,22-03-2024 08:00,56,high,79,4.0,False
1892,T-7d2f68,A-fd7ad3,17-10-2024,19-10-2024 11:00,59,low,167,5.0,False
1893,T-d5e980,A-22d9d2,21-06-2023,21-06-2023 18:00,18,low,137,4.0,False
1894,T-d80204,A-684255,11-08-2024,12-08-2024 05:00,29,medium,6,5.0,False
1895,T-ae53a2,A-0532a9,29-01-2024,31-01-2024 11:00,59,low,165,-1.0,False
1896,T-056a79,A-c43359,23-05-2024,24-05-2024 08:00,32,urgent,103,-1.0,False
1897,T-27e2a5,A-9f9299,11-09-2024,13-09-2024 19:00,67,low,42,-1.0,False
1898,T-f73830,A-51ec1b,11-09-2024,13-09-2024 23:00,71,low,174,-1.0,True
1899,T-182de8,A-993085,07-06-2024,08-06-2024 07:00,31,low,108,-1.0,False
1900,T-cb1b0e,A-a33200,12-05-2024,14-05-2024 08:00,56,urgent,46,5.0,False
1901,T-54b828,A-c42f1f,27-02-2024,27-02-2024 22:00,22,low,150,5.0,False
1902,T-f0ff14,A-b179bf,02-11-2024,02-11-2024 12:00,12,urgent,17,-1.0,False
1903,T-72f058,A-118d55,16-02-2023,16-02-2023 09:00,9,high,82,-1.0,False
1904,T-ed12da,A-702032,30-03-2023,31-03-2023 12:00,36,medium,34,3.0,False
1905,T-b3f296,A-05f0e5,04-10-2023,04-10-2023 11:00,11,high,91,4.0,False
1906,T-2bec1c,A-6dee43,07-11-2024,07-11-2024 15:00,15,high,51,-1.0,False
1907,T-22afc4,A-cdf020,13-04-2024,14-04-2024 11:00,35,urgent,3,4.0,False
1908,T-8e58b9,A-cc1d8d,06-08-2024,06-08-2024 03:00,3,high,106,4.0,False
1909,T-01387f,A-854864,26-03-2024,27-03-2024 21:00,45,low,74,5.0,False
1910,T-9f4e20,A-7a0d69,04-07-2024,05-07-2024 12:00,36,urgent,83,-1.0,False
1911,T-374bd7,A-038089,14-05-2023,14-05-2023 17:00,17,low,36,-1.0,False
1912,T-a65795,A-d77f4c,30-06-2023,30-06-2023 08:00,8,urgent,82,5.0,False
1913,T-d552c8,A-94f8c9,21-02-2024,21-02-2024 22:00,22,urgent,93,5.0,False
1914,T-c6ebe1,A-331424,15-03-2023,15-03-2023 20:00,20,medium,154,-1.0,False
1915,T-2f3247,A-716841,25-04-2024,25-04-2024 04:00,4,low,48,4.0,False
1916,T-5117fb,A-c7e58b,11-12-2023,13-12-2023 17:00,65,medium,64,3.0,False
1917,T-c1b39d,A-92a333,05-06-2024,06-06-2024 20:00,44,low,103,-1.0,True
1918,T-f99a2c,A-4a267b,26-04-2023,26-04-2023 01:00,1,medium,61,3.0,False
1919,T-83edca,A-3f9cc0,01-05-2024,01-05-2024 12:00,12,urgent,99,5.0,True
1920,T-721dbc,A-53f4e3,13-10-2023,13-10-2023 12:00,12,urgent,54,-1.0,False
1921,T-592ec1,A-544d0a,23-05-2023,24-05-2023 03:00,27,low,161,5.0,False
1923,T-381eff,A-9f9299,28-12-2024,29-12-2024 11:00,35,low,139,5.0,False
1924,T-115c3c,A-95b24a,01-02-2024,01-02-2024 09:00,9,medium,162,5.0,False
1925,T-3d0cfa,A-1e6fc3,15-04-2023,15-04-2023 23:00,23,urgent,50,3.0,False
1926,T-ac71c9,A-186a44,18-01-2024,18-01-2024 08:00,8,high,155,3.0,False
1927,T-bf29da,A-0cc442,29-04-2024,01-05-2024 10:00,58,urgent,110,3.0,False
1928,T-b3feb3,A-f5641b,14-09-2024,16-09-2024 21:00,69,high,121,3.0,True
1929,T-c6fa3a,A-7c6b6b,04-06-2023,06-06-2023 05:00,53,low,96,5.0,False
1930,T-b5fa1f,A-44dc83,07-10-2023,07-10-2023 16:00,16,medium,57,-1.0,False
1931,T-d51d42,A-ba6516,08-03-2023,08-03-2023 09:00,9,low,149,5.0,False
1932,T-ba8b3a,A-d4ac0e,18-06-2023,18-06-2023 22:00,22,high,40,4.0,False
1933,T-dba043,A-32fb14,17-06-2024,19-06-2024 14:00,62,urgent,60,5.0,False
1934,T-0bb5ac,A-7920cc,21-10-2024,21-10-2024 13:00,13,low,9,-1.0,False
1935,T-cff159,A-180abf,15-08-2023,17-08-2023 17:00,65,medium,138,-1.0,False
1936,T-2b5ff8,A-0651a4,12-09-2024,14-09-2024 18:00,66,high,32,5.0,False
1937,T-79d436,A-05f0e5,25-01-2023,25-01-2023 20:00,20,high,177,4.0,False
1938,T-8da35c,A-7f4db3,14-03-2023,14-03-2023 15:00,15,urgent,60,3.0,False
1939,T-611dd3,A-44dc83,02-03-2024,04-03-2024 11:00,59,high,169,5.0,False
1940,T-12a740,A-87aa7b,29-12-2024,29-12-2024 22:00,22,urgent,147,-1.0,False
1941,T-9656b4,A-f51f16,10-07-2024,12-07-2024 10:00,58,urgent,172,-1.0,False
1942,T-10fc64,A-7f4db3,09-08-2024,09-08-2024 12:00,12,medium,75,-1.0,False
1943,T-069c43,A-1986ca,08-04-2024,10-04-2024 02:00,50,high,53,3.0,False
1944,T-263799,A-d4e0d4,15-02-2024,16-02-2024 05:00,29,medium,6,-1.0,False
1945,T-89a21e,A-b07b56,30-10-2024,01-11-2024 07:00,55,high,113,-1.0,False
1946,T-0ba1a8,A-f25509,05-11-2023,07-11-2023 06:00,54,urgent,72,5.0,False
1947,T-7e4e70,A-20736a,08-06-2024,09-06-2024 23:00,47,low,26,5.0,False
1948,T-20af37,A-faa28c,30-10-2024,01-11-2024 06:00,54,low,174,-1.0,False
1949,T-d5f42b,A-18793f,11-10-2023,13-10-2023 18:00,66,low,81,3.0,False
1950,T-d895b8,A-ed510f,04-05-2023,05-05-2023 08:00,32,low,45,3.0,False
1951,T-db932a,A-9779ad,28-10-2024,28-10-2024 10:00,10,urgent,92,-1.0,False
1952,T-784b41,A-dcc3f1,10-10-2023,10-10-2023 23:00,23,medium,21,4.0,False
1953,T-fdf135,A-34ea2f,04-01-2023,05-01-2023 20:00,44,urgent,65,4.0,False
1954,T-7905fa,A-55f257,10-12-2023,11-12-2023 19:00,43,low,175,-1.0,False
1955,T-4a53fe,A-e40f45,12-07-2024,14-07-2024 01:00,49,low,153,-1.0,False
1956,T-0238f9,A-443b7c,19-07-2024,19-07-2024 05:00,5,medium,81,4.0,False
1957,T-762081,A-068fc6,24-01-2023,25-01-2023 19:00,43,urgent,118,5.0,False
1958,T-8e6d12,A-6f50ae,14-11-2024,14-11-2024 01:00,1,high,83,4.0,False
1959,T-fcfcf7,A-89ee83,13-02-2024,13-02-2024 05:00,5,low,82,4.0,False
1960,T-fe6445,A-a865bd,05-06-2024,05-06-2024 21:00,21,urgent,9,-1.0,False
1961,T-ce0f83,A-296d7c,24-07-2024,27-07-2024 00:00,72,urgent,68,3.0,False
1962,T-5752a2,A-95b24a,18-07-2023,19-07-2023 23:00,47,urgent,82,4.0,False
1963,T-c1ac80,A-342303,25-10-2023,27-10-2023 18:00,66,high,125,4.0,False
1964,T-7eaf4c,A-86902e,12-01-2024,13-01-2024 10:00,34,low,63,3.0,False
1965,T-7f775b,A-59f724,23-01-2024,23-01-2024 03:00,3,high,154,4.0,False
1966,T-e11f4e,A-92a333,18-11-2023,18-11-2023 20:00,20,medium,64,-1.0,False
1967,T-bbad1e,A-3793ee,23-11-2023,25-11-2023 04:00,52,low,178,-1.0,False
1968,T-e0d92c,A-31ab9a,27-12-2023,27-12-2023 23:00,23,urgent,37,-1.0,False
1969,T-6533ba,A-90a8c8,07-04-2024,08-04-2024 03:00,27,medium,1,3.0,False
1970,T-2b3584,A-f9cc74,14-02-2024,15-02-2024 09:00,33,low,120,5.0,False
1971,T-9d29d0,A-34ea2f,30-12-2023,31-12-2023 21:00,45,low,60,-1.0,False
1972,T-c6eb1f,A-2b9d3e,24-06-2024,25-06-2024 19:00,43,urgent,43,-1.0,False
1973,T-7f7908,A-78f02b,10-01-2023,10-01-2023 08:00,8,low,2,3.0,False
1974,T-508ea0,A-9289f6,21-10-2023,21-10-2023 12:00,12,high,53,3.0,False
1975,T-f402a9,A-e888d1,21-12-2023,22-12-2023 04:00,28,high,91,5.0,False
1976,T-731aca,A-139c3b,29-12-2023,29-12-2023 14:00,14,high,36,-1.0,False
1977,T-7a57cf,A-0f6450,21-08-2023,22-08-2023 07:00,31,medium,59,5.0,False
1979,T-922d49,A-7f6b86,20-12-2024,21-12-2024 07:00,31,urgent,114,4.0,False
1980,T-c6e82b,A-bc87bc,06-06-2024,07-06-2024 13:00,37,high,178,-1.0,False
1982,T-e7e186,A-443b7c,27-02-2024,29-02-2024 12:00,60,urgent,91,-1.0,False
1983,T-d980c3,A-4c38bc,14-04-2023,14-04-2023 11:00,11,urgent,20,-1.0,False
1984,T-5bc279,A-443b7c,22-03-2023,22-03-2023 23:00,23,urgent,18,5.0,False
1985,T-ffb356,A-65c341,15-10-2023,16-10-2023 23:00,47,high,93,4.0,False
1986,T-f1c022,A-e4bf56,10-04-2023,10-04-2023 18:00,18,high,73,3.0,False
1987,T-71d508,A-9b9fe9,15-06-2023,15-06-2023 22:00,22,low,180,5.0,False
1988,T-bf44a3,A-de24d5,16-11-2024,17-11-2024 21:00,45,high,103,-1.0,False
1989,T-5da5ab,A-bb3bd4,14-12-2024,14-12-2024 17:00,17,urgent,153,3.0,False
1990,T-0811d4,A-f6b2fb,29-10-2023,31-10-2023 10:00,58,medium,24,4.0,False
1991,T-a35ae1,A-80eeb6,30-01-2023,01-02-2023 20:00,68,high,38,-1.0,False
1992,T-ffdef9,A-1b707d,17-09-2023,18-09-2023 21:00,45,low,13,-1.0,False
1993,T-76632d,A-00bed1,16-05-2024,17-05-2024 03:00,27,high,46,-1.0,False
1994,T-cbc3ef,A-c4ea60,06-02-2023,08-02-2023 02:00,50,medium,51,3.0,False
1995,T-d9d697,A-417d2f,06-11-2024,08-11-2024 22:00,70,urgent,3,-1.0,False
1996,T-a9918a,A-b20d99,12-02-2023,14-02-2023 15:00,63,low,22,3.0,False
1997,T-e3c91a,A-d3c88e,29-04-2023,02-05-2023 00:00,72,high,16,4.0,False
1998,T-91c983,A-dfbd31,23-05-2023,23-05-2023 03:00,3,high,177,5.0,False
1999,T-ccf229,A-b2225d,10-07-2024,12-07-2024 12:00,60,high,24,-1.0,False
2000,T-000001,A-8bde0c,06-08-2023,08-08-2023 07:00,55,high,42,4.0,False
2002,T-000003,A-c42f1f,30-01-2024,01-02-2024 09:00,57,medium,140,4.0,False
2005,T-4b2bf5,A-e7a1e2,31-03-2024,01-04-2024 21:00,45,low,37,4.0,False
2006,T-000006,A-118d55,24-07-2023,25-07-2023 13:00,37,medium,47,5.0,False
2008,T-000008,A-b78bf8,15-04-2023,16-04-2023 00:00,24,urgent,7,3.0,False
2010,T-000009,A-bb3bd4,06-10-2024,06-10-2024 08:00,8,medium,63,3.0,False
2015,T-7a48cd,A-4c38bc,27-07-2024,29-07-2024 18:00,66,medium,37,4.0,False
2021,T-000010,A-7df7a7,24-04-2023,26-04-2023 02:00,50,high,5,5.0,False
2027,T-000015,A-f9cc74,09-12-2024,11-12-2024 02:00,50,medium,26,3.0,False
2035,T-00001b,A-13466a,24-06-2023,24-06-2023 21:00,21,high,77,5.0,False
2036,T-00001c,A-2789e3,06-01-2024,06-01-2024 20:00,20,medium,116,4.0,False
2041,T-000020,A-0cc442,29-04-2024,01-05-2024 10:00,58,urgent,110,3.0,False
2042,T-000021,A-50f3f7,17-04-2023,18-04-2023 06:00,30,urgent,155,5.0,True
2047,T-000025,A-659280,17-04-2023,17-04-2023 02:00,2,low,91,4.0,False
2050,T-000028,A-e98302,28-09-2023,01-10-2023 00:00,72,urgent,178,4.0,False
2052,T-00002a,A-59f724,19-09-2024,20-09-2024 02:00,26,medium,48,5.0,False
2053,T-00002b,A-b78bf8,15-09-2023,16-09-2023 16:00,40,low,93,5.0,False
2057,T-00002d,A-37f969,06-09-2023,06-09-2023 06:00,6,medium,5,4.0,False
2061,T-000030,A-781cc0,28-01-2024,30-01-2024 23:00,71,low,9,3.0,False
2062,T-000031,A-508199,05-03-2024,07-03-2024 12:00,60,low,123,3.0,False
2064,T-000033,A-9b9fe9,15-06-2023,15-06-2023 22:00,22,low,180,5.0,False
2071,T-000035,A-9bfc9f,01-03-2024,03-03-2024 10:00,58,low,72,3.0,False
2074,T-000037,A-474ad4,03-05-2024,03-05-2024 18:00,18,medium,76,5.0,False
2083,T-00003b,A-0f6450,08-04-2023,08-04-2023 16:00,16,medium,173,4.0,False
2097,T-000044,A-2ebb4b,03-07-2023,05-07-2023 03:00,51,high,124,3.0,False
2099,T-000045,A-ba6516,08-03-2023,08-03-2023 09:00,9,low,149,5.0,False
2100,T-000046,A-0f6450,24-04-2023,25-04-2023 04:00,28,low,46,3.0,False
2101,T-000047,A-a0ca4e,24-04-2023,24-04-2023 10:00,10,low,129,4.0,True
2111,T-000050,A-55f257,12-07-2024,14-07-2024 17:00,65,low,13,5.0,False
2116,T-000053,A-1e6fc3,08-03-2024,09-03-2024 09:00,33,low,120,3.0,False
2119,T-000055,A-ccabf0,22-04-2023,23-04-2023 11:00,35,high,156,4.0,False
2121,T-000057,A-3ce5b8,08-10-2023,09-10-2023 10:00,34,urgent,169,3.0,False
2127,T-000059,A-df10db,04-12-2023,06-12-2023 20:00,68,medium,46,3.0,True
2129,T-00005a,A-4a267b,17-05-2023,17-05-2023 07:00,7,low,166,5.0,False
2130,T-00005b,A-22d9d2,21-06-2023,21-06-2023 18:00,18,low,137,4.0,False
2131,T-00005c,A-32fb14,05-09-2024,05-09-2024 07:00,7,low,89,4.0,False
2133,T-00005d,A-e89151,01-04-2024,03-04-2024 06:00,54,medium,43,5.0,False
2134,T-00005e,A-3932db,28-01-2024,28-01-2024 19:00,19,high,158,5.0,False
2135,T-2fc301,A-7c4956,10-06-2024,10-06-2024 11:00,11,high,102,4.0,False
2137,T-b3f296,A-05f0e5,04-10-2023,04-10-2023 11:00,11,high,91,4.0,False
2138,T-000060,A-526d93,26-10-2023,29-10-2023 00:00,72,high,148,3.0,True
2141,T-000062,A-05d3b3,11-08-2024,11-08-2024 15:00,15,urgent,44,5.0,False
2142,T-000063,A-7dacce,20-01-2023,21-01-2023 02:00,26,high,5,4.0,False
2144,T-000064,A-068fc6,25-04-2024,26-04-2024 10:00,34,urgent,106,4.0,False
2147,T-000067,A-4a4c2d,15-11-2024,16-11-2024 20:00,44,high,128,5.0,False
2149,T-000068,A-f51f16,16-06-2023,16-06-2023 09:00,9,medium,73,3.0,False
2153,T-00006a,A-f1f639,21-04-2024,21-04-2024 21:00,21,urgent,90,4.0,False
2154,T-00006b,A-fb186e,11-01-2023,12-01-2023 19:00,43,medium,132,3.0,False
2156,T-00006d,A-1e6fc3,30-12-2023,30-12-2023 22:00,22,high,2,5.0,False
2161,T-000071,A-f5641b,31-05-2023,31-05-2023 04:00,4,urgent,46,3.0,False
2162,T-000072,A-37f969,25-07-2023,27-07-2023 22:00,70,medium,116,4.0,False
2167,T-000075,A-40a557,08-01-2023,09-01-2023 05:00,29,medium,146,3.0,False
2171,T-000078,A-65a46c,14-10-2023,16-10-2023 14:00,62,low,116,3.0,False
2175,T-000079,A-526d93,14-04-2024,16-04-2024 15:00,63,high,49,4.0,False
2178,T-00007b,A-32728c,25-01-2023,26-01-2023 16:00,40,medium,51,3.0,False
2181,T-00007e,A-eb2fdc,18-10-2023,18-10-2023 16:00,16,medium,50,5.0,False
2185,T-000081,A-19b2c8,28-11-2023,29-11-2023 00:00,24,medium,29,5.0,False
2189,T-000084,A-1619f8,16-02-2023,18-02-2023 11:00,59,low,2,5.0,False
2191,T-000086,A-cd458b,28-03-2024,30-03-2024 02:00,50,urgent,39,5.0,False
2194,T-000089,A-d5a319,17-09-2024,17-09-2024 17:00,17,low,132,4.0,True
2198,T-00008b,A-3b37d9,29-03-2023,29-03-2023 16:00,16,urgent,103,4.0,False
